{"classname":null,"name":null,"animation":{"classname":null,"name":"AnimationManager","actionlist":[]},"dataScale":1,"designHeight":491,"designWidth":963,"textures":[],"texturesPng":["cwxzbj01-4.png","cka001-21-1-1.png","cka001-22-1.png","cka001-23.png","cka001-24.png","zsgzksko001.png","zsgzksko01.png","daxx01.png","baozi01.png","sdk2.png","zsgzdxzyx04-1.png","zsgzdxzyx04.png","cka001-21-1-2.png","yun0.png","zs008.png","zs0011.png","yxsxann02.png","yxsxann02-1.png","grensx0011-4.png","grensx0011-1.png","grensx0011-2.png","grensx0011-3.png","yxsxann02.png","yxsxann02-1.png","hyyjn4.png","zs0012.png","hyyjn2.png","zs0013.png","hyyjn1.png","hyyjn3.png","zs008.png","cwxzbj01-4.png","hk01.png","next01.png","hk02.png","hk03.png","hk01-2.png","hk01-1.png","jy01-1.png","jy01-2.png","zsgzdxzyx04-1.png","zsgzdxzyx04.png","cwxzbj01-4.png","zsgzdxzyx04-1.png","zsgzdxzyx04.png","zs0014-3.png","zs008.png","zs003.png","zs005.png","zs004.png","zs0014.png","zs0014-2.png","zs0014-1.png","yun0.png","jh1.png","jh2.png","zduix-1.png","jy01-2-0.png","jy01-2-1.png","cwxzbj01-4.png","sl01_2.png","sl01.png","sl01_3.png","cka001-23.png","cka001-24.png","zsgzksko001.png","zsgzksko01.png","sl01_4.png","sl01_5.png","zb05.png","zs005-1.png","rwxt01.png","rwxt03_1.png","zb01.png","zb04.png","zb02.png","zb03.png","bjguang.png","cka001-21-1-2.png","cka001-21-1-1.png","cwxzbj01-4.png","sb01_1.png","sb01_2.png","tyonganiu01.png","tyonganiu00-1.png","zsgzdxzyx04-1.png","zsgzdxzyx04.png","bl01.png","jia000.png","jia02-1.png","baozi01.png","jia00.png","jb01.png","zs01.png","hk07-1.png","hk07.png","cz01.png","jd01.png","txshux01.png","txshux02.png","txshux00.png","txshux03.png","cwxzbj01-4.png","cka001-21-1-1.png","cka001.png","cka001-19.png","cka001-14.png","zs008.png","grensx0011-4.png","zs01.png","cka001-8.png","sl01_1.png","yxtxxiaoq.png","zs005-1.png","zhili01.png","cka001-11.png","cka001-12.png","jb01.png","cka001-2.png","cka001-18.png","cka001-13.png","cka001-7.png","cka001-22-1.png","yun0.png","zduix-3.png","zsgzdxzyx04-1.png","zsgzdxzyx04.png","cka001-15.png","cka001-16.png","cka001-17.png","cka001-21-1-2.png","cka001-21.png","cka001-22.png","cka001-2.png","cka001-23.png","cka001-24.png","cka001-25.png","jb01.png","cka001-21.png","cka001-22.png","cka001-7.png","cka001-23.png","cka001-24.png","cka001-25.png","zs01.png","cka001-21.png","cka001-22.png","cka001-8.png","cka001-23.png","cka001-24.png","cka001-25.png","zs01.png","yxtxxiaoq.png","zs005-1.png","zhili01.png","cwxzbj01-4.png","XG01.png","XZXX01-1.png","xiaoq-1.png","lv.png","XZXX01.png","XZ0-12.png","bjguang.png","XZ0-13.png","XZ0-14.png","XZ0-15.png","hudie24.png","shui001.png","cwxzbj01-5.png","zs003.png","zs008.png","zs009.png","zs010.png","zb04.png","zb01.png","zb03.png","zb02.png","zb05.png","yxsxann02.png","yxsxann02-1.png","grensx0011-1.png","cwxzbj01-4.png","XZXX01-1.png","xiaoq-1.png","lv.png","zs007.png","zs006.png","XG01.png","cwxzbj01-5.png","zhili01.png","zs001.png","zs002.png","XZXX01.png","yxsxann00.png","yxsxann01.png","yxsxann02.png","yxsxann02-1.png","grensx0011-5.png","zduix-2.png","zsgzdxzyx04-1.png","zsgzdxzyx04.png","hk01-4.png","hk01-3.png","hk05.png","hk001.png","hk001_1.png","hk002.png","hk002_1.png","hk003.png","hk003_1.png","hk004.png","hk004-1.png","hk005.png","hk005_1.png","hk006.png","hk006_1.png","hk007.png","hk007_1.png"],"version":"1.6.0.0","widgetTree":{"classname":"Panel","name":null,"children":[{"classname":"ImageView","name":null,"children":[{"classname":"Button","name":null,"children":[],"options":{"__type":"ButtonSurrogate:#EditorCommon.JsonModel.Component.GUI","classname":"Button","name":"level_01_1","ZOrder":1,"actiontag":39,"anchorPointX":0.5,"anchorPointY":0.5,"classType":"CocoStudio.EngineAdapterWrap.CSButton","colorB":255,"colorG":255,"colorR":255,"customProperty":"","flipX":false,"flipY":false,"height":67,"ignoreSize":true,"layoutParameter":null,"opacity":255,"positionPercentX":-0.28058362,"positionPercentY":-0.351409972,"positionType":0,"rotation":0,"scaleX":1,"scaleY":1,"sizePercentX":0.08305275,"sizePercentY":0.145336226,"sizeType":0,"tag":1,"touchAble":true,"useMergedTexture":false,"visible":true,"width":74,"x":-250,"y":-162,"capInsetsHeight":1,"capInsetsWidth":1,"capInsetsX":0,"capInsetsY":0,"disabled":null,"disabledData":{"path":null,"plistFile":null,"resourceType":0},"fontName":"微软雅黑","fontSize":14,"fontType":0,"normal":null,"normalData":{"path":"hk05.png","plistFile":"","resourceType":0},"pressed":null,"pressedData":{"path":"hk05.png","plistFile":"","resourceType":0},"scale9Enable":false,"scale9Height":67,"scale9Width":74,"text":"","textColorB":255,"textColorG":255,"textColorR":255}},{"classname":"Button","name":null,"children":[],"options":{"__type":"ButtonSurrogate:#EditorCommon.JsonModel.Component.GUI","classname":"Button","name":"level_01_2","ZOrder":1,"actiontag":41,"anchorPointX":0.5,"anchorPointY":0.5,"classType":"CocoStudio.EngineAdapterWrap.CSButton","colorB":255,"colorG":255,"colorR":255,"customProperty":"","flipX":false,"flipY":false,"height":67,"ignoreSize":true,"layoutParameter":null,"opacity":255,"positionPercentX":-0.3479237,"positionPercentY":-0.268980473,"positionType":0,"rotation":0,"scaleX":1,"scaleY":1,"sizePercentX":0.08305275,"sizePercentY":0.145336226,"sizeType":0,"tag":2,"touchAble":true,"useMergedTexture":false,"visible":true,"width":74,"x":-310,"y":-124,"capInsetsHeight":1,"capInsetsWidth":1,"capInsetsX":0,"capInsetsY":0,"disabled":null,"disabledData":{"path":null,"plistFile":null,"resourceType":0},"fontName":"微软雅黑","fontSize":14,"fontType":0,"normal":null,"normalData":{"path":"hk05.png","plistFile":"","resourceType":0},"pressed":null,"pressedData":{"path":"hk05.png","plistFile":"","resourceType":0},"scale9Enable":false,"scale9Height":67,"scale9Width":74,"text":"","textColorB":255,"textColorG":255,"textColorR":255}},{"classname":"Button","name":null,"children":[],"options":{"__type":"ButtonSurrogate:#EditorCommon.JsonModel.Component.GUI","classname":"Button","name":"level_01_3","ZOrder":0,"actiontag":45,"anchorPointX":0.5,"anchorPointY":0.5,"classType":"CocoStudio.EngineAdapterWrap.CSButton","colorB":255,"colorG":255,"colorR":255,"customProperty":"","flipX":false,"flipY":false,"height":186,"ignoreSize":true,"layoutParameter":null,"opacity":255,"positionPercentX":-0.379349053,"positionPercentY":-0.0455531441,"positionType":0,"rotation":0,"scaleX":1,"scaleY":1,"sizePercentX":0.235690236,"sizePercentY":0.403470725,"sizeType":0,"tag":3,"touchAble":true,"useMergedTexture":false,"visible":true,"width":210,"x":-338,"y":-21,"capInsetsHeight":1,"capInsetsWidth":1,"capInsetsX":0,"capInsetsY":0,"disabled":null,"disabledData":{"path":"hk001_1.png","plistFile":"","resourceType":0},"fontName":"微软雅黑","fontSize":14,"fontType":0,"normal":null,"normalData":{"path":"hk001.png","plistFile":"","resourceType":0},"pressed":null,"pressedData":{"path":"hk001.png","plistFile":"","resourceType":0},"scale9Enable":false,"scale9Height":186,"scale9Width":210,"text":"","textColorB":255,"textColorG":255,"textColorR":255}},{"classname":"Button","name":null,"children":[],"options":{"__type":"ButtonSurrogate:#EditorCommon.JsonModel.Component.GUI","classname":"Button","name":"level_01_4","ZOrder":1,"actiontag":46,"anchorPointX":0.5,"anchorPointY":0.5,"classType":"CocoStudio.EngineAdapterWrap.CSButton","colorB":255,"colorG":255,"colorR":255,"customProperty":"","flipX":false,"flipY":false,"height":67,"ignoreSize":true,"layoutParameter":null,"opacity":255,"positionPercentX":-0.3838384,"positionPercentY":0.186550975,"positionType":0,"rotation":0,"scaleX":1,"scaleY":1,"sizePercentX":0.08305275,"sizePercentY":0.145336226,"sizeType":0,"tag":4,"touchAble":true,"useMergedTexture":false,"visible":true,"width":74,"x":-342,"y":86,"capInsetsHeight":1,"capInsetsWidth":1,"capInsetsX":0,"capInsetsY":0,"disabled":null,"disabledData":{"path":null,"plistFile":null,"resourceType":0},"fontName":"微软雅黑","fontSize":14,"fontType":0,"normal":null,"normalData":{"path":"hk05.png","plistFile":"","resourceType":0},"pressed":null,"pressedData":{"path":"hk05.png","plistFile":"","resourceType":0},"scale9Enable":false,"scale9Height":67,"scale9Width":74,"text":"","textColorB":255,"textColorG":255,"textColorR":255}},{"classname":"Button","name":null,"children":[],"options":{"__type":"ButtonSurrogate:#EditorCommon.JsonModel.Component.GUI","classname":"Button","name":"level_01_5","ZOrder":1,"actiontag":49,"anchorPointX":0.5,"anchorPointY":0.5,"classType":"CocoStudio.EngineAdapterWrap.CSButton","colorB":255,"colorG":255,"colorR":255,"customProperty":"","flipX":false,"flipY":false,"height":67,"ignoreSize":true,"layoutParameter":null,"opacity":255,"positionPercentX":-0.338945,"positionPercentY":0.299349248,"positionType":0,"rotation":0,"scaleX":1,"scaleY":1,"sizePercentX":0.08305275,"sizePercentY":0.145336226,"sizeType":0,"tag":5,"touchAble":true,"useMergedTexture":false,"visible":true,"width":74,"x":-302,"y":138,"capInsetsHeight":1,"capInsetsWidth":1,"capInsetsX":0,"capInsetsY":0,"disabled":null,"disabledData":{"path":null,"plistFile":null,"resourceType":0},"fontName":"微软雅黑","fontSize":14,"fontType":0,"normal":null,"normalData":{"path":"hk05.png","plistFile":"","resourceType":0},"pressed":null,"pressedData":{"path":"hk05.png","plistFile":"","resourceType":0},"scale9Enable":false,"scale9Height":67,"scale9Width":74,"text":"","textColorB":255,"textColorG":255,"textColorR":255}},{"classname":"Button","name":null,"children":[],"options":{"__type":"ButtonSurrogate:#EditorCommon.JsonModel.Component.GUI","classname":"Button","name":"level_01_9","ZOrder":0,"actiontag":51,"anchorPointX":0.5,"anchorPointY":0.5,"classType":"CocoStudio.EngineAdapterWrap.CSButton","colorB":255,"colorG":255,"colorR":255,"customProperty":"","flipX":false,"flipY":false,"height":112,"ignoreSize":true,"layoutParameter":null,"opacity":255,"positionPercentX":0.113355778,"positionPercentY":0.292841643,"positionType":0,"rotation":0,"scaleX":1,"scaleY":1,"sizePercentX":0.18742986,"sizePercentY":0.242950112,"sizeType":0,"tag":6,"touchAble":true,"useMergedTexture":false,"visible":true,"width":167,"x":101,"y":135,"capInsetsHeight":1,"capInsetsWidth":1,"capInsetsX":0,"capInsetsY":0,"disabled":null,"disabledData":{"path":"hk002_1.png","plistFile":"","resourceType":0},"fontName":"微软雅黑","fontSize":14,"fontType":0,"normal":null,"normalData":{"path":"hk002.png","plistFile":"","resourceType":0},"pressed":null,"pressedData":{"path":"hk002.png","plistFile":"","resourceType":0},"scale9Enable":false,"scale9Height":112,"scale9Width":167,"text":"","textColorB":255,"textColorG":255,"textColorR":255}},{"classname":"Button","name":null,"children":[],"options":{"__type":"ButtonSurrogate:#EditorCommon.JsonModel.Component.GUI","classname":"Button","name":"level_01_7","ZOrder":1,"actiontag":53,"anchorPointX":0.5,"anchorPointY":0.5,"classType":"CocoStudio.EngineAdapterWrap.CSButton","colorB":255,"colorG":255,"colorR":255,"customProperty":"","flipX":false,"flipY":false,"height":67,"ignoreSize":true,"layoutParameter":null,"opacity":255,"positionPercentX":-0.09427609,"positionPercentY":0.292841643,"positionType":0,"rotation":0,"scaleX":1,"scaleY":1,"sizePercentX":0.08305275,"sizePercentY":0.145336226,"sizeType":0,"tag":7,"touchAble":true,"useMergedTexture":false,"visible":true,"width":74,"x":-84,"y":135,"capInsetsHeight":1,"capInsetsWidth":1,"capInsetsX":0,"capInsetsY":0,"disabled":null,"disabledData":{"path":null,"plistFile":null,"resourceType":0},"fontName":"微软雅黑","fontSize":14,"fontType":0,"normal":null,"normalData":{"path":"hk05.png","plistFile":"","resourceType":0},"pressed":null,"pressedData":{"path":"hk05.png","plistFile":"","resourceType":0},"scale9Enable":false,"scale9Height":67,"scale9Width":74,"text":"","textColorB":255,"textColorG":255,"textColorR":255}},{"classname":"Button","name":null,"children":[],"options":{"__type":"ButtonSurrogate:#EditorCommon.JsonModel.Component.GUI","classname":"Button","name":"level_01_8","ZOrder":1,"actiontag":55,"anchorPointX":0.5,"anchorPointY":0.5,"classType":"CocoStudio.EngineAdapterWrap.CSButton","colorB":255,"colorG":255,"colorR":255,"customProperty":"","flipX":false,"flipY":false,"height":67,"ignoreSize":true,"layoutParameter":null,"opacity":255,"positionPercentX":-0.0145903481,"positionPercentY":0.323210418,"positionType":0,"rotation":0,"scaleX":1,"scaleY":1,"sizePercentX":0.08305275,"sizePercentY":0.145336226,"sizeType":0,"tag":8,"touchAble":true,"useMergedTexture":false,"visible":true,"width":74,"x":-13,"y":149,"capInsetsHeight":1,"capInsetsWidth":1,"capInsetsX":0,"capInsetsY":0,"disabled":null,"disabledData":{"path":null,"plistFile":null,"resourceType":0},"fontName":"微软雅黑","fontSize":14,"fontType":0,"normal":null,"normalData":{"path":"hk05.png","plistFile":"","resourceType":0},"pressed":null,"pressedData":{"path":"hk05.png","plistFile":"","resourceType":0},"scale9Enable":false,"scale9Height":67,"scale9Width":74,"text":"","textColorB":255,"textColorG":255,"textColorR":255}},{"classname":"Button","name":null,"children":[],"options":{"__type":"ButtonSurrogate:#EditorCommon.JsonModel.Component.GUI","classname":"Button","name":"level_01_6","ZOrder":1,"actiontag":58,"anchorPointX":0.5,"anchorPointY":0.5,"classType":"CocoStudio.EngineAdapterWrap.CSButton","colorB":255,"colorG":255,"colorR":255,"customProperty":"","flipX":false,"flipY":false,"height":146,"ignoreSize":true,"layoutParameter":null,"opacity":255,"positionPercentX":-0.216610551,"positionPercentY":0.275488079,"positionType":0,"rotation":0,"scaleX":1,"scaleY":1,"sizePercentX":0.18742986,"sizePercentY":0.3167028,"sizeType":0,"tag":9,"touchAble":true,"useMergedTexture":false,"visible":true,"width":167,"x":-193,"y":127,"capInsetsHeight":1,"capInsetsWidth":1,"capInsetsX":0,"capInsetsY":0,"disabled":null,"disabledData":{"path":"hk003_1.png","plistFile":"","resourceType":0},"fontName":"微软雅黑","fontSize":14,"fontType":0,"normal":null,"normalData":{"path":"hk003.png","plistFile":"","resourceType":0},"pressed":null,"pressedData":{"path":"hk003.png","plistFile":"","resourceType":0},"scale9Enable":false,"scale9Height":146,"scale9Width":167,"text":"","textColorB":255,"textColorG":255,"textColorR":255}},{"classname":"Button","name":null,"children":[],"options":{"__type":"ButtonSurrogate:#EditorCommon.JsonModel.Component.GUI","classname":"Button","name":"level_01_10","ZOrder":1,"actiontag":62,"anchorPointX":0.5,"anchorPointY":0.5,"classType":"CocoStudio.EngineAdapterWrap.CSButton","colorB":255,"colorG":255,"colorR":255,"customProperty":"","flipX":false,"flipY":false,"height":67,"ignoreSize":true,"layoutParameter":null,"opacity":255,"positionPercentX":0.294051617,"positionPercentY":0.4164859,"positionType":0,"rotation":0,"scaleX":1,"scaleY":1,"sizePercentX":0.08305275,"sizePercentY":0.145336226,"sizeType":0,"tag":10,"touchAble":true,"useMergedTexture":false,"visible":true,"width":74,"x":262,"y":192,"capInsetsHeight":1,"capInsetsWidth":1,"capInsetsX":0,"capInsetsY":0,"disabled":null,"disabledData":{"path":null,"plistFile":null,"resourceType":0},"fontName":"微软雅黑","fontSize":14,"fontType":0,"normal":null,"normalData":{"path":"hk05.png","plistFile":"","resourceType":0},"pressed":null,"pressedData":{"path":"hk05.png","plistFile":"","resourceType":0},"scale9Enable":false,"scale9Height":67,"scale9Width":74,"text":"","textColorB":255,"textColorG":255,"textColorR":255}},{"classname":"Button","name":null,"children":[],"options":{"__type":"ButtonSurrogate:#EditorCommon.JsonModel.Component.GUI","classname":"Button","name":"level_01_11","ZOrder":1,"actiontag":65,"anchorPointX":0.5,"anchorPointY":0.5,"classType":"CocoStudio.EngineAdapterWrap.CSButton","colorB":255,"colorG":255,"colorR":255,"customProperty":"","flipX":false,"flipY":false,"height":67,"ignoreSize":true,"layoutParameter":null,"opacity":255,"positionPercentX":0.379349053,"positionPercentY":0.275488079,"positionType":0,"rotation":0,"scaleX":1,"scaleY":1,"sizePercentX":0.08305275,"sizePercentY":0.145336226,"sizeType":0,"tag":11,"touchAble":true,"useMergedTexture":false,"visible":true,"width":74,"x":338,"y":127,"capInsetsHeight":1,"capInsetsWidth":1,"capInsetsX":0,"capInsetsY":0,"disabled":null,"disabledData":{"path":null,"plistFile":null,"resourceType":0},"fontName":"微软雅黑","fontSize":14,"fontType":0,"normal":null,"normalData":{"path":"hk05.png","plistFile":"","resourceType":0},"pressed":null,"pressedData":{"path":"hk05.png","plistFile":"","resourceType":0},"scale9Enable":false,"scale9Height":67,"scale9Width":74,"text":"","textColorB":255,"textColorG":255,"textColorR":255}},{"classname":"Button","name":null,"children":[],"options":{"__type":"ButtonSurrogate:#EditorCommon.JsonModel.Component.GUI","classname":"Button","name":"level_01_12","ZOrder":1,"actiontag":66,"anchorPointX":0.5,"anchorPointY":0.5,"classType":"CocoStudio.EngineAdapterWrap.CSButton","colorB":255,"colorG":255,"colorR":255,"customProperty":"","flipX":false,"flipY":false,"height":145,"ignoreSize":true,"layoutParameter":null,"opacity":255,"positionPercentX":0.288439959,"positionPercentY":0.136659443,"positionType":0,"rotation":0,"scaleX":1,"scaleY":1,"sizePercentX":0.18742986,"sizePercentY":0.314533621,"sizeType":0,"tag":12,"touchAble":true,"useMergedTexture":false,"visible":true,"width":167,"x":257,"y":63,"capInsetsHeight":1,"capInsetsWidth":1,"capInsetsX":0,"capInsetsY":0,"disabled":null,"disabledData":{"path":"hk004-1.png","plistFile":"","resourceType":0},"fontName":"微软雅黑","fontSize":14,"fontType":0,"normal":null,"normalData":{"path":"hk004.png","plistFile":"","resourceType":0},"pressed":null,"pressedData":{"path":"hk004.png","plistFile":"","resourceType":0},"scale9Enable":false,"scale9Height":145,"scale9Width":167,"text":"","textColorB":255,"textColorG":255,"textColorR":255}},{"classname":"Button","name":null,"children":[],"options":{"__type":"ButtonSurrogate:#EditorCommon.JsonModel.Component.GUI","classname":"Button","name":"level_01_13","ZOrder":1,"actiontag":67,"anchorPointX":0.5,"anchorPointY":0.5,"classType":"CocoStudio.EngineAdapterWrap.CSButton","colorB":255,"colorG":255,"colorR":255,"customProperty":"","flipX":false,"flipY":false,"height":67,"ignoreSize":true,"layoutParameter":null,"opacity":255,"positionPercentX":0.103254773,"positionPercentY":0.0477223434,"positionType":0,"rotation":0,"scaleX":1,"scaleY":1,"sizePercentX":0.08305275,"sizePercentY":0.145336226,"sizeType":0,"tag":13,"touchAble":true,"useMergedTexture":false,"visible":true,"width":74,"x":92,"y":22,"capInsetsHeight":1,"capInsetsWidth":1,"capInsetsX":0,"capInsetsY":0,"disabled":null,"disabledData":{"path":null,"plistFile":null,"resourceType":0},"fontName":"微软雅黑","fontSize":14,"fontType":0,"normal":null,"normalData":{"path":"hk05.png","plistFile":"","resourceType":0},"pressed":null,"pressedData":{"path":"hk05.png","plistFile":"","resourceType":0},"scale9Enable":false,"scale9Height":67,"scale9Width":74,"text":"","textColorB":255,"textColorG":255,"textColorR":255}},{"classname":"Button","name":null,"children":[],"options":{"__type":"ButtonSurrogate:#EditorCommon.JsonModel.Component.GUI","classname":"Button","name":"level_01_14","ZOrder":1,"actiontag":68,"anchorPointX":0.5,"anchorPointY":0.5,"classType":"CocoStudio.EngineAdapterWrap.CSButton","colorB":255,"colorG":255,"colorR":255,"customProperty":"","flipX":false,"flipY":false,"height":67,"ignoreSize":true,"layoutParameter":null,"opacity":255,"positionPercentX":0.0291806962,"positionPercentY":-0.02603037,"positionType":0,"rotation":0,"scaleX":1,"scaleY":1,"sizePercentX":0.08305275,"sizePercentY":0.145336226,"sizeType":0,"tag":14,"touchAble":true,"useMergedTexture":false,"visible":true,"width":74,"x":26,"y":-12,"capInsetsHeight":1,"capInsetsWidth":1,"capInsetsX":0,"capInsetsY":0,"disabled":null,"disabledData":{"path":null,"plistFile":null,"resourceType":0},"fontName":"微软雅黑","fontSize":14,"fontType":0,"normal":null,"normalData":{"path":"hk05.png","plistFile":"","resourceType":0},"pressed":null,"pressedData":{"path":"hk05.png","plistFile":"","resourceType":0},"scale9Enable":false,"scale9Height":67,"scale9Width":74,"text":"","textColorB":255,"textColorG":255,"textColorR":255}},{"classname":"Button","name":null,"children":[],"options":{"__type":"ButtonSurrogate:#EditorCommon.JsonModel.Component.GUI","classname":"Button","name":"level_01_15","ZOrder":1,"actiontag":69,"anchorPointX":0.5,"anchorPointY":0.5,"classType":"CocoStudio.EngineAdapterWrap.CSButton","colorB":255,"colorG":255,"colorR":255,"customProperty":"","flipX":false,"flipY":false,"height":112,"ignoreSize":true,"layoutParameter":null,"opacity":255,"positionPercentX":0.388327718,"positionPercentY":-0.223427325,"positionType":0,"rotation":0,"scaleX":1,"scaleY":1,"sizePercentX":0.18742986,"sizePercentY":0.242950112,"sizeType":0,"tag":15,"touchAble":true,"useMergedTexture":false,"visible":true,"width":167,"x":346,"y":-103,"capInsetsHeight":1,"capInsetsWidth":1,"capInsetsX":0,"capInsetsY":0,"disabled":null,"disabledData":{"path":"hk005_1.png","plistFile":"","resourceType":0},"fontName":"微软雅黑","fontSize":14,"fontType":0,"normal":null,"normalData":{"path":"hk005.png","plistFile":"","resourceType":0},"pressed":null,"pressedData":{"path":"hk005.png","plistFile":"","resourceType":0},"scale9Enable":false,"scale9Height":112,"scale9Width":167,"text":"","textColorB":255,"textColorG":255,"textColorR":255}},{"classname":"Button","name":null,"children":[],"options":{"__type":"ButtonSurrogate:#EditorCommon.JsonModel.Component.GUI","classname":"Button","name":"level_01_16","ZOrder":1,"actiontag":70,"anchorPointX":0.5,"anchorPointY":0.5,"classType":"CocoStudio.EngineAdapterWrap.CSButton","colorB":255,"colorG":255,"colorR":255,"customProperty":"","flipX":false,"flipY":false,"height":67,"ignoreSize":true,"layoutParameter":null,"opacity":255,"positionPercentX":0.260381579,"positionPercentY":-0.284164846,"positionType":0,"rotation":0,"scaleX":1,"scaleY":1,"sizePercentX":0.08305275,"sizePercentY":0.145336226,"sizeType":0,"tag":16,"touchAble":true,"useMergedTexture":false,"visible":true,"width":74,"x":232,"y":-131,"capInsetsHeight":1,"capInsetsWidth":1,"capInsetsX":0,"capInsetsY":0,"disabled":null,"disabledData":{"path":null,"plistFile":null,"resourceType":0},"fontName":"微软雅黑","fontSize":14,"fontType":0,"normal":null,"normalData":{"path":"hk05.png","plistFile":"","resourceType":0},"pressed":null,"pressedData":{"path":"hk05.png","plistFile":"","resourceType":0},"scale9Enable":false,"scale9Height":67,"scale9Width":74,"text":"","textColorB":255,"textColorG":255,"textColorR":255}},{"classname":"Button","name":null,"children":[],"options":{"__type":"ButtonSurrogate:#EditorCommon.JsonModel.Component.GUI","classname":"Button","name":"level_01_17","ZOrder":0,"actiontag":71,"anchorPointX":0.5,"anchorPointY":0.5,"classType":"CocoStudio.EngineAdapterWrap.CSButton","colorB":255,"colorG":255,"colorR":255,"customProperty":"","flipX":false,"flipY":false,"height":67,"ignoreSize":true,"layoutParameter":null,"opacity":255,"positionPercentX":0.184062853,"positionPercentY":-0.214750543,"positionType":0,"rotation":0,"scaleX":1,"scaleY":1,"sizePercentX":0.08305275,"sizePercentY":0.145336226,"sizeType":0,"tag":17,"touchAble":true,"useMergedTexture":false,"visible":true,"width":74,"x":164,"y":-99,"capInsetsHeight":1,"capInsetsWidth":1,"capInsetsX":0,"capInsetsY":0,"disabled":null,"disabledData":{"path":null,"plistFile":null,"resourceType":0},"fontName":"微软雅黑","fontSize":14,"fontType":0,"normal":null,"normalData":{"path":"hk05.png","plistFile":"","resourceType":0},"pressed":null,"pressedData":{"path":"hk05.png","plistFile":"","resourceType":0},"scale9Enable":false,"scale9Height":67,"scale9Width":74,"text":"","textColorB":255,"textColorG":255,"textColorR":255}},{"classname":"Button","name":null,"children":[],"options":{"__type":"ButtonSurrogate:#EditorCommon.JsonModel.Component.GUI","classname":"Button","name":"level_01_18","ZOrder":0,"actiontag":72,"anchorPointX":0.5,"anchorPointY":0.5,"classType":"CocoStudio.EngineAdapterWrap.CSButton","colorB":255,"colorG":255,"colorR":255,"customProperty":"","flipX":false,"flipY":false,"height":139,"ignoreSize":true,"layoutParameter":null,"opacity":255,"positionPercentX":-0.08978675,"positionPercentY":-0.03253796,"positionType":0,"rotation":0,"scaleX":1,"scaleY":1,"sizePercentX":0.18742986,"sizePercentY":0.30151844,"sizeType":0,"tag":18,"touchAble":true,"useMergedTexture":false,"visible":true,"width":167,"x":-80,"y":-15,"capInsetsHeight":1,"capInsetsWidth":1,"capInsetsX":0,"capInsetsY":0,"disabled":null,"disabledData":{"path":"hk006_1.png","plistFile":"","resourceType":0},"fontName":"微软雅黑","fontSize":14,"fontType":0,"normal":null,"normalData":{"path":"hk006.png","plistFile":"","resourceType":0},"pressed":null,"pressedData":{"path":"hk006.png","plistFile":"","resourceType":0},"scale9Enable":false,"scale9Height":139,"scale9Width":167,"text":"","textColorB":255,"textColorG":255,"textColorR":255}},{"classname":"Button","name":null,"children":[],"options":{"__type":"ButtonSurrogate:#EditorCommon.JsonModel.Component.GUI","classname":"Button","name":"level_01_19","ZOrder":1,"actiontag":73,"anchorPointX":0.5,"anchorPointY":0.5,"classType":"CocoStudio.EngineAdapterWrap.CSButton","colorB":255,"colorG":255,"colorR":255,"customProperty":"","flipX":false,"flipY":false,"height":67,"ignoreSize":true,"layoutParameter":null,"opacity":255,"positionPercentX":-0.199775532,"positionPercentY":-0.2516269,"positionType":0,"rotation":0,"scaleX":1,"scaleY":1,"sizePercentX":0.08305275,"sizePercentY":0.145336226,"sizeType":0,"tag":19,"touchAble":true,"useMergedTexture":false,"visible":true,"width":74,"x":-178,"y":-116,"capInsetsHeight":1,"capInsetsWidth":1,"capInsetsX":0,"capInsetsY":0,"disabled":null,"disabledData":{"path":null,"plistFile":null,"resourceType":0},"fontName":"微软雅黑","fontSize":14,"fontType":0,"normal":null,"normalData":{"path":"hk05.png","plistFile":"","resourceType":0},"pressed":null,"pressedData":{"path":"hk05.png","plistFile":"","resourceType":0},"scale9Enable":false,"scale9Height":67,"scale9Width":74,"text":"","textColorB":255,"textColorG":255,"textColorR":255}},{"classname":"Button","name":null,"children":[],"options":{"__type":"ButtonSurrogate:#EditorCommon.JsonModel.Component.GUI","classname":"Button","name":"level_01_20","ZOrder":1,"actiontag":74,"anchorPointX":0.5,"anchorPointY":0.5,"classType":"CocoStudio.EngineAdapterWrap.CSButton","colorB":255,"colorG":255,"colorR":255,"customProperty":"","flipX":false,"flipY":false,"height":67,"ignoreSize":true,"layoutParameter":null,"opacity":255,"positionPercentX":-0.09652077,"positionPercentY":-0.3167028,"positionType":0,"rotation":0,"scaleX":1,"scaleY":1,"sizePercentX":0.08305275,"sizePercentY":0.145336226,"sizeType":0,"tag":20,"touchAble":true,"useMergedTexture":false,"visible":true,"width":74,"x":-86,"y":-146,"capInsetsHeight":1,"capInsetsWidth":1,"capInsetsX":0,"capInsetsY":0,"disabled":null,"disabledData":{"path":null,"plistFile":null,"resourceType":0},"fontName":"微软雅黑","fontSize":14,"fontType":0,"normal":null,"normalData":{"path":"hk05.png","plistFile":"","resourceType":0},"pressed":null,"pressedData":{"path":"hk05.png","plistFile":"","resourceType":0},"scale9Enable":false,"scale9Height":67,"scale9Width":74,"text":"","textColorB":255,"textColorG":255,"textColorR":255}},{"classname":"Button","name":null,"children":[],"options":{"__type":"ButtonSurrogate:#EditorCommon.JsonModel.Component.GUI","classname":"Button","name":"level_01_21","ZOrder":1,"actiontag":75,"anchorPointX":0.5,"anchorPointY":0.5,"classType":"CocoStudio.EngineAdapterWrap.CSButton","colorB":255,"colorG":255,"colorR":255,"customProperty":"","flipX":false,"flipY":false,"height":117,"ignoreSize":true,"layoutParameter":null,"opacity":255,"positionPercentX":0.0684624,"positionPercentY":-0.284164846,"positionType":0,"rotation":0,"scaleX":1,"scaleY":1,"sizePercentX":0.18742986,"sizePercentY":0.2537961,"sizeType":0,"tag":21,"touchAble":true,"useMergedTexture":false,"visible":true,"width":167,"x":61,"y":-131,"capInsetsHeight":1,"capInsetsWidth":1,"capInsetsX":0,"capInsetsY":0,"disabled":null,"disabledData":{"path":"hk007_1.png","plistFile":"","resourceType":0},"fontName":"微软雅黑","fontSize":14,"fontType":0,"normal":null,"normalData":{"path":"hk007.png","plistFile":"","resourceType":0},"pressed":null,"pressedData":{"path":"hk007.png","plistFile":"","resourceType":0},"scale9Enable":false,"scale9Height":117,"scale9Width":167,"text":"","textColorB":255,"textColorG":255,"textColorR":255}}],"options":{"__type":"ImageViewSurrogate:#EditorCommon.JsonModel.Component.GUI","classname":"ImageView","name":"path","ZOrder":1,"actiontag":1,"anchorPointX":0.5,"anchorPointY":0.5,"classType":"CocoStudio.EngineAdapterWrap.CSImageView","colorB":255,"colorG":255,"colorR":255,"customProperty":"","flipX":false,"flipY":false,"height":461,"ignoreSize":true,"layoutParameter":null,"opacity":255,"positionPercentX":0.499480784,"positionPercentY":0.464358449,"positionType":0,"rotation":0,"scaleX":1,"scaleY":1,"sizePercentX":0.925233662,"sizePercentY":0.938900232,"sizeType":0,"tag":138,"touchAble":false,"useMergedTexture":false,"visible":true,"width":891,"x":481,"y":228,"capInsetsHeight":1,"capInsetsWidth":1,"capInsetsX":0,"capInsetsY":0,"fileName":null,"fileNameData":{"path":"hk01-3.png","plistFile":"","resourceType":0},"scale9Enable":false,"scale9Height":461,"scale9Width":891}}],"options":{"__type":"PanelSurrogate:#EditorCommon.JsonModel.Component.GUI","classname":"Panel","name":"root_panel","ZOrder":0,"actiontag":-1,"anchorPointX":0,"anchorPointY":0,"classType":"CocoStudio.EngineAdapterWrap.CSPanel","colorB":255,"colorG":255,"colorR":255,"customProperty":"","flipX":false,"flipY":false,"height":491,"ignoreSize":false,"layoutParameter":null,"opacity":255,"positionPercentX":0,"positionPercentY":0,"positionType":0,"rotation":0,"scaleX":1,"scaleY":1,"sizePercentX":1,"sizePercentY":1,"sizeType":0,"tag":953,"touchAble":true,"useMergedTexture":false,"visible":true,"width":963,"x":0,"y":0,"adaptScreen":false,"backGroundImage":null,"backGroundImageData":{"path":"hk01-4.png","plistFile":"","resourceType":0},"backGroundScale9Enable":false,"bgColorB":255,"bgColorG":200,"bgColorOpacity":0,"bgColorR":150,"bgEndColorB":255,"bgEndColorG":200,"bgEndColorR":150,"bgStartColorB":255,"bgStartColorG":255,"bgStartColorR":255,"capInsetsHeight":1,"capInsetsWidth":1,"capInsetsX":0,"capInsetsY":0,"clipAble":false,"colorType":1,"layoutType":0,"vectorX":0,"vectorY":-0.5}}}