{"classname":null,"name":null,"animation":{"classname":null,"name":"AnimationManager","actionlist":[]},"dataScale":1,"designHeight":640,"designWidth":1136,"textures":[],"texturesPng":["cwxzbj01-4.png","cka001-21-1-1.png","cka001-22-1.png","cka001-23.png","cka001-24.png","zsgzksko001.png","zsgzksko01.png","daxx01.png","baozi01.png","sdk2.png","zsgzdxzyx04-1.png","zsgzdxzyx04.png","cka001-21-1-2.png","yun0.png","zs008.png","zs0011.png","yxsxann02.png","yxsxann02-1.png","grensx0011-4.png","grensx0011-1.png","grensx0011-2.png","grensx0011-3.png","yxsxann02.png","yxsxann02-1.png","hyyjn4.png","zs0012.png","hyyjn2.png","zs0013.png","hyyjn1.png","hyyjn3.png","zs008.png","cwxzbj01-4.png","hk01.png","next01.png","hk02.png","hk03.png","hk01-2.png","hk01-1.png","jy01-1.png","jy01-2.png","zsgzdxzyx04-1.png","zsgzdxzyx04.png"],"version":"1.6.0.0","widgetTree":{"classname":"Panel","name":null,"children":[{"classname":"ImageView","name":null,"children":[{"classname":"PageView","name":null,"children":[],"options":{"__type":"PageViewSurrogate:#EditorCommon.JsonModel.Component.GUI","classname":"PageView","name":"paget_view","ZOrder":0,"actiontag":30,"anchorPointX":0,"anchorPointY":0,"classType":"CocoStudio.EngineAdapterWrap.CSPageView","colorB":255,"colorG":255,"colorR":255,"customProperty":"","flipX":false,"flipY":false,"height":492,"ignoreSize":false,"layoutParameter":null,"opacity":255,"positionPercentX":-0.459847033,"positionPercentY":-0.438938051,"positionType":0,"rotation":0,"scaleX":1.00010824,"scaleY":1,"sizePercentX":0.914913952,"sizePercentY":0.870796442,"sizeType":0,"tag":7,"touchAble":true,"useMergedTexture":false,"visible":true,"width":957,"x":-481,"y":-248,"backGroundImage":null,"backGroundImageData":null,"backGroundScale9Enable":false,"bgColorB":100,"bgColorG":150,"bgColorOpacity":100,"bgColorR":150,"bgEndColorB":100,"bgEndColorG":150,"bgEndColorR":255,"bgStartColorB":255,"bgStartColorG":255,"bgStartColorR":255,"capInsetsHeight":1,"capInsetsWidth":1,"capInsetsX":0,"capInsetsY":0,"clipAble":true,"colorType":1,"editorClipAble":true,"vectorX":0,"vectorY":-0.5}},{"classname":"Button","name":null,"children":[],"options":{"__type":"ButtonSurrogate:#EditorCommon.JsonModel.Component.GUI","classname":"Button","name":"button_left","ZOrder":0,"actiontag":38,"anchorPointX":0.5,"anchorPointY":0.5,"classType":"CocoStudio.EngineAdapterWrap.CSButton","colorB":255,"colorG":255,"colorR":255,"customProperty":"","flipX":true,"flipY":false,"height":100,"ignoreSize":true,"layoutParameter":null,"opacity":255,"positionPercentX":-0.418738037,"positionPercentY":0.0123893805,"positionType":0,"rotation":0,"scaleX":0.7050006,"scaleY":0.908695757,"sizePercentX":0.1290631,"sizePercentY":0.17699115,"sizeType":0,"tag":11,"touchAble":true,"useMergedTexture":false,"visible":true,"width":135,"x":-438,"y":7,"capInsetsHeight":1,"capInsetsWidth":1,"capInsetsX":0,"capInsetsY":0,"disabled":null,"disabledData":{"path":null,"plistFile":null,"resourceType":0},"fontName":"微软雅黑","fontSize":14,"fontType":0,"normal":null,"normalData":{"path":"next01.png","plistFile":"","resourceType":0},"pressed":null,"pressedData":{"path":"next01.png","plistFile":"","resourceType":0},"scale9Enable":false,"scale9Height":100,"scale9Width":135,"text":"","textColorB":255,"textColorG":255,"textColorR":255}},{"classname":"ImageView","name":null,"children":[{"classname":"ImageView","name":null,"children":[],"options":{"__type":"ImageViewSurrogate:#EditorCommon.JsonModel.Component.GUI","classname":"ImageView","name":"title_label","ZOrder":0,"actiontag":42,"anchorPointX":0.5,"anchorPointY":0.5,"classType":"CocoStudio.EngineAdapterWrap.CSImageView","colorB":255,"colorG":255,"colorR":255,"customProperty":"","flipX":false,"flipY":false,"height":43,"ignoreSize":true,"layoutParameter":null,"opacity":255,"positionPercentX":0.00603621732,"positionPercentY":0.05050505,"positionType":0,"rotation":0,"scaleX":1,"scaleY":1,"sizePercentX":0.593561351,"sizePercentY":0.434343427,"sizeType":0,"tag":14,"touchAble":false,"useMergedTexture":false,"visible":true,"width":295,"x":3,"y":5,"capInsetsHeight":1,"capInsetsWidth":1,"capInsetsX":0,"capInsetsY":0,"fileName":null,"fileNameData":{"path":"hk03.png","plistFile":"","resourceType":0},"scale9Enable":false,"scale9Height":43,"scale9Width":295}}],"options":{"__type":"ImageViewSurrogate:#EditorCommon.JsonModel.Component.GUI","classname":"ImageView","name":"tittle","ZOrder":0,"actiontag":41,"anchorPointX":0.5,"anchorPointY":0.5,"classType":"CocoStudio.EngineAdapterWrap.CSImageView","colorB":255,"colorG":255,"colorR":255,"customProperty":"","flipX":false,"flipY":false,"height":99,"ignoreSize":true,"layoutParameter":null,"opacity":255,"positionPercentX":-0.214149132,"positionPercentY":0.470796466,"positionType":0,"rotation":0,"scaleX":1,"scaleY":1,"sizePercentX":0.4751434,"sizePercentY":0.175221235,"sizeType":0,"tag":13,"touchAble":false,"useMergedTexture":false,"visible":true,"width":497,"x":-224,"y":266,"capInsetsHeight":1,"capInsetsWidth":1,"capInsetsX":0,"capInsetsY":0,"fileName":null,"fileNameData":{"path":"hk02.png","plistFile":"","resourceType":0},"scale9Enable":false,"scale9Height":99,"scale9Width":497}},{"classname":"Button","name":null,"children":[],"options":{"__type":"ButtonSurrogate:#EditorCommon.JsonModel.Component.GUI","classname":"Button","name":"button_0","ZOrder":0,"actiontag":43,"anchorPointX":0.5,"anchorPointY":0.5,"classType":"CocoStudio.EngineAdapterWrap.CSButton","colorB":255,"colorG":255,"colorR":255,"customProperty":"","flipX":false,"flipY":false,"height":83,"ignoreSize":true,"layoutParameter":null,"opacity":255,"positionPercentX":0.143403441,"positionPercentY":0.4495575,"positionType":0,"rotation":0,"scaleX":1,"scaleY":1,"sizePercentX":0.201720849,"sizePercentY":0.146902651,"sizeType":0,"tag":15,"touchAble":true,"useMergedTexture":false,"visible":true,"width":211,"x":150,"y":254,"capInsetsHeight":1,"capInsetsWidth":1,"capInsetsX":0,"capInsetsY":0,"disabled":null,"disabledData":{"path":"hk01-1.png","plistFile":"","resourceType":0},"fontName":"微软雅黑","fontSize":14,"fontType":0,"normal":null,"normalData":{"path":"hk01-2.png","plistFile":"","resourceType":0},"pressed":null,"pressedData":{"path":"hk01-1.png","plistFile":"","resourceType":0},"scale9Enable":false,"scale9Height":83,"scale9Width":211,"text":"","textColorB":255,"textColorG":255,"textColorR":255}},{"classname":"Button","name":null,"children":[],"options":{"__type":"ButtonSurrogate:#EditorCommon.JsonModel.Component.GUI","classname":"Button","name":"button_1","ZOrder":0,"actiontag":44,"anchorPointX":0.5,"anchorPointY":0.5,"classType":"CocoStudio.EngineAdapterWrap.CSButton","colorB":255,"colorG":255,"colorR":255,"customProperty":"","flipX":false,"flipY":false,"height":83,"ignoreSize":true,"layoutParameter":null,"opacity":255,"positionPercentX":0.334608018,"positionPercentY":0.451327443,"positionType":0,"rotation":0,"scaleX":1,"scaleY":1,"sizePercentX":0.201720849,"sizePercentY":0.146902651,"sizeType":0,"tag":17,"touchAble":true,"useMergedTexture":false,"visible":true,"width":211,"x":350,"y":255,"capInsetsHeight":1,"capInsetsWidth":1,"capInsetsX":0,"capInsetsY":0,"disabled":null,"disabledData":{"path":"jy01-2.png","plistFile":"","resourceType":0},"fontName":"微软雅黑","fontSize":14,"fontType":0,"normal":null,"normalData":{"path":"jy01-1.png","plistFile":"","resourceType":0},"pressed":null,"pressedData":{"path":"jy01-2.png","plistFile":"","resourceType":0},"scale9Enable":false,"scale9Height":83,"scale9Width":211,"text":"","textColorB":255,"textColorG":255,"textColorR":255}},{"classname":"Button","name":null,"children":[],"options":{"__type":"ButtonSurrogate:#EditorCommon.JsonModel.Component.GUI","classname":"Button","name":"button_right","ZOrder":0,"actiontag":7,"anchorPointX":0.5,"anchorPointY":0.5,"classType":"CocoStudio.EngineAdapterWrap.CSButton","colorB":255,"colorG":255,"colorR":255,"customProperty":"","flipX":false,"flipY":false,"height":100,"ignoreSize":true,"layoutParameter":null,"opacity":255,"positionPercentX":0.417782038,"positionPercentY":0.010619469,"positionType":0,"rotation":0,"scaleX":0.7050006,"scaleY":0.908695757,"sizePercentX":0.1290631,"sizePercentY":0.17699115,"sizeType":0,"tag":2604,"touchAble":true,"useMergedTexture":false,"visible":true,"width":135,"x":437,"y":6,"capInsetsHeight":1,"capInsetsWidth":1,"capInsetsX":0,"capInsetsY":0,"disabled":null,"disabledData":{"path":null,"plistFile":null,"resourceType":0},"fontName":"微软雅黑","fontSize":14,"fontType":0,"normal":null,"normalData":{"path":"next01.png","plistFile":"","resourceType":0},"pressed":null,"pressedData":{"path":"next01.png","plistFile":"","resourceType":0},"scale9Enable":false,"scale9Height":100,"scale9Width":135,"text":"","textColorB":255,"textColorG":255,"textColorR":255}}],"options":{"__type":"ImageViewSurrogate:#EditorCommon.JsonModel.Component.GUI","classname":"ImageView","name":"map_rim","ZOrder":0,"actiontag":29,"anchorPointX":0.5,"anchorPointY":0.5,"classType":"CocoStudio.EngineAdapterWrap.CSImageView","colorB":255,"colorG":255,"colorR":255,"customProperty":"","flipX":false,"flipY":false,"height":565,"ignoreSize":true,"layoutParameter":{"classname":null,"name":null,"align":1,"gravity":0,"layoutEageType":0,"layoutNormalHorizontal":0,"layoutNormalVertical":0,"layoutParentHorizontal":0,"layoutParentVertical":0,"marginDown":0,"marginLeft":45,"marginRight":0,"marginTop":81,"relativeName":"map_rim","relativeToName":"root_panel","type":2},"opacity":255,"positionPercentX":0.5,"positionPercentY":0.432031244,"positionType":0,"rotation":0,"scaleX":1,"scaleY":1,"sizePercentX":0.920774639,"sizePercentY":0.8828125,"sizeType":0,"tag":6,"touchAble":false,"useMergedTexture":false,"visible":true,"width":1046,"x":568,"y":276,"capInsetsHeight":1,"capInsetsWidth":1,"capInsetsX":0,"capInsetsY":0,"fileName":null,"fileNameData":{"path":"hk01.png","plistFile":"","resourceType":0},"scale9Enable":false,"scale9Height":565,"scale9Width":1046}},{"classname":"Button","name":null,"children":[],"options":{"__type":"ButtonSurrogate:#EditorCommon.JsonModel.Component.GUI","classname":"Button","name":"button_back_0","ZOrder":1,"actiontag":10564877,"anchorPointX":0.5,"anchorPointY":0.5,"classType":"CocoStudio.EngineAdapterWrap.CSButton","colorB":255,"colorG":255,"colorR":255,"customProperty":"","flipX":false,"flipY":false,"height":121,"ignoreSize":true,"layoutParameter":{"classname":null,"name":null,"align":1,"gravity":0,"layoutEageType":0,"layoutNormalHorizontal":0,"layoutNormalVertical":0,"layoutParentHorizontal":0,"layoutParentVertical":0,"marginDown":0,"marginLeft":-22,"marginRight":0,"marginTop":-20,"relativeName":"button_back_0","relativeToName":"root_panel","type":2},"opacity":255,"positionPercentX":0.0356514081,"positionPercentY":0.936718762,"positionType":0,"rotation":0,"scaleX":0.7748277,"scaleY":0.7748277,"sizePercentX":0.110035211,"sizePercentY":0.1890625,"sizeType":0,"tag":10430,"touchAble":true,"useMergedTexture":false,"visible":true,"width":125,"x":40,"y":599,"capInsetsHeight":1,"capInsetsWidth":1,"capInsetsX":0,"capInsetsY":0,"disabled":null,"disabledData":{"path":null,"plistFile":null,"resourceType":0},"fontName":"微软雅黑","fontSize":14,"fontType":0,"normal":null,"normalData":{"path":"zsgzdxzyx04-1.png","plistFile":"","resourceType":0},"pressed":null,"pressedData":{"path":"zsgzdxzyx04.png","plistFile":"","resourceType":0},"scale9Enable":false,"scale9Height":121,"scale9Width":125,"text":"","textColorB":255,"textColorG":255,"textColorR":255}}],"options":{"__type":"PanelSurrogate:#EditorCommon.JsonModel.Component.GUI","classname":"Panel","name":"root_panel","ZOrder":0,"actiontag":-1,"anchorPointX":0,"anchorPointY":0,"classType":"CocoStudio.EngineAdapterWrap.CSPanel","colorB":255,"colorG":255,"colorR":255,"customProperty":"","flipX":false,"flipY":false,"height":640,"ignoreSize":false,"layoutParameter":null,"opacity":255,"positionPercentX":0,"positionPercentY":0,"positionType":0,"rotation":0,"scaleX":1,"scaleY":1,"sizePercentX":1,"sizePercentY":1,"sizeType":0,"tag":127,"touchAble":true,"useMergedTexture":false,"visible":true,"width":1136,"x":0,"y":0,"adaptScreen":true,"backGroundImage":null,"backGroundImageData":{"path":"cwxzbj01-4.png","plistFile":"","resourceType":0},"backGroundScale9Enable":false,"bgColorB":255,"bgColorG":200,"bgColorOpacity":0,"bgColorR":150,"bgEndColorB":255,"bgEndColorG":200,"bgEndColorR":150,"bgStartColorB":255,"bgStartColorG":255,"bgStartColorR":255,"capInsetsHeight":1,"capInsetsWidth":1,"capInsetsX":0,"capInsetsY":0,"clipAble":false,"colorType":1,"layoutType":3,"vectorX":0,"vectorY":-0.5}}}