{"classname":null,"name":null,"animation":{"classname":null,"name":"AnimationManager","actionlist":[]},"dataScale":1,"designHeight":640,"designWidth":1136,"textures":[],"texturesPng":["cwxzbj01-4.png","cka001-21-1-1.png","cka001-22-1.png","cka001-23.png","cka001-24.png","zsgzksko001.png","zsgzksko01.png","daxx01.png","baozi01.png","sdk2.png","zsgzdxzyx04-1.png","zsgzdxzyx04.png","cka001-21-1-2.png","yun0.png","zs008.png","zs0011.png","yxsxann02.png","yxsxann02-1.png","grensx0011-4.png","grensx0011-1.png","grensx0011-2.png","grensx0011-3.png","yxsxann02.png","yxsxann02-1.png","hyyjn4.png","zs0012.png","hyyjn2.png","zs0013.png","hyyjn1.png","hyyjn3.png","zs008.png","cwxzbj01-4.png","hk01.png","next01.png","hk02.png","hk03.png","hk01-2.png","hk01-1.png","jy01-1.png","jy01-2.png","zsgzdxzyx04-1.png","zsgzdxzyx04.png","cwxzbj01-4.png","zsgzdxzyx04-1.png","zsgzdxzyx04.png","zs0014-3.png","zs008.png","zs003.png","zs005.png","zs004.png","zs0014.png","zs0014-2.png","zs0014-1.png","yun0.png","jh1.png","jh2.png","zduix-1.png","jy01-2-0.png","jy01-2-1.png","cwxzbj01-4.png","sl01_2.png","sl01.png","sl01_3.png","cka001-23.png","cka001-24.png","zsgzksko001.png","zsgzksko01.png","sl01_4.png","sl01_5.png","zb05.png","zs005-1.png","rwxt01.png","rwxt03_1.png","zb01.png","zb04.png","zb02.png","zb03.png","bjguang.png","cka001-21-1-2.png","cka001-21-1-1.png","cwxzbj01-4.png","sb01_1.png","sb01_2.png","tyonganiu01.png","tyonganiu00-1.png","zsgzdxzyx04-1.png","zsgzdxzyx04.png","bl01.png","jia000.png","jia02-1.png","baozi01.png","jia00.png","jb01.png","zs01.png","hk07-1.png","hk07.png","cz01.png","jd01.png","txshux01.png","txshux02.png","txshux00.png","txshux03.png","cwxzbj01-4.png","cka001-21-1-1.png","cka001.png","cka001-19.png","cka001-14.png","zs008.png","grensx0011-4.png","zs01.png","cka001-8.png","sl01_1.png","yxtxxiaoq.png","zs005-1.png","zhili01.png","cka001-11.png","cka001-12.png","jb01.png","cka001-2.png","cka001-18.png","cka001-13.png","cka001-7.png","cka001-22-1.png","yun0.png","zduix-3.png","zsgzdxzyx04-1.png","zsgzdxzyx04.png","cka001-15.png","cka001-16.png","cka001-17.png","cka001-21-1-2.png","cka001-21.png","cka001-22.png","cka001-2.png","cka001-23.png","cka001-24.png","cka001-25.png","jb01.png","cka001-21.png","cka001-22.png","cka001-7.png","cka001-23.png","cka001-24.png","cka001-25.png","zs01.png","cka001-21.png","cka001-22.png","cka001-8.png","cka001-23.png","cka001-24.png","cka001-25.png","zs01.png","yxtxxiaoq.png","zs005-1.png","zhili01.png","cwxzbj01-4.png","XG01.png","XZXX01-1.png","xiaoq-1.png","lv.png","XZXX01.png","XZ0-12.png","bjguang.png","XZ0-13.png","XZ0-14.png","XZ0-15.png","hudie24.png","shui001.png","cwxzbj01-5.png","zs003.png","zs008.png","zs009.png","zs010.png","zb04.png","zb01.png","zb03.png","zb02.png","zb05.png","yxsxann02.png","yxsxann02-1.png","grensx0011-1.png","cwxzbj01-4.png","XZXX01-1.png","xiaoq-1.png","lv.png","zs007.png","zs006.png","XG01.png","cwxzbj01-5.png","zhili01.png","zs001.png","zs002.png","XZXX01.png","yxsxann00.png","yxsxann01.png","yxsxann02.png","yxsxann02-1.png","grensx0011-5.png","zduix-2.png","zsgzdxzyx04-1.png","zsgzdxzyx04.png"],"version":"1.6.0.0","widgetTree":{"classname":"Panel","name":null,"children":[{"classname":"ImageView","name":null,"children":[{"classname":"ImageView","name":null,"children":[],"options":{"__type":"ImageViewSurrogate:#EditorCommon.JsonModel.Component.GUI","classname":"ImageView","name":"Image_10","ZOrder":0,"actiontag":20198506,"anchorPointX":1,"anchorPointY":0.5,"classType":"CocoStudio.EngineAdapterWrap.CSImageView","colorB":255,"colorG":255,"colorR":255,"customProperty":"","flipX":false,"flipY":false,"height":69,"ignoreSize":true,"layoutParameter":null,"opacity":255,"positionPercentX":-0.06792453,"positionPercentY":0.0166666675,"positionType":0,"rotation":0,"scaleX":0.383761823,"scaleY":0.419860929,"sizePercentX":0.615094364,"sizePercentY":1.15,"sizeType":0,"tag":15677,"touchAble":false,"useMergedTexture":false,"visible":true,"width":163,"x":-18,"y":1,"capInsetsHeight":1,"capInsetsWidth":1,"capInsetsX":0,"capInsetsY":0,"fileName":null,"fileNameData":{"path":"xiaoq-1.png","plistFile":"","resourceType":0},"scale9Enable":false,"scale9Height":69,"scale9Width":163}},{"classname":"ImageView","name":null,"children":[],"options":{"__type":"ImageViewSurrogate:#EditorCommon.JsonModel.Component.GUI","classname":"ImageView","name":"Image_20","ZOrder":0,"actiontag":47568834,"anchorPointX":0.5,"anchorPointY":0.5,"classType":"CocoStudio.EngineAdapterWrap.CSImageView","colorB":255,"colorG":255,"colorR":255,"customProperty":"","flipX":false,"flipY":false,"height":32,"ignoreSize":true,"layoutParameter":null,"opacity":255,"positionPercentX":0.02264151,"positionPercentY":0.0166666675,"positionType":0,"rotation":0,"scaleX":0.744300842,"scaleY":0.7443005,"sizePercentX":0.192452833,"sizePercentY":0.533333361,"sizeType":0,"tag":15678,"touchAble":false,"useMergedTexture":false,"visible":true,"width":51,"x":6,"y":1,"capInsetsHeight":1,"capInsetsWidth":1,"capInsetsX":0,"capInsetsY":0,"fileName":null,"fileNameData":{"path":"lv.png","plistFile":"","resourceType":0},"scale9Enable":false,"scale9Height":32,"scale9Width":51}},{"classname":"LabelAtlas","name":null,"children":[],"options":{"__type":"LabelAtlasSurrogate:#EditorCommon.JsonModel.Component.GUI","classname":"LabelAtlas","name":"AtlasLabel_27","ZOrder":0,"actiontag":25466328,"anchorPointX":0.5,"anchorPointY":0.5,"classType":"CocoStudio.EngineAdapterWrap.CSLabelAtlas","colorB":255,"colorG":255,"colorR":255,"customProperty":"","flipX":false,"flipY":false,"height":32,"ignoreSize":true,"layoutParameter":null,"opacity":255,"positionPercentX":0.169811323,"positionPercentY":0.0333333351,"positionType":0,"rotation":0,"scaleX":0.7784093,"scaleY":0.7784093,"sizePercentX":0.188679248,"sizePercentY":0.533333361,"sizeType":0,"tag":15679,"touchAble":false,"useMergedTexture":false,"visible":true,"width":50,"x":45,"y":2,"charMapFile":null,"charMapFileData":{"path":"lv01.png","plistFile":"","resourceType":0},"itemHeight":32,"itemWidth":25,"startCharMap":"0","stringValue":"14"}}],"options":{"__type":"ImageViewSurrogate:#EditorCommon.JsonModel.Component.GUI","classname":"ImageView","name":"Image_4_0","ZOrder":1,"actiontag":45004589,"anchorPointX":0.5,"anchorPointY":0.5,"classType":"CocoStudio.EngineAdapterWrap.CSImageView","colorB":255,"colorG":255,"colorR":255,"customProperty":"","flipX":false,"flipY":false,"height":60,"ignoreSize":true,"layoutParameter":null,"opacity":194,"positionPercentX":0.29665494,"positionPercentY":0.178125,"positionType":0,"rotation":0,"scaleX":0.9245281,"scaleY":0.7647064,"sizePercentX":0.233274654,"sizePercentY":0.09375,"sizeType":0,"tag":15676,"touchAble":false,"useMergedTexture":false,"visible":true,"width":265,"x":337,"y":114,"capInsetsHeight":1,"capInsetsWidth":1,"capInsetsX":0,"capInsetsY":0,"fileName":null,"fileNameData":{"path":"XZXX01-1.png","plistFile":"","resourceType":0},"scale9Enable":false,"scale9Height":60,"scale9Width":265}},{"classname":"ImageView","name":null,"children":[],"options":{"__type":"ImageViewSurrogate:#EditorCommon.JsonModel.Component.GUI","classname":"ImageView","name":"Image_17","ZOrder":0,"actiontag":41866219,"anchorPointX":0.5,"anchorPointY":0.5,"classType":"CocoStudio.EngineAdapterWrap.CSImageView","colorB":255,"colorG":255,"colorR":255,"customProperty":"","flipX":false,"flipY":false,"height":569,"ignoreSize":true,"layoutParameter":null,"opacity":255,"positionPercentX":0.2931338,"positionPercentY":0.5109375,"positionType":0,"rotation":0,"scaleX":1,"scaleY":1,"sizePercentX":0.4427817,"sizePercentY":0.8890625,"sizeType":0,"tag":7810,"touchAble":false,"useMergedTexture":false,"visible":true,"width":503,"x":333,"y":327,"capInsetsHeight":1,"capInsetsWidth":1,"capInsetsX":0,"capInsetsY":0,"fileName":null,"fileNameData":{"path":"zs007.png","plistFile":"","resourceType":0},"scale9Enable":false,"scale9Height":569,"scale9Width":503}},{"classname":"ImageView","name":null,"children":[{"classname":"ImageView","name":null,"children":[{"classname":"ImageView","name":null,"children":[],"options":{"__type":"ImageViewSurrogate:#EditorCommon.JsonModel.Component.GUI","classname":"ImageView","name":"Image_19","ZOrder":0,"actiontag":47561024,"anchorPointX":0.5,"anchorPointY":0.5,"classType":"CocoStudio.EngineAdapterWrap.CSImageView","colorB":255,"colorG":255,"colorR":255,"customProperty":"","flipX":true,"flipY":false,"height":217,"ignoreSize":true,"layoutParameter":null,"opacity":255,"positionPercentX":-0.0501792133,"positionPercentY":-0.223968565,"positionType":0,"rotation":0,"scaleX":1,"scaleY":1,"sizePercentX":0.544802845,"sizePercentY":0.426326126,"sizeType":0,"tag":7812,"touchAble":false,"useMergedTexture":false,"visible":true,"width":152,"x":-14,"y":-114,"capInsetsHeight":1,"capInsetsWidth":1,"capInsetsX":0,"capInsetsY":0,"fileName":null,"fileNameData":{"path":"cwxzbj01-5.png","plistFile":"","resourceType":0},"scale9Enable":false,"scale9Height":217,"scale9Width":152}}],"options":{"__type":"ImageViewSurrogate:#EditorCommon.JsonModel.Component.GUI","classname":"ImageView","name":"Image_18","ZOrder":1,"actiontag":9838885,"anchorPointX":0.5,"anchorPointY":0.5,"classType":"CocoStudio.EngineAdapterWrap.CSImageView","colorB":255,"colorG":255,"colorR":255,"customProperty":"","flipX":false,"flipY":false,"height":509,"ignoreSize":true,"layoutParameter":null,"opacity":255,"positionPercentX":-0.242857143,"positionPercentY":0.130217031,"positionType":0,"rotation":0,"scaleX":1,"scaleY":1,"sizePercentX":0.2657143,"sizePercentY":0.849749565,"sizeType":0,"tag":7811,"touchAble":false,"useMergedTexture":false,"visible":true,"width":279,"x":-255,"y":78,"capInsetsHeight":1,"capInsetsWidth":1,"capInsetsX":0,"capInsetsY":0,"fileName":null,"fileNameData":{"path":"XG01.png","plistFile":"","resourceType":0},"scale9Enable":false,"scale9Height":509,"scale9Width":279}},{"classname":"ImageView","name":null,"children":[],"options":{"__type":"ImageViewSurrogate:#EditorCommon.JsonModel.Component.GUI","classname":"ImageView","name":"Image_19_1","ZOrder":0,"actiontag":29102400,"anchorPointX":0.5,"anchorPointY":0.5,"classType":"CocoStudio.EngineAdapterWrap.CSImageView","colorB":255,"colorG":255,"colorR":255,"customProperty":"","flipX":false,"flipY":false,"height":122,"ignoreSize":true,"layoutParameter":null,"opacity":255,"positionPercentX":-0.0561904758,"positionPercentY":-0.213689476,"positionType":0,"rotation":0,"scaleX":0.7267759,"scaleY":0.7267759,"sizePercentX":0.116190478,"sizePercentY":0.203672782,"sizeType":0,"tag":8150,"touchAble":false,"useMergedTexture":false,"visible":true,"width":122,"x":-59,"y":-128,"capInsetsHeight":1,"capInsetsWidth":1,"capInsetsX":0,"capInsetsY":0,"fileName":null,"fileNameData":{"path":"zhili01.png","plistFile":"","resourceType":0},"scale9Enable":false,"scale9Height":122,"scale9Width":122}},{"classname":"ImageView","name":null,"children":[],"options":{"__type":"ImageViewSurrogate:#EditorCommon.JsonModel.Component.GUI","classname":"ImageView","name":"Image_76","ZOrder":0,"actiontag":36590901,"anchorPointX":0.5,"anchorPointY":0.5,"classType":"CocoStudio.EngineAdapterWrap.CSImageView","colorB":255,"colorG":255,"colorR":255,"customProperty":"","flipX":false,"flipY":false,"height":335,"ignoreSize":true,"layoutParameter":null,"opacity":255,"positionPercentX":-0.465714276,"positionPercentY":-0.136894822,"positionType":0,"rotation":0,"scaleX":1,"scaleY":1,"sizePercentX":0.118095241,"sizePercentY":0.559265435,"sizeType":0,"tag":8530,"touchAble":false,"useMergedTexture":false,"visible":true,"width":124,"x":-489,"y":-82,"capInsetsHeight":1,"capInsetsWidth":1,"capInsetsX":0,"capInsetsY":0,"fileName":null,"fileNameData":{"path":"zs001.png","plistFile":"","resourceType":0},"scale9Enable":false,"scale9Height":335,"scale9Width":124}},{"classname":"ImageView","name":null,"children":[],"options":{"__type":"ImageViewSurrogate:#EditorCommon.JsonModel.Component.GUI","classname":"ImageView","name":"Image_77","ZOrder":0,"actiontag":53898647,"anchorPointX":0.5,"anchorPointY":0.5,"classType":"CocoStudio.EngineAdapterWrap.CSImageView","colorB":255,"colorG":255,"colorR":255,"customProperty":"","flipX":false,"flipY":false,"height":352,"ignoreSize":true,"layoutParameter":null,"opacity":255,"positionPercentX":0.487619042,"positionPercentY":-0.1903172,"positionType":0,"rotation":0,"scaleX":1,"scaleY":1,"sizePercentX":0.086666666,"sizePercentY":0.587646067,"sizeType":0,"tag":8531,"touchAble":false,"useMergedTexture":false,"visible":true,"width":91,"x":512,"y":-114,"capInsetsHeight":1,"capInsetsWidth":1,"capInsetsX":0,"capInsetsY":0,"fileName":null,"fileNameData":{"path":"zs002.png","plistFile":"","resourceType":0},"scale9Enable":false,"scale9Height":352,"scale9Width":91}},{"classname":"ImageView","name":null,"children":[],"options":{"__type":"ImageViewSurrogate:#EditorCommon.JsonModel.Component.GUI","classname":"ImageView","name":"Image_86","ZOrder":0,"actiontag":28087822,"anchorPointX":0.5,"anchorPointY":0.5,"classType":"CocoStudio.EngineAdapterWrap.CSImageView","colorB":255,"colorG":255,"colorR":255,"customProperty":"","flipX":false,"flipY":false,"height":53,"ignoreSize":true,"layoutParameter":null,"opacity":255,"positionPercentX":-0.0571428575,"positionPercentY":-0.0116861435,"positionType":0,"rotation":0,"scaleX":1,"scaleY":1,"sizePercentX":0.05142857,"sizePercentY":0.0884808,"sizeType":0,"tag":8540,"touchAble":false,"useMergedTexture":false,"visible":true,"width":54,"x":-60,"y":-7,"capInsetsHeight":1,"capInsetsWidth":1,"capInsetsX":0,"capInsetsY":0,"fileName":null,"fileNameData":{"path":"XZXX01.png","plistFile":"","resourceType":0},"scale9Enable":false,"scale9Height":53,"scale9Width":54}},{"classname":"ImageView","name":null,"children":[],"options":{"__type":"ImageViewSurrogate:#EditorCommon.JsonModel.Component.GUI","classname":"ImageView","name":"Image_86_0","ZOrder":0,"actiontag":34920043,"anchorPointX":0.5,"anchorPointY":0.5,"classType":"CocoStudio.EngineAdapterWrap.CSImageView","colorB":255,"colorG":255,"colorR":255,"customProperty":"","flipX":false,"flipY":false,"height":53,"ignoreSize":true,"layoutParameter":null,"opacity":255,"positionPercentX":-0.0571428575,"positionPercentY":-0.0884808,"positionType":0,"rotation":0,"scaleX":1,"scaleY":1,"sizePercentX":0.05142857,"sizePercentY":0.0884808,"sizeType":0,"tag":8542,"touchAble":false,"useMergedTexture":false,"visible":true,"width":54,"x":-60,"y":-53,"capInsetsHeight":1,"capInsetsWidth":1,"capInsetsX":0,"capInsetsY":0,"fileName":null,"fileNameData":{"path":"XZXX01.png","plistFile":"","resourceType":0},"scale9Enable":false,"scale9Height":53,"scale9Width":54}},{"classname":"ImageView","name":null,"children":[],"options":{"__type":"ImageViewSurrogate:#EditorCommon.JsonModel.Component.GUI","classname":"ImageView","name":"Image_86_1","ZOrder":0,"actiontag":26022456,"anchorPointX":0.5,"anchorPointY":0.5,"classType":"CocoStudio.EngineAdapterWrap.CSImageView","colorB":255,"colorG":255,"colorR":255,"customProperty":"","flipX":false,"flipY":false,"height":53,"ignoreSize":true,"layoutParameter":null,"opacity":255,"positionPercentX":-0.0552380942,"positionPercentY":0.07345576,"positionType":0,"rotation":0,"scaleX":1,"scaleY":1,"sizePercentX":0.05142857,"sizePercentY":0.0884808,"sizeType":0,"tag":8543,"touchAble":false,"useMergedTexture":false,"visible":true,"width":54,"x":-58,"y":44,"capInsetsHeight":1,"capInsetsWidth":1,"capInsetsX":0,"capInsetsY":0,"fileName":null,"fileNameData":{"path":"XZXX01.png","plistFile":"","resourceType":0},"scale9Enable":false,"scale9Height":53,"scale9Width":54}},{"classname":"ImageView","name":null,"children":[],"options":{"__type":"ImageViewSurrogate:#EditorCommon.JsonModel.Component.GUI","classname":"ImageView","name":"Image_86_2","ZOrder":0,"actiontag":64467225,"anchorPointX":0.5,"anchorPointY":0.5,"classType":"CocoStudio.EngineAdapterWrap.CSImageView","colorB":255,"colorG":255,"colorR":255,"customProperty":"","flipX":false,"flipY":false,"height":53,"ignoreSize":true,"layoutParameter":null,"opacity":255,"positionPercentX":-0.0552380942,"positionPercentY":0.156928211,"positionType":0,"rotation":0,"scaleX":1,"scaleY":1,"sizePercentX":0.05142857,"sizePercentY":0.0884808,"sizeType":0,"tag":8544,"touchAble":false,"useMergedTexture":false,"visible":true,"width":54,"x":-58,"y":94,"capInsetsHeight":1,"capInsetsWidth":1,"capInsetsX":0,"capInsetsY":0,"fileName":null,"fileNameData":{"path":"XZXX01.png","plistFile":"","resourceType":0},"scale9Enable":false,"scale9Height":53,"scale9Width":54}},{"classname":"ImageView","name":null,"children":[],"options":{"__type":"ImageViewSurrogate:#EditorCommon.JsonModel.Component.GUI","classname":"ImageView","name":"Image_86_3","ZOrder":0,"actiontag":47635446,"anchorPointX":0.5,"anchorPointY":0.5,"classType":"CocoStudio.EngineAdapterWrap.CSImageView","colorB":255,"colorG":255,"colorR":255,"customProperty":"","flipX":false,"flipY":false,"height":53,"ignoreSize":true,"layoutParameter":null,"opacity":255,"positionPercentX":-0.0542857125,"positionPercentY":0.242070124,"positionType":0,"rotation":0,"scaleX":1,"scaleY":1,"sizePercentX":0.05142857,"sizePercentY":0.0884808,"sizeType":0,"tag":8545,"touchAble":false,"useMergedTexture":false,"visible":true,"width":54,"x":-57,"y":145,"capInsetsHeight":1,"capInsetsWidth":1,"capInsetsX":0,"capInsetsY":0,"fileName":null,"fileNameData":{"path":"XZXX01.png","plistFile":"","resourceType":0},"scale9Enable":false,"scale9Height":53,"scale9Width":54}},{"classname":"Button","name":null,"children":[{"classname":"Label","name":null,"children":[],"options":{"__type":"LabelSurrogate:#EditorCommon.JsonModel.Component.GUI","classname":"Label","name":"Label_34","ZOrder":0,"actiontag":33662961,"anchorPointX":0.5,"anchorPointY":0.5,"classType":"CocoStudio.EngineAdapterWrap.CSLabel","colorB":255,"colorG":255,"colorR":255,"customProperty":"","flipX":false,"flipY":false,"height":32,"ignoreSize":true,"layoutParameter":null,"opacity":255,"positionPercentX":0,"positionPercentY":0.0285714287,"positionType":0,"rotation":0,"scaleX":1,"scaleY":1,"sizePercentX":0.714285731,"sizePercentY":0.45714286,"sizeType":0,"tag":13017,"touchAble":false,"useMergedTexture":false,"visible":true,"width":100,"x":0,"y":2,"areaHeight":0,"areaWidth":0,"fontFile":null,"fontName":"微软雅黑","fontSize":25,"hAlignment":0,"text":"详细属性","touchScaleEnable":false,"vAlignment":0}}],"options":{"__type":"ButtonSurrogate:#EditorCommon.JsonModel.Component.GUI","classname":"Button","name":"Button_74_0","ZOrder":1,"actiontag":15276180,"anchorPointX":0.5,"anchorPointY":0.5,"classType":"CocoStudio.EngineAdapterWrap.CSButton","colorB":255,"colorG":255,"colorR":255,"customProperty":"","flipX":false,"flipY":false,"height":70,"ignoreSize":true,"layoutParameter":null,"opacity":255,"positionPercentX":-0.239047617,"positionPercentY":-0.4490818,"positionType":0,"rotation":0,"scaleX":1.07000041,"scaleY":1.07000041,"sizePercentX":0.13333334,"sizePercentY":0.116861433,"sizeType":0,"tag":8622,"touchAble":true,"useMergedTexture":false,"visible":true,"width":140,"x":-251,"y":-269,"capInsetsHeight":1,"capInsetsWidth":1,"capInsetsX":0,"capInsetsY":0,"disabled":null,"disabledData":{"path":null,"plistFile":null,"resourceType":0},"fontName":"微软雅黑","fontSize":14,"fontType":0,"normal":null,"normalData":{"path":"yxsxann00.png","plistFile":"","resourceType":0},"pressed":null,"pressedData":{"path":"yxsxann01.png","plistFile":"","resourceType":0},"scale9Enable":false,"scale9Height":70,"scale9Width":140,"text":"","textColorB":255,"textColorG":255,"textColorR":255}},{"classname":"Button","name":null,"children":[{"classname":"Label","name":null,"children":[],"options":{"__type":"LabelSurrogate:#EditorCommon.JsonModel.Component.GUI","classname":"Label","name":"Label_80","ZOrder":0,"actiontag":19184621,"anchorPointX":0.5,"anchorPointY":0.5,"classType":"CocoStudio.EngineAdapterWrap.CSLabel","colorB":32,"colorG":252,"colorR":241,"customProperty":"","flipX":false,"flipY":false,"height":35,"ignoreSize":true,"layoutParameter":null,"opacity":255,"positionPercentX":0,"positionPercentY":0.05952381,"positionType":0,"rotation":0,"scaleX":1,"scaleY":1,"sizePercentX":0.433121026,"sizePercentY":0.416666657,"sizeType":0,"tag":8626,"touchAble":false,"useMergedTexture":false,"visible":true,"width":68,"x":0,"y":5,"areaHeight":0,"areaWidth":0,"fontFile":null,"fontName":"微软雅黑","fontSize":26,"hAlignment":0,"text":"装  备","touchScaleEnable":false,"vAlignment":0}}],"options":{"__type":"ButtonSurrogate:#EditorCommon.JsonModel.Component.GUI","classname":"Button","name":"Button_74_0_1","ZOrder":1,"actiontag":31986842,"anchorPointX":0.5,"anchorPointY":0.5,"classType":"CocoStudio.EngineAdapterWrap.CSButton","colorB":255,"colorG":255,"colorR":255,"customProperty":"","flipX":false,"flipY":false,"height":84,"ignoreSize":true,"layoutParameter":null,"opacity":255,"positionPercentX":-0.3895238,"positionPercentY":-0.450751245,"positionType":0,"rotation":0,"scaleX":1.07000041,"scaleY":1.07000041,"sizePercentX":0.14952381,"sizePercentY":0.140233725,"sizeType":0,"tag":8624,"touchAble":true,"useMergedTexture":false,"visible":true,"width":157,"x":-409,"y":-270,"capInsetsHeight":1,"capInsetsWidth":1,"capInsetsX":0,"capInsetsY":0,"disabled":null,"disabledData":{"path":null,"plistFile":null,"resourceType":0},"fontName":"微软雅黑","fontSize":25,"fontType":0,"normal":null,"normalData":{"path":"yxsxann02.png","plistFile":"","resourceType":0},"pressed":null,"pressedData":{"path":"yxsxann02-1.png","plistFile":"","resourceType":0},"scale9Enable":false,"scale9Height":84,"scale9Width":157,"text":"","textColorB":255,"textColorG":255,"textColorR":255}},{"classname":"Button","name":null,"children":[{"classname":"Label","name":null,"children":[],"options":{"__type":"LabelSurrogate:#EditorCommon.JsonModel.Component.GUI","classname":"Label","name":"Label_20","ZOrder":0,"actiontag":49142196,"anchorPointX":0.5,"anchorPointY":0.5,"classType":"CocoStudio.EngineAdapterWrap.CSLabel","colorB":255,"colorG":255,"colorR":255,"customProperty":"","flipX":false,"flipY":false,"height":32,"ignoreSize":true,"layoutParameter":null,"opacity":255,"positionPercentX":-0.01910828,"positionPercentY":0.0714285746,"positionType":0,"rotation":0,"scaleX":1,"scaleY":1,"sizePercentX":0.6369427,"sizePercentY":0.3809524,"sizeType":0,"tag":13448,"touchAble":false,"useMergedTexture":false,"visible":true,"width":100,"x":-3,"y":6,"areaHeight":0,"areaWidth":0,"fontFile":null,"fontName":"微软雅黑","fontSize":25,"hAlignment":0,"text":"技能分配","touchScaleEnable":false,"vAlignment":0}}],"options":{"__type":"ButtonSurrogate:#EditorCommon.JsonModel.Component.GUI","classname":"Button","name":"Button_74_1","ZOrder":1,"actiontag":37707992,"anchorPointX":0.5,"anchorPointY":0.5,"classType":"CocoStudio.EngineAdapterWrap.CSButton","colorB":255,"colorG":255,"colorR":255,"customProperty":"","flipX":false,"flipY":false,"height":84,"ignoreSize":true,"layoutParameter":null,"opacity":255,"positionPercentX":-0.0847619,"positionPercentY":-0.450751245,"positionType":0,"rotation":0,"scaleX":1.07000041,"scaleY":1.07000041,"sizePercentX":0.14952381,"sizePercentY":0.140233725,"sizeType":0,"tag":8663,"touchAble":true,"useMergedTexture":false,"visible":true,"width":157,"x":-89,"y":-270,"capInsetsHeight":1,"capInsetsWidth":1,"capInsetsX":0,"capInsetsY":0,"disabled":null,"disabledData":{"path":null,"plistFile":null,"resourceType":0},"fontName":"微软雅黑","fontSize":14,"fontType":0,"normal":null,"normalData":{"path":"yxsxann02.png","plistFile":"","resourceType":0},"pressed":null,"pressedData":{"path":"yxsxann02-1.png","plistFile":"","resourceType":0},"scale9Enable":false,"scale9Height":84,"scale9Width":157,"text":"","textColorB":255,"textColorG":255,"textColorR":255}},{"classname":"ImageView","name":null,"children":[{"classname":"Label","name":null,"children":[],"options":{"__type":"LabelSurrogate:#EditorCommon.JsonModel.Component.GUI","classname":"Label","name":"Label_7_0","ZOrder":0,"actiontag":5990287,"anchorPointX":0.5,"anchorPointY":0.5,"classType":"CocoStudio.EngineAdapterWrap.CSLabel","colorB":0,"colorG":244,"colorR":255,"customProperty":"","flipX":false,"flipY":false,"height":30,"ignoreSize":true,"layoutParameter":null,"opacity":255,"positionPercentX":0,"positionPercentY":0.357142866,"positionType":0,"rotation":0,"scaleX":1,"scaleY":1,"sizePercentX":0.347169816,"sizePercentY":0.267857134,"sizeType":0,"tag":11068,"touchAble":false,"useMergedTexture":false,"visible":true,"width":92,"x":0,"y":40,"areaHeight":0,"areaWidth":0,"fontFile":null,"fontName":"微软雅黑","fontSize":23,"hAlignment":0,"text":"英雄介绍","touchScaleEnable":false,"vAlignment":0}}],"options":{"__type":"ImageViewSurrogate:#EditorCommon.JsonModel.Component.GUI","classname":"ImageView","name":"Image_6","ZOrder":0,"actiontag":60159801,"anchorPointX":0.5,"anchorPointY":0.5,"classType":"CocoStudio.EngineAdapterWrap.CSImageView","colorB":255,"colorG":255,"colorR":255,"customProperty":"","flipX":false,"flipY":false,"height":112,"ignoreSize":true,"layoutParameter":null,"opacity":123,"positionPercentX":-0.256190479,"positionPercentY":0.277128547,"positionType":0,"rotation":0,"scaleX":1.36192691,"scaleY":1.36192691,"sizePercentX":0.252380967,"sizePercentY":0.1869783,"sizeType":0,"tag":11065,"touchAble":false,"useMergedTexture":false,"visible":true,"width":265,"x":-269,"y":166,"capInsetsHeight":1,"capInsetsWidth":1,"capInsetsX":0,"capInsetsY":0,"fileName":null,"fileNameData":{"path":"grensx0011-5.png","plistFile":"","resourceType":0},"scale9Enable":false,"scale9Height":112,"scale9Width":265}},{"classname":"ImageView","name":null,"children":[],"options":{"__type":"ImageViewSurrogate:#EditorCommon.JsonModel.Component.GUI","classname":"ImageView","name":"Image_20","ZOrder":0,"actiontag":24260491,"anchorPointX":0.5,"anchorPointY":0.5,"classType":"CocoStudio.EngineAdapterWrap.CSImageView","colorB":255,"colorG":255,"colorR":255,"customProperty":"","flipX":false,"flipY":false,"height":38,"ignoreSize":true,"layoutParameter":null,"opacity":255,"positionPercentX":0.00380952377,"positionPercentY":0.437395662,"positionType":0,"rotation":0,"scaleX":0.9369832,"scaleY":0.9369832,"sizePercentX":0.165714279,"sizePercentY":0.0634390637,"sizeType":0,"tag":19873,"touchAble":false,"useMergedTexture":false,"visible":true,"width":174,"x":4,"y":262,"capInsetsHeight":1,"capInsetsWidth":1,"capInsetsX":0,"capInsetsY":0,"fileName":null,"fileNameData":{"path":"zduix-2.png","plistFile":"","resourceType":0},"scale9Enable":false,"scale9Height":38,"scale9Width":174}}],"options":{"__type":"ImageViewSurrogate:#EditorCommon.JsonModel.Component.GUI","classname":"ImageView","name":"Image_16","ZOrder":1,"actiontag":52400450,"anchorPointX":0.5,"anchorPointY":0.5,"classType":"CocoStudio.EngineAdapterWrap.CSImageView","colorB":255,"colorG":255,"colorR":255,"customProperty":"","flipX":false,"flipY":false,"height":599,"ignoreSize":true,"layoutParameter":null,"opacity":255,"positionPercentX":0.514964759,"positionPercentY":0.5125,"positionType":0,"rotation":0,"scaleX":1,"scaleY":1,"sizePercentX":0.9242958,"sizePercentY":0.9359375,"sizeType":0,"tag":7809,"touchAble":false,"useMergedTexture":false,"visible":true,"width":1050,"x":585,"y":328,"capInsetsHeight":1,"capInsetsWidth":1,"capInsetsX":0,"capInsetsY":0,"fileName":null,"fileNameData":{"path":"zs006.png","plistFile":"","resourceType":0},"scale9Enable":false,"scale9Height":599,"scale9Width":1050}},{"classname":"Button","name":null,"children":[],"options":{"__type":"ButtonSurrogate:#EditorCommon.JsonModel.Component.GUI","classname":"Button","name":"button_back_0","ZOrder":1,"actiontag":29340115,"anchorPointX":0.5,"anchorPointY":0.5,"classType":"CocoStudio.EngineAdapterWrap.CSButton","colorB":255,"colorG":255,"colorR":255,"customProperty":"","flipX":false,"flipY":false,"height":121,"ignoreSize":true,"layoutParameter":null,"opacity":255,"positionPercentX":0.0360915475,"positionPercentY":0.9375,"positionType":0,"rotation":0,"scaleX":0.7748277,"scaleY":0.7748277,"sizePercentX":0.110035211,"sizePercentY":0.1890625,"sizeType":0,"tag":8713,"touchAble":true,"useMergedTexture":false,"visible":true,"width":125,"x":41,"y":600,"capInsetsHeight":1,"capInsetsWidth":1,"capInsetsX":0,"capInsetsY":0,"disabled":null,"disabledData":{"path":null,"plistFile":null,"resourceType":0},"fontName":"微软雅黑","fontSize":14,"fontType":0,"normal":null,"normalData":{"path":"zsgzdxzyx04-1.png","plistFile":"","resourceType":0},"pressed":null,"pressedData":{"path":"zsgzdxzyx04.png","plistFile":"","resourceType":0},"scale9Enable":false,"scale9Height":121,"scale9Width":125,"text":"","textColorB":255,"textColorG":255,"textColorR":255}}],"options":{"__type":"PanelSurrogate:#EditorCommon.JsonModel.Component.GUI","classname":"Panel","name":"root_panel","ZOrder":0,"actiontag":-1,"anchorPointX":0,"anchorPointY":0,"classType":"CocoStudio.EngineAdapterWrap.CSPanel","colorB":255,"colorG":255,"colorR":255,"customProperty":"","flipX":false,"flipY":false,"height":640,"ignoreSize":false,"layoutParameter":null,"opacity":93,"positionPercentX":0,"positionPercentY":0,"positionType":0,"rotation":0,"scaleX":1,"scaleY":1,"sizePercentX":1,"sizePercentY":1,"sizeType":0,"tag":255,"touchAble":true,"useMergedTexture":false,"visible":true,"width":1136,"x":0,"y":0,"adaptScreen":false,"backGroundImage":null,"backGroundImageData":{"path":"cwxzbj01-4.png","plistFile":"","resourceType":0},"backGroundScale9Enable":false,"bgColorB":255,"bgColorG":200,"bgColorOpacity":0,"bgColorR":150,"bgEndColorB":255,"bgEndColorG":200,"bgEndColorR":150,"bgStartColorB":255,"bgStartColorG":255,"bgStartColorR":255,"capInsetsHeight":1,"capInsetsWidth":1,"capInsetsX":0,"capInsetsY":0,"clipAble":false,"colorType":1,"layoutType":0,"vectorX":0,"vectorY":-0.5}}}