{"classname":null,"name":null,"animation":{"classname":null,"name":"AnimationManager","actionlist":[]},"dataScale":1,"designHeight":550,"designWidth":450,"textures":[],"texturesPng":["cwxzbj01-4.png","cka001-21-1-1.png","cka001-22-1.png","cka001-23.png","cka001-24.png","zsgzksko001.png","zsgzksko01.png","daxx01.png","baozi01.png","sdk2.png","zsgzdxzyx04-1.png","zsgzdxzyx04.png","cka001-21-1-2.png","yun0.png","zs008.png","zs0011.png","yxsxann02.png","yxsxann02-1.png","grensx0011-4.png","grensx0011-1.png","grensx0011-2.png","grensx0011-3.png"],"version":"1.6.0.0","widgetTree":{"classname":"Panel","name":null,"children":[{"classname":"ImageView","name":null,"children":[],"options":{"__type":"ImageViewSurrogate:#EditorCommon.JsonModel.Component.GUI","classname":"ImageView","name":"Image_52","ZOrder":0,"actiontag":31160012,"anchorPointX":0.5,"anchorPointY":0.5,"classType":"CocoStudio.EngineAdapterWrap.CSImageView","colorB":255,"colorG":255,"colorR":255,"customProperty":"","flipX":false,"flipY":false,"height":354,"ignoreSize":true,"layoutParameter":null,"opacity":69,"positionPercentX":0.462222219,"positionPercentY":0.472727269,"positionType":0,"rotation":0,"scaleX":1.012128,"scaleY":0.9689244,"sizePercentX":0.793333352,"sizePercentY":0.643636346,"sizeType":0,"tag":9750,"touchAble":false,"useMergedTexture":false,"visible":true,"width":357,"x":208,"y":260,"capInsetsHeight":1,"capInsetsWidth":1,"capInsetsX":0,"capInsetsY":0,"fileName":null,"fileNameData":{"path":"zs008.png","plistFile":"","resourceType":0},"scale9Enable":false,"scale9Height":354,"scale9Width":357}},{"classname":"ImageView","name":null,"children":[{"classname":"Label","name":null,"children":[],"options":{"__type":"LabelSurrogate:#EditorCommon.JsonModel.Component.GUI","classname":"Label","name":"Label_28","ZOrder":0,"actiontag":27805399,"anchorPointX":0.5,"anchorPointY":0.5,"classType":"CocoStudio.EngineAdapterWrap.CSLabel","colorB":133,"colorG":255,"colorR":235,"customProperty":"","flipX":false,"flipY":false,"height":31,"ignoreSize":true,"layoutParameter":null,"opacity":255,"positionPercentX":0,"positionPercentY":0.0303030312,"positionType":0,"rotation":0,"scaleX":1,"scaleY":1,"sizePercentX":0.384,"sizePercentY":0.469696969,"sizeType":0,"tag":9064,"touchAble":false,"useMergedTexture":false,"visible":true,"width":96,"x":0,"y":2,"areaHeight":0,"areaWidth":0,"fontFile":null,"fontName":"微软雅黑","fontSize":24,"hAlignment":0,"text":"英雄属性","touchScaleEnable":false,"vAlignment":0}}],"options":{"__type":"ImageViewSurrogate:#EditorCommon.JsonModel.Component.GUI","classname":"ImageView","name":"Image_27","ZOrder":0,"actiontag":44664077,"anchorPointX":0.5,"anchorPointY":0.5,"classType":"CocoStudio.EngineAdapterWrap.CSImageView","colorB":255,"colorG":255,"colorR":255,"customProperty":"","flipX":false,"flipY":false,"height":66,"ignoreSize":true,"layoutParameter":null,"opacity":255,"positionPercentX":0.453333348,"positionPercentY":0.8963636,"positionType":0,"rotation":0,"scaleX":1,"scaleY":1,"sizePercentX":0.5555556,"sizePercentY":0.12,"sizeType":0,"tag":9063,"touchAble":false,"useMergedTexture":false,"visible":true,"width":250,"x":204,"y":493,"capInsetsHeight":1,"capInsetsWidth":1,"capInsetsX":0,"capInsetsY":0,"fileName":null,"fileNameData":{"path":"zs0011.png","plistFile":"","resourceType":0},"scale9Enable":false,"scale9Height":66,"scale9Width":250}},{"classname":"Button","name":null,"children":[{"classname":"Label","name":null,"children":[],"options":{"__type":"LabelSurrogate:#EditorCommon.JsonModel.Component.GUI","classname":"Label","name":"Label_22","ZOrder":0,"actiontag":46470034,"anchorPointX":0.5,"anchorPointY":0.5,"classType":"CocoStudio.EngineAdapterWrap.CSLabel","colorB":255,"colorG":255,"colorR":255,"customProperty":"","flipX":false,"flipY":false,"height":38,"ignoreSize":true,"layoutParameter":null,"opacity":255,"positionPercentX":-0.0127388537,"positionPercentY":0.0952381,"positionType":0,"rotation":0,"scaleX":1,"scaleY":1,"sizePercentX":0.48407644,"sizePercentY":0.452380955,"sizeType":0,"tag":13990,"touchAble":false,"useMergedTexture":false,"visible":true,"width":76,"x":-2,"y":8,"areaHeight":0,"areaWidth":0,"fontFile":null,"fontName":"微软雅黑","fontSize":29,"hAlignment":0,"text":"重  修","touchScaleEnable":false,"vAlignment":0}}],"options":{"__type":"ButtonSurrogate:#EditorCommon.JsonModel.Component.GUI","classname":"Button","name":"Button_74_1","ZOrder":0,"actiontag":37707992,"anchorPointX":0.5,"anchorPointY":0.5,"classType":"CocoStudio.EngineAdapterWrap.CSButton","colorB":255,"colorG":255,"colorR":255,"customProperty":"","flipX":false,"flipY":false,"height":84,"ignoreSize":true,"layoutParameter":null,"opacity":255,"positionPercentX":0.86,"positionPercentY":0.0454545468,"positionType":0,"rotation":0,"scaleX":1,"scaleY":1,"sizePercentX":0.348888874,"sizePercentY":0.152727276,"sizeType":0,"tag":8663,"touchAble":true,"useMergedTexture":false,"visible":true,"width":157,"x":387,"y":25,"capInsetsHeight":1,"capInsetsWidth":1,"capInsetsX":0,"capInsetsY":0,"disabled":null,"disabledData":{"path":null,"plistFile":null,"resourceType":0},"fontName":"微软雅黑","fontSize":14,"fontType":0,"normal":null,"normalData":{"path":"yxsxann02.png","plistFile":"","resourceType":0},"pressed":null,"pressedData":{"path":"yxsxann02-1.png","plistFile":"","resourceType":0},"scale9Enable":false,"scale9Height":84,"scale9Width":157,"text":"","textColorB":255,"textColorG":255,"textColorR":255}},{"classname":"Label","name":null,"children":[],"options":{"__type":"LabelSurrogate:#EditorCommon.JsonModel.Component.GUI","classname":"Label","name":"Label_91","ZOrder":0,"actiontag":57844014,"anchorPointX":0.5,"anchorPointY":0.5,"classType":"CocoStudio.EngineAdapterWrap.CSLabel","colorB":20,"colorG":66,"colorR":1,"customProperty":"","flipX":false,"flipY":false,"height":39,"ignoreSize":true,"layoutParameter":null,"opacity":255,"positionPercentX":0.337777764,"positionPercentY":0.0563636348,"positionType":0,"rotation":0,"scaleX":1,"scaleY":1,"sizePercentX":0.535555542,"sizePercentY":0.07090909,"sizeType":0,"tag":9789,"touchAble":false,"useMergedTexture":false,"visible":true,"width":241,"x":152,"y":31,"areaHeight":0,"areaWidth":0,"fontFile":null,"fontName":"微软雅黑","fontSize":30,"hAlignment":0,"text":"剩余成长点数:100","touchScaleEnable":false,"vAlignment":0}},{"classname":"ScrollView","name":null,"children":[{"classname":"Label","name":null,"children":[{"classname":"Label","name":null,"children":[],"options":{"__type":"LabelSurrogate:#EditorCommon.JsonModel.Component.GUI","classname":"Label","name":"Label_71","ZOrder":0,"actiontag":14541711,"anchorPointX":0.5,"anchorPointY":0.5,"classType":"CocoStudio.EngineAdapterWrap.CSLabel","colorB":4,"colorG":40,"colorR":156,"customProperty":"","flipX":false,"flipY":false,"height":35,"ignoreSize":true,"layoutParameter":null,"opacity":255,"positionPercentX":0.6756757,"positionPercentY":0,"positionType":0,"rotation":0,"scaleX":1,"scaleY":1,"sizePercentX":0.345945954,"sizePercentY":1,"sizeType":0,"tag":15902,"touchAble":false,"useMergedTexture":false,"visible":true,"width":64,"x":125,"y":0,"areaHeight":0,"areaWidth":0,"fontFile":null,"fontName":"微软雅黑","fontSize":26,"hAlignment":0,"text":"+123","touchScaleEnable":false,"vAlignment":0}}],"options":{"__type":"LabelSurrogate:#EditorCommon.JsonModel.Component.GUI","classname":"Label","name":"Label_64","ZOrder":0,"actiontag":9014386,"anchorPointX":0.5,"anchorPointY":0.5,"classType":"CocoStudio.EngineAdapterWrap.CSLabel","colorB":2,"colorG":24,"colorR":64,"customProperty":"","flipX":false,"flipY":false,"height":35,"ignoreSize":true,"layoutParameter":null,"opacity":255,"positionPercentX":0.2857143,"positionPercentY":0.307017535,"positionType":0,"rotation":0,"scaleX":1,"scaleY":1,"sizePercentX":0.440476179,"sizePercentY":0.153508767,"sizeType":0,"tag":15895,"touchAble":false,"useMergedTexture":false,"visible":true,"width":185,"x":120,"y":70,"areaHeight":0,"areaWidth":0,"fontFile":null,"fontName":"微软雅黑","fontSize":26,"hAlignment":0,"text":"魔抗护甲:13455","touchScaleEnable":false,"vAlignment":0}},{"classname":"Label","name":null,"children":[],"options":{"__type":"LabelSurrogate:#EditorCommon.JsonModel.Component.GUI","classname":"Label","name":"Label_64_0","ZOrder":0,"actiontag":57901707,"anchorPointX":0.5,"anchorPointY":0.5,"classType":"CocoStudio.EngineAdapterWrap.CSLabel","colorB":181,"colorG":4,"colorR":70,"customProperty":"","flipX":false,"flipY":false,"height":38,"ignoreSize":true,"layoutParameter":null,"opacity":255,"positionPercentX":0.257142872,"positionPercentY":0.8684211,"positionType":0,"rotation":0,"scaleX":1,"scaleY":1,"sizePercentX":0.3904762,"sizePercentY":0.166666672,"sizeType":0,"tag":15897,"touchAble":false,"useMergedTexture":false,"visible":true,"width":164,"x":108,"y":198,"areaHeight":0,"areaWidth":0,"fontFile":null,"fontName":"微软雅黑","fontSize":29,"hAlignment":0,"text":"力量成长:8.9","touchScaleEnable":false,"vAlignment":0}},{"classname":"Label","name":null,"children":[],"options":{"__type":"LabelSurrogate:#EditorCommon.JsonModel.Component.GUI","classname":"Label","name":"Label_64_1","ZOrder":0,"actiontag":14442545,"anchorPointX":0.5,"anchorPointY":0.5,"classType":"CocoStudio.EngineAdapterWrap.CSLabel","colorB":181,"colorG":4,"colorR":70,"customProperty":"","flipX":false,"flipY":false,"height":38,"ignoreSize":true,"layoutParameter":null,"opacity":255,"positionPercentX":0.733333349,"positionPercentY":0.8684211,"positionType":0,"rotation":0,"scaleX":1,"scaleY":1,"sizePercentX":0.3904762,"sizePercentY":0.166666672,"sizeType":0,"tag":15899,"touchAble":false,"useMergedTexture":false,"visible":true,"width":164,"x":308,"y":198,"areaHeight":0,"areaWidth":0,"fontFile":null,"fontName":"微软雅黑","fontSize":29,"hAlignment":0,"text":"智力成长:8.9","touchScaleEnable":false,"vAlignment":0}},{"classname":"Label","name":null,"children":[],"options":{"__type":"LabelSurrogate:#EditorCommon.JsonModel.Component.GUI","classname":"Label","name":"Label_64_2","ZOrder":0,"actiontag":24251295,"anchorPointX":0.5,"anchorPointY":0.5,"classType":"CocoStudio.EngineAdapterWrap.CSLabel","colorB":181,"colorG":4,"colorR":70,"customProperty":"","flipX":false,"flipY":false,"height":38,"ignoreSize":true,"layoutParameter":null,"opacity":255,"positionPercentX":0.257142872,"positionPercentY":0.671052635,"positionType":0,"rotation":0,"scaleX":1,"scaleY":1,"sizePercentX":0.3904762,"sizePercentY":0.166666672,"sizeType":0,"tag":15901,"touchAble":false,"useMergedTexture":false,"visible":true,"width":164,"x":108,"y":153,"areaHeight":0,"areaWidth":0,"fontFile":null,"fontName":"微软雅黑","fontSize":29,"hAlignment":0,"text":"敏捷成长:8.9","touchScaleEnable":false,"vAlignment":0}},{"classname":"Label","name":null,"children":[{"classname":"Label","name":null,"children":[],"options":{"__type":"LabelSurrogate:#EditorCommon.JsonModel.Component.GUI","classname":"Label","name":"Label_71","ZOrder":0,"actiontag":59500142,"anchorPointX":0.5,"anchorPointY":0.5,"classType":"CocoStudio.EngineAdapterWrap.CSLabel","colorB":4,"colorG":40,"colorR":156,"customProperty":"","flipX":false,"flipY":false,"height":35,"ignoreSize":true,"layoutParameter":null,"opacity":255,"positionPercentX":0.6492891,"positionPercentY":0.0285714287,"positionType":0,"rotation":0,"scaleX":1,"scaleY":1,"sizePercentX":0.303317547,"sizePercentY":1,"sizeType":0,"tag":15906,"touchAble":false,"useMergedTexture":false,"visible":true,"width":64,"x":137,"y":1,"areaHeight":0,"areaWidth":0,"fontFile":null,"fontName":"微软雅黑","fontSize":26,"hAlignment":0,"text":"+123","touchScaleEnable":false,"vAlignment":0}}],"options":{"__type":"LabelSurrogate:#EditorCommon.JsonModel.Component.GUI","classname":"Label","name":"Label_64_3","ZOrder":0,"actiontag":43893829,"anchorPointX":0.5,"anchorPointY":0.5,"classType":"CocoStudio.EngineAdapterWrap.CSLabel","colorB":2,"colorG":24,"colorR":64,"customProperty":"","flipX":false,"flipY":false,"height":35,"ignoreSize":true,"layoutParameter":null,"opacity":255,"positionPercentX":0.316666663,"positionPercentY":0.4868421,"positionType":0,"rotation":0,"scaleX":1,"scaleY":1,"sizePercentX":0.502380967,"sizePercentY":0.153508767,"sizeType":0,"tag":15905,"touchAble":false,"useMergedTexture":false,"visible":true,"width":211,"x":133,"y":111,"areaHeight":0,"areaWidth":0,"fontFile":null,"fontName":"微软雅黑","fontSize":26,"hAlignment":0,"text":"最大生命值:13455","touchScaleEnable":false,"vAlignment":0}},{"classname":"Label","name":null,"children":[{"classname":"Label","name":null,"children":[],"options":{"__type":"LabelSurrogate:#EditorCommon.JsonModel.Component.GUI","classname":"Label","name":"Label_71","ZOrder":0,"actiontag":10087981,"anchorPointX":0.5,"anchorPointY":0.5,"classType":"CocoStudio.EngineAdapterWrap.CSLabel","colorB":4,"colorG":40,"colorR":156,"customProperty":"","flipX":false,"flipY":false,"height":35,"ignoreSize":true,"layoutParameter":null,"opacity":255,"positionPercentX":0.670270264,"positionPercentY":0.0285714287,"positionType":0,"rotation":0,"scaleX":1,"scaleY":1,"sizePercentX":0.345945954,"sizePercentY":1,"sizeType":0,"tag":15910,"touchAble":false,"useMergedTexture":false,"visible":true,"width":64,"x":124,"y":1,"areaHeight":0,"areaWidth":0,"fontFile":null,"fontName":"微软雅黑","fontSize":26,"hAlignment":0,"text":"+123","touchScaleEnable":false,"vAlignment":0}}],"options":{"__type":"LabelSurrogate:#EditorCommon.JsonModel.Component.GUI","classname":"Label","name":"Label_64_4","ZOrder":0,"actiontag":27337992,"anchorPointX":0.5,"anchorPointY":0.5,"classType":"CocoStudio.EngineAdapterWrap.CSLabel","colorB":2,"colorG":24,"colorR":64,"customProperty":"","flipX":false,"flipY":false,"height":35,"ignoreSize":true,"layoutParameter":null,"opacity":255,"positionPercentX":0.2904762,"positionPercentY":0.127192989,"positionType":0,"rotation":0,"scaleX":1,"scaleY":1,"sizePercentX":0.440476179,"sizePercentY":0.153508767,"sizeType":0,"tag":15909,"touchAble":false,"useMergedTexture":false,"visible":true,"width":185,"x":122,"y":29,"areaHeight":0,"areaWidth":0,"fontFile":null,"fontName":"微软雅黑","fontSize":26,"hAlignment":0,"text":"物理攻击:13455","touchScaleEnable":false,"vAlignment":0}}],"options":{"__type":"ScrollViewSurrogate:#EditorCommon.JsonModel.Component.GUI","classname":"ScrollView","name":"ScrollView_90","ZOrder":0,"actiontag":46463016,"anchorPointX":0,"anchorPointY":0,"classType":"CocoStudio.EngineAdapterWrap.CSScrollView","colorB":255,"colorG":255,"colorR":255,"customProperty":"","flipX":false,"flipY":false,"height":228,"ignoreSize":false,"layoutParameter":null,"opacity":255,"positionPercentX":0.02,"positionPercentY":0.1,"positionType":0,"rotation":0,"scaleX":1,"scaleY":1,"sizePercentX":0.933333337,"sizePercentY":0.414545447,"sizeType":0,"tag":9788,"touchAble":true,"useMergedTexture":false,"visible":true,"width":420,"x":9,"y":55,"backGroundImage":null,"backGroundImageData":null,"backGroundScale9Enable":false,"bgColorB":100,"bgColorG":150,"bgColorOpacity":0,"bgColorR":255,"bgEndColorB":100,"bgEndColorG":150,"bgEndColorR":255,"bgStartColorB":255,"bgStartColorG":255,"bgStartColorR":255,"bounceEnable":false,"capInsetsHeight":1,"capInsetsWidth":1,"capInsetsX":0,"capInsetsY":0,"clipAble":true,"colorType":1,"direction":1,"editorClipAble":true,"innerHeight":228,"innerWidth":420,"layoutType":0,"vectorX":0,"vectorY":-0.5}},{"classname":"ImageView","name":null,"children":[{"classname":"Button","name":null,"children":[],"options":{"__type":"ButtonSurrogate:#EditorCommon.JsonModel.Component.GUI","classname":"Button","name":"Button_27","ZOrder":0,"actiontag":62490211,"anchorPointX":0.5,"anchorPointY":0.5,"classType":"CocoStudio.EngineAdapterWrap.CSButton","colorB":255,"colorG":255,"colorR":255,"customProperty":"","flipX":false,"flipY":false,"height":62,"ignoreSize":true,"layoutParameter":null,"opacity":255,"positionPercentX":0.8854167,"positionPercentY":0.0697674453,"positionType":0,"rotation":0,"scaleX":0.878221154,"scaleY":0.878221154,"sizePercentX":0.6770833,"sizePercentY":1.44186044,"sizeType":0,"tag":13473,"touchAble":true,"useMergedTexture":false,"visible":true,"width":65,"x":85,"y":3,"capInsetsHeight":1,"capInsetsWidth":1,"capInsetsX":0,"capInsetsY":0,"disabled":null,"disabledData":{"path":"grensx0011-3.png","plistFile":"","resourceType":0},"fontName":"微软雅黑","fontSize":14,"fontType":0,"normal":null,"normalData":{"path":"grensx0011-1.png","plistFile":"","resourceType":0},"pressed":null,"pressedData":{"path":"grensx0011-2.png","plistFile":"","resourceType":0},"scale9Enable":false,"scale9Height":62,"scale9Width":65,"text":"","textColorB":255,"textColorG":255,"textColorR":255}},{"classname":"Label","name":null,"children":[],"options":{"__type":"LabelSurrogate:#EditorCommon.JsonModel.Component.GUI","classname":"Label","name":"Label_37","ZOrder":0,"actiontag":30226770,"anchorPointX":0.5,"anchorPointY":0.5,"classType":"CocoStudio.EngineAdapterWrap.CSLabel","colorB":0,"colorG":38,"colorR":79,"customProperty":"","flipX":false,"flipY":false,"height":40,"ignoreSize":true,"layoutParameter":null,"opacity":255,"positionPercentX":-2.35416675,"positionPercentY":0,"positionType":0,"rotation":0,"scaleX":1,"scaleY":1,"sizePercentX":0.8125,"sizePercentY":0.9302326,"sizeType":0,"tag":13477,"touchAble":false,"useMergedTexture":false,"visible":true,"width":78,"x":-226,"y":0,"areaHeight":0,"areaWidth":0,"fontFile":null,"fontName":"微软雅黑","fontSize":31,"hAlignment":0,"text":"力 量:","touchScaleEnable":false,"vAlignment":0}},{"classname":"Label","name":null,"children":[],"options":{"__type":"LabelSurrogate:#EditorCommon.JsonModel.Component.GUI","classname":"Label","name":"Label_34","ZOrder":0,"actiontag":16663596,"anchorPointX":0.5,"anchorPointY":0.5,"classType":"CocoStudio.EngineAdapterWrap.CSLabel","colorB":0,"colorG":255,"colorR":71,"customProperty":"","flipX":false,"flipY":false,"height":40,"ignoreSize":true,"layoutParameter":null,"opacity":255,"positionPercentX":0,"positionPercentY":0,"positionType":0,"rotation":0,"scaleX":1,"scaleY":1,"sizePercentX":0.6145833,"sizePercentY":0.9302326,"sizeType":0,"tag":15865,"touchAble":false,"useMergedTexture":false,"visible":true,"width":59,"x":0,"y":0,"areaHeight":0,"areaWidth":0,"fontFile":null,"fontName":"微软雅黑","fontSize":31,"hAlignment":0,"text":"+10","touchScaleEnable":false,"vAlignment":0}},{"classname":"Label","name":null,"children":[],"options":{"__type":"LabelSurrogate:#EditorCommon.JsonModel.Component.GUI","classname":"Label","name":"Label_37_0","ZOrder":0,"actiontag":43226538,"anchorPointX":0.5,"anchorPointY":0.5,"classType":"CocoStudio.EngineAdapterWrap.CSLabel","colorB":27,"colorG":95,"colorR":0,"customProperty":"","flipX":false,"flipY":false,"height":39,"ignoreSize":true,"layoutParameter":null,"opacity":255,"positionPercentX":-0.9375,"positionPercentY":0,"positionType":0,"rotation":0,"scaleX":1,"scaleY":1,"sizePercentX":0.7916667,"sizePercentY":0.906976759,"sizeType":0,"tag":15867,"touchAble":false,"useMergedTexture":false,"visible":true,"width":76,"x":-90,"y":0,"areaHeight":0,"areaWidth":0,"fontFile":null,"fontName":"微软雅黑","fontSize":30,"hAlignment":0,"text":"+123","touchScaleEnable":false,"vAlignment":0}},{"classname":"Label","name":null,"children":[],"options":{"__type":"LabelSurrogate:#EditorCommon.JsonModel.Component.GUI","classname":"Label","name":"Label_37_1","ZOrder":0,"actiontag":46678901,"anchorPointX":0.5,"anchorPointY":0.5,"classType":"CocoStudio.EngineAdapterWrap.CSLabel","colorB":0,"colorG":3,"colorR":79,"customProperty":"","flipX":false,"flipY":false,"height":39,"ignoreSize":true,"layoutParameter":null,"opacity":255,"positionPercentX":-1.64583337,"positionPercentY":-0.0232558139,"positionType":0,"rotation":0,"scaleX":1,"scaleY":1,"sizePercentX":0.5625,"sizePercentY":0.906976759,"sizeType":0,"tag":15870,"touchAble":false,"useMergedTexture":false,"visible":true,"width":54,"x":-158,"y":-1,"areaHeight":0,"areaWidth":0,"fontFile":null,"fontName":"微软雅黑","fontSize":30,"hAlignment":0,"text":"323","touchScaleEnable":false,"vAlignment":0}}],"options":{"__type":"ImageViewSurrogate:#EditorCommon.JsonModel.Component.GUI","classname":"ImageView","name":"Image_25_0_0","ZOrder":1,"actiontag":66595680,"anchorPointX":0.5,"anchorPointY":0.5,"classType":"CocoStudio.EngineAdapterWrap.CSImageView","colorB":255,"colorG":255,"colorR":255,"customProperty":"","flipX":false,"flipY":false,"height":43,"ignoreSize":true,"layoutParameter":null,"opacity":255,"positionPercentX":0.68,"positionPercentY":0.565454543,"positionType":0,"rotation":0,"scaleX":1,"scaleY":1,"sizePercentX":0.213333338,"sizePercentY":0.07818182,"sizeType":0,"tag":13472,"touchAble":false,"useMergedTexture":false,"visible":true,"width":96,"x":306,"y":311,"capInsetsHeight":1,"capInsetsWidth":1,"capInsetsX":0,"capInsetsY":0,"fileName":null,"fileNameData":{"path":"grensx0011-4.png","plistFile":"","resourceType":0},"scale9Enable":false,"scale9Height":43,"scale9Width":96}},{"classname":"ImageView","name":null,"children":[{"classname":"Button","name":null,"children":[],"options":{"__type":"ButtonSurrogate:#EditorCommon.JsonModel.Component.GUI","classname":"Button","name":"Button_27","ZOrder":0,"actiontag":61481276,"anchorPointX":0.5,"anchorPointY":0.5,"classType":"CocoStudio.EngineAdapterWrap.CSButton","colorB":255,"colorG":255,"colorR":255,"customProperty":"","flipX":false,"flipY":false,"height":62,"ignoreSize":true,"layoutParameter":null,"opacity":255,"positionPercentX":0.8854167,"positionPercentY":0.0697674453,"positionType":0,"rotation":0,"scaleX":0.855697751,"scaleY":0.855697751,"sizePercentX":0.6770833,"sizePercentY":1.44186044,"sizeType":0,"tag":15878,"touchAble":true,"useMergedTexture":false,"visible":true,"width":65,"x":85,"y":3,"capInsetsHeight":1,"capInsetsWidth":1,"capInsetsX":0,"capInsetsY":0,"disabled":null,"disabledData":{"path":"grensx0011-3.png","plistFile":"","resourceType":0},"fontName":"微软雅黑","fontSize":14,"fontType":0,"normal":null,"normalData":{"path":"grensx0011-1.png","plistFile":"","resourceType":0},"pressed":null,"pressedData":{"path":"grensx0011-2.png","plistFile":"","resourceType":0},"scale9Enable":false,"scale9Height":62,"scale9Width":65,"text":"","textColorB":255,"textColorG":255,"textColorR":255}},{"classname":"Label","name":null,"children":[],"options":{"__type":"LabelSurrogate:#EditorCommon.JsonModel.Component.GUI","classname":"Label","name":"Label_37","ZOrder":0,"actiontag":16460576,"anchorPointX":0.5,"anchorPointY":0.5,"classType":"CocoStudio.EngineAdapterWrap.CSLabel","colorB":0,"colorG":38,"colorR":79,"customProperty":"","flipX":false,"flipY":false,"height":40,"ignoreSize":true,"layoutParameter":null,"opacity":255,"positionPercentX":-2.35416675,"positionPercentY":0,"positionType":0,"rotation":0,"scaleX":1,"scaleY":1,"sizePercentX":0.8125,"sizePercentY":0.9302326,"sizeType":0,"tag":15879,"touchAble":false,"useMergedTexture":false,"visible":true,"width":78,"x":-226,"y":0,"areaHeight":0,"areaWidth":0,"fontFile":null,"fontName":"微软雅黑","fontSize":31,"hAlignment":0,"text":"力 量:","touchScaleEnable":false,"vAlignment":0}},{"classname":"Label","name":null,"children":[],"options":{"__type":"LabelSurrogate:#EditorCommon.JsonModel.Component.GUI","classname":"Label","name":"Label_34","ZOrder":0,"actiontag":13927464,"anchorPointX":0.5,"anchorPointY":0.5,"classType":"CocoStudio.EngineAdapterWrap.CSLabel","colorB":0,"colorG":255,"colorR":71,"customProperty":"","flipX":false,"flipY":false,"height":40,"ignoreSize":true,"layoutParameter":null,"opacity":255,"positionPercentX":0,"positionPercentY":0,"positionType":0,"rotation":0,"scaleX":1,"scaleY":1,"sizePercentX":0.6145833,"sizePercentY":0.9302326,"sizeType":0,"tag":15880,"touchAble":false,"useMergedTexture":false,"visible":true,"width":59,"x":0,"y":0,"areaHeight":0,"areaWidth":0,"fontFile":null,"fontName":"微软雅黑","fontSize":31,"hAlignment":0,"text":"+10","touchScaleEnable":false,"vAlignment":0}},{"classname":"Label","name":null,"children":[],"options":{"__type":"LabelSurrogate:#EditorCommon.JsonModel.Component.GUI","classname":"Label","name":"Label_37_0","ZOrder":0,"actiontag":58238316,"anchorPointX":0.5,"anchorPointY":0.5,"classType":"CocoStudio.EngineAdapterWrap.CSLabel","colorB":27,"colorG":95,"colorR":0,"customProperty":"","flipX":false,"flipY":false,"height":39,"ignoreSize":true,"layoutParameter":null,"opacity":255,"positionPercentX":-0.9375,"positionPercentY":0,"positionType":0,"rotation":0,"scaleX":1,"scaleY":1,"sizePercentX":0.7916667,"sizePercentY":0.906976759,"sizeType":0,"tag":15881,"touchAble":false,"useMergedTexture":false,"visible":true,"width":76,"x":-90,"y":0,"areaHeight":0,"areaWidth":0,"fontFile":null,"fontName":"微软雅黑","fontSize":30,"hAlignment":0,"text":"+123","touchScaleEnable":false,"vAlignment":0}},{"classname":"Label","name":null,"children":[],"options":{"__type":"LabelSurrogate:#EditorCommon.JsonModel.Component.GUI","classname":"Label","name":"Label_37_1","ZOrder":0,"actiontag":54382796,"anchorPointX":0.5,"anchorPointY":0.5,"classType":"CocoStudio.EngineAdapterWrap.CSLabel","colorB":0,"colorG":3,"colorR":79,"customProperty":"","flipX":false,"flipY":false,"height":39,"ignoreSize":true,"layoutParameter":null,"opacity":255,"positionPercentX":-1.64583337,"positionPercentY":-0.0232558139,"positionType":0,"rotation":0,"scaleX":1,"scaleY":1,"sizePercentX":0.5625,"sizePercentY":0.906976759,"sizeType":0,"tag":15882,"touchAble":false,"useMergedTexture":false,"visible":true,"width":54,"x":-158,"y":-1,"areaHeight":0,"areaWidth":0,"fontFile":null,"fontName":"微软雅黑","fontSize":30,"hAlignment":0,"text":"323","touchScaleEnable":false,"vAlignment":0}}],"options":{"__type":"ImageViewSurrogate:#EditorCommon.JsonModel.Component.GUI","classname":"ImageView","name":"Image_25_0_0_0","ZOrder":1,"actiontag":29200874,"anchorPointX":0.5,"anchorPointY":0.5,"classType":"CocoStudio.EngineAdapterWrap.CSImageView","colorB":255,"colorG":255,"colorR":255,"customProperty":"","flipX":false,"flipY":false,"height":43,"ignoreSize":true,"layoutParameter":null,"opacity":255,"positionPercentX":0.6755555,"positionPercentY":0.789090931,"positionType":0,"rotation":0,"scaleX":1,"scaleY":1,"sizePercentX":0.213333338,"sizePercentY":0.07818182,"sizeType":0,"tag":15877,"touchAble":false,"useMergedTexture":false,"visible":true,"width":96,"x":304,"y":434,"capInsetsHeight":1,"capInsetsWidth":1,"capInsetsX":0,"capInsetsY":0,"fileName":null,"fileNameData":{"path":"grensx0011-4.png","plistFile":"","resourceType":0},"scale9Enable":false,"scale9Height":43,"scale9Width":96}},{"classname":"ImageView","name":null,"children":[{"classname":"Button","name":null,"children":[],"options":{"__type":"ButtonSurrogate:#EditorCommon.JsonModel.Component.GUI","classname":"Button","name":"Button_27","ZOrder":0,"actiontag":48492385,"anchorPointX":0.5,"anchorPointY":0.5,"classType":"CocoStudio.EngineAdapterWrap.CSButton","colorB":255,"colorG":255,"colorR":255,"customProperty":"","flipX":false,"flipY":false,"height":62,"ignoreSize":true,"layoutParameter":null,"opacity":255,"positionPercentX":0.8854167,"positionPercentY":0.0697674453,"positionType":0,"rotation":0,"scaleX":0.878221,"scaleY":0.878221,"sizePercentX":0.6770833,"sizePercentY":1.44186044,"sizeType":0,"tag":15890,"touchAble":true,"useMergedTexture":false,"visible":true,"width":65,"x":85,"y":3,"capInsetsHeight":1,"capInsetsWidth":1,"capInsetsX":0,"capInsetsY":0,"disabled":null,"disabledData":{"path":"grensx0011-3.png","plistFile":"","resourceType":0},"fontName":"微软雅黑","fontSize":14,"fontType":0,"normal":null,"normalData":{"path":"grensx0011-1.png","plistFile":"","resourceType":0},"pressed":null,"pressedData":{"path":"grensx0011-2.png","plistFile":"","resourceType":0},"scale9Enable":false,"scale9Height":62,"scale9Width":65,"text":"","textColorB":255,"textColorG":255,"textColorR":255}},{"classname":"Label","name":null,"children":[],"options":{"__type":"LabelSurrogate:#EditorCommon.JsonModel.Component.GUI","classname":"Label","name":"Label_37","ZOrder":0,"actiontag":33778289,"anchorPointX":0.5,"anchorPointY":0.5,"classType":"CocoStudio.EngineAdapterWrap.CSLabel","colorB":0,"colorG":38,"colorR":79,"customProperty":"","flipX":false,"flipY":false,"height":40,"ignoreSize":true,"layoutParameter":null,"opacity":255,"positionPercentX":-2.35416675,"positionPercentY":0,"positionType":0,"rotation":0,"scaleX":1,"scaleY":1,"sizePercentX":0.8125,"sizePercentY":0.9302326,"sizeType":0,"tag":15891,"touchAble":false,"useMergedTexture":false,"visible":true,"width":78,"x":-226,"y":0,"areaHeight":0,"areaWidth":0,"fontFile":null,"fontName":"微软雅黑","fontSize":31,"hAlignment":0,"text":"力 量:","touchScaleEnable":false,"vAlignment":0}},{"classname":"Label","name":null,"children":[],"options":{"__type":"LabelSurrogate:#EditorCommon.JsonModel.Component.GUI","classname":"Label","name":"Label_34","ZOrder":0,"actiontag":35569146,"anchorPointX":0.5,"anchorPointY":0.5,"classType":"CocoStudio.EngineAdapterWrap.CSLabel","colorB":0,"colorG":255,"colorR":71,"customProperty":"","flipX":false,"flipY":false,"height":40,"ignoreSize":true,"layoutParameter":null,"opacity":255,"positionPercentX":0,"positionPercentY":0,"positionType":0,"rotation":0,"scaleX":1,"scaleY":1,"sizePercentX":0.6145833,"sizePercentY":0.9302326,"sizeType":0,"tag":15892,"touchAble":false,"useMergedTexture":false,"visible":true,"width":59,"x":0,"y":0,"areaHeight":0,"areaWidth":0,"fontFile":null,"fontName":"微软雅黑","fontSize":31,"hAlignment":0,"text":"+10","touchScaleEnable":false,"vAlignment":0}},{"classname":"Label","name":null,"children":[],"options":{"__type":"LabelSurrogate:#EditorCommon.JsonModel.Component.GUI","classname":"Label","name":"Label_37_0","ZOrder":0,"actiontag":51686863,"anchorPointX":0.5,"anchorPointY":0.5,"classType":"CocoStudio.EngineAdapterWrap.CSLabel","colorB":27,"colorG":95,"colorR":0,"customProperty":"","flipX":false,"flipY":false,"height":39,"ignoreSize":true,"layoutParameter":null,"opacity":255,"positionPercentX":-0.9375,"positionPercentY":0,"positionType":0,"rotation":0,"scaleX":1,"scaleY":1,"sizePercentX":0.7916667,"sizePercentY":0.906976759,"sizeType":0,"tag":15893,"touchAble":false,"useMergedTexture":false,"visible":true,"width":76,"x":-90,"y":0,"areaHeight":0,"areaWidth":0,"fontFile":null,"fontName":"微软雅黑","fontSize":30,"hAlignment":0,"text":"+123","touchScaleEnable":false,"vAlignment":0}},{"classname":"Label","name":null,"children":[],"options":{"__type":"LabelSurrogate:#EditorCommon.JsonModel.Component.GUI","classname":"Label","name":"Label_37_1","ZOrder":0,"actiontag":62528583,"anchorPointX":0.5,"anchorPointY":0.5,"classType":"CocoStudio.EngineAdapterWrap.CSLabel","colorB":0,"colorG":3,"colorR":79,"customProperty":"","flipX":false,"flipY":false,"height":39,"ignoreSize":true,"layoutParameter":null,"opacity":255,"positionPercentX":-1.64583337,"positionPercentY":-0.0232558139,"positionType":0,"rotation":0,"scaleX":1,"scaleY":1,"sizePercentX":0.5625,"sizePercentY":0.906976759,"sizeType":0,"tag":15894,"touchAble":false,"useMergedTexture":false,"visible":true,"width":54,"x":-158,"y":-1,"areaHeight":0,"areaWidth":0,"fontFile":null,"fontName":"微软雅黑","fontSize":30,"hAlignment":0,"text":"323","touchScaleEnable":false,"vAlignment":0}}],"options":{"__type":"ImageViewSurrogate:#EditorCommon.JsonModel.Component.GUI","classname":"ImageView","name":"Image_25_0_0_1","ZOrder":1,"actiontag":20301123,"anchorPointX":0.5,"anchorPointY":0.5,"classType":"CocoStudio.EngineAdapterWrap.CSImageView","colorB":255,"colorG":255,"colorR":255,"customProperty":"","flipX":false,"flipY":false,"height":43,"ignoreSize":true,"layoutParameter":null,"opacity":255,"positionPercentX":0.677777767,"positionPercentY":0.68,"positionType":0,"rotation":0,"scaleX":1,"scaleY":1,"sizePercentX":0.213333338,"sizePercentY":0.07818182,"sizeType":0,"tag":15889,"touchAble":false,"useMergedTexture":false,"visible":true,"width":96,"x":305,"y":374,"capInsetsHeight":1,"capInsetsWidth":1,"capInsetsX":0,"capInsetsY":0,"fileName":null,"fileNameData":{"path":"grensx0011-4.png","plistFile":"","resourceType":0},"scale9Enable":false,"scale9Height":43,"scale9Width":96}}],"options":{"__type":"PanelSurrogate:#EditorCommon.JsonModel.Component.GUI","classname":"Panel","name":"root_panel","ZOrder":0,"actiontag":-1,"anchorPointX":0,"anchorPointY":0,"classType":"CocoStudio.EngineAdapterWrap.CSPanel","colorB":255,"colorG":255,"colorR":255,"customProperty":"","flipX":false,"flipY":false,"height":550,"ignoreSize":false,"layoutParameter":null,"opacity":93,"positionPercentX":0,"positionPercentY":0,"positionType":0,"rotation":0,"scaleX":1,"scaleY":1,"sizePercentX":1,"sizePercentY":1,"sizeType":0,"tag":255,"touchAble":true,"useMergedTexture":false,"visible":true,"width":450,"x":0,"y":0,"adaptScreen":false,"backGroundImage":null,"backGroundImageData":null,"backGroundScale9Enable":false,"bgColorB":255,"bgColorG":200,"bgColorOpacity":0,"bgColorR":150,"bgEndColorB":255,"bgEndColorG":200,"bgEndColorR":150,"bgStartColorB":255,"bgStartColorG":255,"bgStartColorR":255,"capInsetsHeight":1,"capInsetsWidth":1,"capInsetsX":0,"capInsetsY":0,"clipAble":false,"colorType":1,"layoutType":0,"vectorX":0,"vectorY":-0.5}}}