{"classname":null,"name":null,"animation":{"classname":null,"name":"AnimationManager","actionlist":[]},"dataScale":1,"designHeight":550,"designWidth":450,"textures":[],"texturesPng":["cwxzbj01-4.png","cka001-21-1-1.png","cka001-22-1.png","cka001-23.png","cka001-24.png","zsgzksko001.png","zsgzksko01.png","daxx01.png","baozi01.png","sdk2.png","zsgzdxzyx04-1.png","zsgzdxzyx04.png","cka001-21-1-2.png","yun0.png","zs008.png","zs0011.png","yxsxann02.png","yxsxann02-1.png","grensx0011-4.png","grensx0011-1.png","grensx0011-2.png","grensx0011-3.png","yxsxann02.png","yxsxann02-1.png","hyyjn4.png","zs0012.png","hyyjn2.png","zs0013.png","hyyjn1.png","hyyjn3.png","zs008.png","cwxzbj01-4.png","hk01.png","next01.png","hk02.png","hk03.png","hk01-2.png","hk01-1.png","jy01-1.png","jy01-2.png","zsgzdxzyx04-1.png","zsgzdxzyx04.png","cwxzbj01-4.png","zsgzdxzyx04-1.png","zsgzdxzyx04.png","zs0014-3.png","zs008.png","zs003.png","zs005.png","zs004.png","zs0014.png","zs0014-2.png","zs0014-1.png","yun0.png","jh1.png","jh2.png","zduix-1.png","jy01-2-0.png","jy01-2-1.png","cwxzbj01-4.png","sl01_2.png","sl01.png","sl01_3.png","cka001-23.png","cka001-24.png","zsgzksko001.png","zsgzksko01.png","sl01_4.png","sl01_5.png","zb05.png","zs005-1.png","rwxt01.png","rwxt03_1.png","zb01.png","zb04.png","zb02.png","zb03.png","bjguang.png","cka001-21-1-2.png","cka001-21-1-1.png","cwxzbj01-4.png","sb01_1.png","sb01_2.png","tyonganiu01.png","tyonganiu00-1.png","zsgzdxzyx04-1.png","zsgzdxzyx04.png","bl01.png","jia000.png","jia02-1.png","baozi01.png","jia00.png","jb01.png","zs01.png","hk07-1.png","hk07.png","cz01.png","jd01.png","txshux01.png","txshux02.png","txshux00.png","txshux03.png","cwxzbj01-4.png","cka001-21-1-1.png","cka001.png","cka001-19.png","cka001-14.png","zs008.png","grensx0011-4.png","zs01.png","cka001-8.png","sl01_1.png","yxtxxiaoq.png","zs005-1.png","zhili01.png","cka001-11.png","cka001-12.png","jb01.png","cka001-2.png","cka001-18.png","cka001-13.png","cka001-7.png","cka001-22-1.png","yun0.png","zduix-3.png","zsgzdxzyx04-1.png","zsgzdxzyx04.png","cka001-15.png","cka001-16.png","cka001-17.png","cka001-21-1-2.png","cka001-21.png","cka001-22.png","cka001-2.png","cka001-23.png","cka001-24.png","cka001-25.png","jb01.png","cka001-21.png","cka001-22.png","cka001-7.png","cka001-23.png","cka001-24.png","cka001-25.png","zs01.png","cka001-21.png","cka001-22.png","cka001-8.png","cka001-23.png","cka001-24.png","cka001-25.png","zs01.png","yxtxxiaoq.png","zs005-1.png","zhili01.png","cwxzbj01-4.png","XG01.png","XZXX01-1.png","xiaoq-1.png","lv.png","XZXX01.png","XZ0-12.png","bjguang.png","XZ0-13.png","XZ0-14.png","XZ0-15.png","hudie24.png","shui001.png","cwxzbj01-5.png","zs003.png","zs008.png","zs009.png","zs010.png","zb04.png","zb01.png","zb03.png","zb02.png","zb05.png","yxsxann02.png","yxsxann02-1.png","grensx0011-1.png"],"version":"1.6.0.0","widgetTree":{"classname":"Panel","name":null,"children":[{"classname":"ImageView","name":null,"children":[],"options":{"__type":"ImageViewSurrogate:#EditorCommon.JsonModel.Component.GUI","classname":"ImageView","name":"Image_20","ZOrder":0,"actiontag":2128221,"anchorPointX":0.5,"anchorPointY":0.5,"classType":"CocoStudio.EngineAdapterWrap.CSImageView","colorB":255,"colorG":255,"colorR":255,"customProperty":"","flipX":false,"flipY":false,"height":6,"ignoreSize":true,"layoutParameter":null,"opacity":255,"positionPercentX":0.515555561,"positionPercentY":0.3109091,"positionType":0,"rotation":0,"scaleX":1,"scaleY":1,"sizePercentX":0.9444444,"sizePercentY":0.0109090907,"sizeType":0,"tag":7813,"touchAble":false,"useMergedTexture":false,"visible":true,"width":425,"x":232,"y":171,"capInsetsHeight":1,"capInsetsWidth":1,"capInsetsX":0,"capInsetsY":0,"fileName":null,"fileNameData":{"path":"zs003.png","plistFile":"","resourceType":0},"scale9Enable":false,"scale9Height":6,"scale9Width":425}},{"classname":"ImageView","name":null,"children":[{"classname":"Button","name":null,"children":[],"options":{"__type":"ButtonSurrogate:#EditorCommon.JsonModel.Component.GUI","classname":"Button","name":"Button_84","ZOrder":0,"actiontag":32881294,"anchorPointX":0.5,"anchorPointY":0.5,"classType":"CocoStudio.EngineAdapterWrap.CSButton","colorB":255,"colorG":255,"colorR":255,"customProperty":"","flipX":false,"flipY":false,"height":90,"ignoreSize":true,"layoutParameter":null,"opacity":255,"positionPercentX":0.0112044821,"positionPercentY":0,"positionType":0,"rotation":0,"scaleX":1.06666672,"scaleY":1.06666672,"sizePercentX":0.252100855,"sizePercentY":0.2542373,"sizeType":0,"tag":8630,"touchAble":true,"useMergedTexture":false,"visible":true,"width":90,"x":4,"y":0,"capInsetsHeight":1,"capInsetsWidth":1,"capInsetsX":0,"capInsetsY":0,"disabled":null,"disabledData":{"path":null,"plistFile":null,"resourceType":0},"fontName":"微软雅黑","fontSize":14,"fontType":0,"normal":null,"normalData":{"path":"zs009.png","plistFile":"","resourceType":0},"pressed":null,"pressedData":{"path":"zs010.png","plistFile":"","resourceType":0},"scale9Enable":false,"scale9Height":90,"scale9Width":90,"text":"","textColorB":255,"textColorG":255,"textColorR":255}},{"classname":"ImageView","name":null,"children":[],"options":{"__type":"ImageViewSurrogate:#EditorCommon.JsonModel.Component.GUI","classname":"ImageView","name":"Image_85","ZOrder":0,"actiontag":45288080,"anchorPointX":0.5,"anchorPointY":0.5,"classType":"CocoStudio.EngineAdapterWrap.CSImageView","colorB":255,"colorG":255,"colorR":255,"customProperty":"","flipX":false,"flipY":false,"height":89,"ignoreSize":true,"layoutParameter":null,"opacity":255,"positionPercentX":-0.3529412,"positionPercentY":-0.09039548,"positionType":0,"rotation":0,"scaleX":1,"scaleY":1,"sizePercentX":0.243697479,"sizePercentY":0.251412421,"sizeType":0,"tag":8631,"touchAble":false,"useMergedTexture":false,"visible":true,"width":87,"x":-126,"y":-32,"capInsetsHeight":1,"capInsetsWidth":1,"capInsetsX":0,"capInsetsY":0,"fileName":null,"fileNameData":{"path":"zb04.png","plistFile":"","resourceType":0},"scale9Enable":false,"scale9Height":89,"scale9Width":87}},{"classname":"ImageView","name":null,"children":[],"options":{"__type":"ImageViewSurrogate:#EditorCommon.JsonModel.Component.GUI","classname":"ImageView","name":"Image_85_0","ZOrder":0,"actiontag":51434319,"anchorPointX":0.5,"anchorPointY":0.5,"classType":"CocoStudio.EngineAdapterWrap.CSImageView","colorB":255,"colorG":255,"colorR":255,"customProperty":"","flipX":false,"flipY":false,"height":89,"ignoreSize":true,"layoutParameter":null,"opacity":255,"positionPercentX":-0.229691878,"positionPercentY":0.2937853,"positionType":0,"rotation":0,"scaleX":1,"scaleY":1,"sizePercentX":0.243697479,"sizePercentY":0.251412421,"sizeType":0,"tag":8633,"touchAble":false,"useMergedTexture":false,"visible":true,"width":87,"x":-82,"y":104,"capInsetsHeight":1,"capInsetsWidth":1,"capInsetsX":0,"capInsetsY":0,"fileName":null,"fileNameData":{"path":"zb01.png","plistFile":"","resourceType":0},"scale9Enable":false,"scale9Height":89,"scale9Width":87}},{"classname":"ImageView","name":null,"children":[],"options":{"__type":"ImageViewSurrogate:#EditorCommon.JsonModel.Component.GUI","classname":"ImageView","name":"Image_85_1","ZOrder":0,"actiontag":280906,"anchorPointX":0.5,"anchorPointY":0.5,"classType":"CocoStudio.EngineAdapterWrap.CSImageView","colorB":255,"colorG":255,"colorR":255,"customProperty":"","flipX":false,"flipY":false,"height":89,"ignoreSize":true,"layoutParameter":null,"opacity":255,"positionPercentX":0.182072833,"positionPercentY":0.353107333,"positionType":0,"rotation":0,"scaleX":1,"scaleY":1,"sizePercentX":0.243697479,"sizePercentY":0.251412421,"sizeType":0,"tag":8635,"touchAble":false,"useMergedTexture":false,"visible":true,"width":87,"x":65,"y":125,"capInsetsHeight":1,"capInsetsWidth":1,"capInsetsX":0,"capInsetsY":0,"fileName":null,"fileNameData":{"path":"zb03.png","plistFile":"","resourceType":0},"scale9Enable":false,"scale9Height":89,"scale9Width":87}},{"classname":"ImageView","name":null,"children":[],"options":{"__type":"ImageViewSurrogate:#EditorCommon.JsonModel.Component.GUI","classname":"ImageView","name":"Image_85_2","ZOrder":0,"actiontag":57121967,"anchorPointX":0.5,"anchorPointY":0.5,"classType":"CocoStudio.EngineAdapterWrap.CSImageView","colorB":255,"colorG":255,"colorR":255,"customProperty":"","flipX":false,"flipY":false,"height":89,"ignoreSize":true,"layoutParameter":null,"opacity":255,"positionPercentX":0.428571433,"positionPercentY":0.0762711838,"positionType":0,"rotation":0,"scaleX":1,"scaleY":1,"sizePercentX":0.243697479,"sizePercentY":0.251412421,"sizeType":0,"tag":8637,"touchAble":false,"useMergedTexture":false,"visible":true,"width":87,"x":153,"y":27,"capInsetsHeight":1,"capInsetsWidth":1,"capInsetsX":0,"capInsetsY":0,"fileName":null,"fileNameData":{"path":"zb04.png","plistFile":"","resourceType":0},"scale9Enable":false,"scale9Height":89,"scale9Width":87}},{"classname":"ImageView","name":null,"children":[],"options":{"__type":"ImageViewSurrogate:#EditorCommon.JsonModel.Component.GUI","classname":"ImageView","name":"Image_85_3","ZOrder":0,"actiontag":26069484,"anchorPointX":0.5,"anchorPointY":0.5,"classType":"CocoStudio.EngineAdapterWrap.CSImageView","colorB":255,"colorG":255,"colorR":255,"customProperty":"","flipX":false,"flipY":false,"height":89,"ignoreSize":true,"layoutParameter":null,"opacity":255,"positionPercentX":0.3137255,"positionPercentY":-0.3079096,"positionType":0,"rotation":0,"scaleX":1,"scaleY":1,"sizePercentX":0.243697479,"sizePercentY":0.251412421,"sizeType":0,"tag":8639,"touchAble":false,"useMergedTexture":false,"visible":true,"width":87,"x":112,"y":-109,"capInsetsHeight":1,"capInsetsWidth":1,"capInsetsX":0,"capInsetsY":0,"fileName":null,"fileNameData":{"path":"zb02.png","plistFile":"","resourceType":0},"scale9Enable":false,"scale9Height":89,"scale9Width":87}},{"classname":"ImageView","name":null,"children":[],"options":{"__type":"ImageViewSurrogate:#EditorCommon.JsonModel.Component.GUI","classname":"ImageView","name":"Image_85_4","ZOrder":0,"actiontag":10845357,"anchorPointX":0.5,"anchorPointY":0.5,"classType":"CocoStudio.EngineAdapterWrap.CSImageView","colorB":255,"colorG":255,"colorR":255,"customProperty":"","flipX":false,"flipY":false,"height":89,"ignoreSize":true,"layoutParameter":null,"opacity":255,"positionPercentX":-0.100840338,"positionPercentY":-0.387005657,"positionType":0,"rotation":0,"scaleX":1,"scaleY":1,"sizePercentX":0.243697479,"sizePercentY":0.251412421,"sizeType":0,"tag":8641,"touchAble":false,"useMergedTexture":false,"visible":true,"width":87,"x":-36,"y":-137,"capInsetsHeight":1,"capInsetsWidth":1,"capInsetsX":0,"capInsetsY":0,"fileName":null,"fileNameData":{"path":"zb05.png","plistFile":"","resourceType":0},"scale9Enable":false,"scale9Height":89,"scale9Width":87}}],"options":{"__type":"ImageViewSurrogate:#EditorCommon.JsonModel.Component.GUI","classname":"ImageView","name":"Image_83","ZOrder":0,"actiontag":8574997,"anchorPointX":0.5,"anchorPointY":0.5,"classType":"CocoStudio.EngineAdapterWrap.CSImageView","colorB":255,"colorG":255,"colorR":255,"customProperty":"","flipX":false,"flipY":false,"height":354,"ignoreSize":true,"layoutParameter":null,"opacity":255,"positionPercentX":0.50666666,"positionPercentY":0.650909066,"positionType":0,"rotation":0,"scaleX":1,"scaleY":1,"sizePercentX":0.793333352,"sizePercentY":0.643636346,"sizeType":0,"tag":8629,"touchAble":false,"useMergedTexture":false,"visible":true,"width":357,"x":228,"y":358,"capInsetsHeight":1,"capInsetsWidth":1,"capInsetsX":0,"capInsetsY":0,"fileName":null,"fileNameData":{"path":"zs008.png","plistFile":"","resourceType":0},"scale9Enable":false,"scale9Height":354,"scale9Width":357}},{"classname":"Label","name":null,"children":[{"classname":"Label","name":null,"children":[],"options":{"__type":"LabelSurrogate:#EditorCommon.JsonModel.Component.GUI","classname":"Label","name":"Label_108","ZOrder":0,"actiontag":31568231,"anchorPointX":0,"anchorPointY":0.479166657,"classType":"CocoStudio.EngineAdapterWrap.CSLabel","colorB":3,"colorG":2,"colorR":64,"customProperty":"","flipX":false,"flipY":false,"height":35,"ignoreSize":true,"layoutParameter":null,"opacity":255,"positionPercentX":0.442307681,"positionPercentY":-0.0285714287,"positionType":0,"rotation":0,"scaleX":1,"scaleY":1,"sizePercentX":0.5769231,"sizePercentY":1,"sizeType":0,"tag":8654,"touchAble":false,"useMergedTexture":false,"visible":true,"width":60,"x":46,"y":-1,"areaHeight":0,"areaWidth":0,"fontFile":null,"fontName":"微软雅黑","fontSize":26,"hAlignment":0,"text":"1250","touchScaleEnable":false,"vAlignment":0}}],"options":{"__type":"LabelSurrogate:#EditorCommon.JsonModel.Component.GUI","classname":"Label","name":"Label_20","ZOrder":0,"actiontag":36643750,"anchorPointX":0.5,"anchorPointY":0.5,"classType":"CocoStudio.EngineAdapterWrap.CSLabel","colorB":1,"colorG":15,"colorR":51,"customProperty":"","flipX":false,"flipY":false,"height":35,"ignoreSize":true,"layoutParameter":null,"opacity":255,"positionPercentX":0.6288889,"positionPercentY":0.2509091,"positionType":0,"rotation":0,"scaleX":1,"scaleY":1,"sizePercentX":0.231111109,"sizePercentY":0.06363636,"sizeType":0,"tag":14916,"touchAble":false,"useMergedTexture":false,"visible":true,"width":104,"x":283,"y":138,"areaHeight":0,"areaWidth":0,"fontFile":null,"fontName":"微软雅黑","fontSize":26,"hAlignment":0,"text":"战斗力：","touchScaleEnable":false,"vAlignment":0}},{"classname":"Label","name":null,"children":[{"classname":"Label","name":null,"children":[],"options":{"__type":"LabelSurrogate:#EditorCommon.JsonModel.Component.GUI","classname":"Label","name":"Label_44","ZOrder":0,"actiontag":64569474,"anchorPointX":0,"anchorPointY":0.5833333,"classType":"CocoStudio.EngineAdapterWrap.CSLabel","colorB":4,"colorG":40,"colorR":156,"customProperty":"","flipX":false,"flipY":false,"height":35,"ignoreSize":true,"layoutParameter":null,"opacity":255,"positionPercentX":0.913461566,"positionPercentY":0.0571428575,"positionType":0,"rotation":0,"scaleX":1,"scaleY":1,"sizePercentX":0.538461566,"sizePercentY":1,"sizeType":0,"tag":14924,"touchAble":false,"useMergedTexture":false,"visible":true,"width":56,"x":95,"y":2,"areaHeight":0,"areaWidth":0,"fontFile":null,"fontName":"微软雅黑","fontSize":26,"hAlignment":0,"text":"\/150","touchScaleEnable":false,"vAlignment":0}},{"classname":"Button","name":null,"children":[{"classname":"Label","name":null,"children":[],"options":{"__type":"LabelSurrogate:#EditorCommon.JsonModel.Component.GUI","classname":"Label","name":"Label_20_1","ZOrder":0,"actiontag":27832883,"anchorPointX":0.5,"anchorPointY":0.5,"classType":"CocoStudio.EngineAdapterWrap.CSLabel","colorB":255,"colorG":255,"colorR":255,"customProperty":"","flipX":false,"flipY":false,"height":36,"ignoreSize":true,"layoutParameter":null,"opacity":255,"positionPercentX":0,"positionPercentY":0.0714285746,"positionType":0,"rotation":0,"scaleX":1,"scaleY":1,"sizePercentX":0.458598733,"sizePercentY":0.428571433,"sizeType":0,"tag":14926,"touchAble":false,"useMergedTexture":false,"visible":true,"width":72,"x":0,"y":6,"areaHeight":0,"areaWidth":0,"fontFile":null,"fontName":"微软雅黑","fontSize":28,"hAlignment":0,"text":"进  阶","touchScaleEnable":false,"vAlignment":0}}],"options":{"__type":"ButtonSurrogate:#EditorCommon.JsonModel.Component.GUI","classname":"Button","name":"Button_74","ZOrder":0,"actiontag":62744866,"anchorPointX":0.5,"anchorPointY":0.5,"classType":"CocoStudio.EngineAdapterWrap.CSButton","colorB":255,"colorG":255,"colorR":255,"customProperty":"","flipX":false,"flipY":false,"height":84,"ignoreSize":true,"layoutParameter":null,"opacity":255,"positionPercentX":2.71153855,"positionPercentY":-0.0571428575,"positionType":0,"rotation":0,"scaleX":1,"scaleY":1,"sizePercentX":1.50961542,"sizePercentY":2.4,"sizeType":0,"tag":14925,"touchAble":true,"useMergedTexture":false,"visible":true,"width":157,"x":282,"y":-2,"capInsetsHeight":1,"capInsetsWidth":1,"capInsetsX":0,"capInsetsY":0,"disabled":null,"disabledData":{"path":null,"plistFile":null,"resourceType":0},"fontName":"微软雅黑","fontSize":14,"fontType":0,"normal":null,"normalData":{"path":"yxsxann02.png","plistFile":"","resourceType":0},"pressed":null,"pressedData":{"path":"yxsxann02-1.png","plistFile":"","resourceType":0},"scale9Enable":false,"scale9Height":84,"scale9Width":157,"text":"","textColorB":255,"textColorG":255,"textColorR":255}},{"classname":"Button","name":null,"children":[],"options":{"__type":"ButtonSurrogate:#EditorCommon.JsonModel.Component.GUI","classname":"Button","name":"Button_119","ZOrder":0,"actiontag":49169358,"anchorPointX":1,"anchorPointY":1,"classType":"CocoStudio.EngineAdapterWrap.CSButton","colorB":255,"colorG":255,"colorR":255,"customProperty":"","flipX":false,"flipY":false,"height":62,"ignoreSize":true,"layoutParameter":null,"opacity":255,"positionPercentX":1.93269229,"positionPercentY":0.5714286,"positionType":0,"rotation":0,"scaleX":0.6617779,"scaleY":0.6617779,"sizePercentX":0.625,"sizePercentY":1.77142859,"sizeType":0,"tag":14927,"touchAble":true,"useMergedTexture":false,"visible":true,"width":65,"x":201,"y":20,"capInsetsHeight":1,"capInsetsWidth":1,"capInsetsX":0,"capInsetsY":0,"disabled":null,"disabledData":{"path":null,"plistFile":null,"resourceType":0},"fontName":"微软雅黑","fontSize":14,"fontType":0,"normal":null,"normalData":{"path":"grensx0011-1.png","plistFile":"","resourceType":0},"pressed":null,"pressedData":{"path":null,"plistFile":null,"resourceType":0},"scale9Enable":false,"scale9Height":62,"scale9Width":65,"text":"","textColorB":255,"textColorG":255,"textColorR":255}},{"classname":"Label","name":null,"children":[],"options":{"__type":"LabelSurrogate:#EditorCommon.JsonModel.Component.GUI","classname":"Label","name":"Label_108","ZOrder":0,"actiontag":39871045,"anchorPointX":0,"anchorPointY":0.479166657,"classType":"CocoStudio.EngineAdapterWrap.CSLabel","colorB":3,"colorG":2,"colorR":64,"customProperty":"","flipX":false,"flipY":false,"height":35,"ignoreSize":true,"layoutParameter":null,"opacity":255,"positionPercentX":0.442307681,"positionPercentY":-0.0285714287,"positionType":0,"rotation":0,"scaleX":1,"scaleY":1,"sizePercentX":0.432692319,"sizePercentY":1,"sizeType":0,"tag":14928,"touchAble":false,"useMergedTexture":false,"visible":true,"width":45,"x":46,"y":-1,"areaHeight":0,"areaWidth":0,"fontFile":null,"fontName":"微软雅黑","fontSize":26,"hAlignment":0,"text":"150","touchScaleEnable":false,"vAlignment":0}}],"options":{"__type":"LabelSurrogate:#EditorCommon.JsonModel.Component.GUI","classname":"Label","name":"Label_20_0","ZOrder":0,"actiontag":56409566,"anchorPointX":0.5,"anchorPointY":0.5,"classType":"CocoStudio.EngineAdapterWrap.CSLabel","colorB":1,"colorG":15,"colorR":51,"customProperty":"","flipX":false,"flipY":false,"height":35,"ignoreSize":true,"layoutParameter":null,"opacity":255,"positionPercentX":0.164444447,"positionPercentY":0.0563636348,"positionType":0,"rotation":0,"scaleX":1,"scaleY":1,"sizePercentX":0.231111109,"sizePercentY":0.06363636,"sizeType":0,"tag":14923,"touchAble":false,"useMergedTexture":false,"visible":true,"width":104,"x":74,"y":31,"areaHeight":0,"areaWidth":0,"fontFile":null,"fontName":"微软雅黑","fontSize":26,"hAlignment":0,"text":"魂魄石：","touchScaleEnable":false,"vAlignment":0}},{"classname":"Label","name":null,"children":[{"classname":"Label","name":null,"children":[],"options":{"__type":"LabelSurrogate:#EditorCommon.JsonModel.Component.GUI","classname":"Label","name":"Label_44","ZOrder":0,"actiontag":64577910,"anchorPointX":0,"anchorPointY":0.5833333,"classType":"CocoStudio.EngineAdapterWrap.CSLabel","colorB":4,"colorG":40,"colorR":156,"customProperty":"","flipX":false,"flipY":false,"height":35,"ignoreSize":true,"layoutParameter":null,"opacity":255,"positionPercentX":1.35897434,"positionPercentY":0.0571428575,"positionType":0,"rotation":0,"scaleX":1,"scaleY":1,"sizePercentX":0.717948735,"sizePercentY":1,"sizeType":0,"tag":14933,"touchAble":false,"useMergedTexture":false,"visible":true,"width":56,"x":106,"y":2,"areaHeight":0,"areaWidth":0,"fontFile":null,"fontName":"微软雅黑","fontSize":26,"hAlignment":0,"text":"\/150","touchScaleEnable":false,"vAlignment":0}},{"classname":"Label","name":null,"children":[],"options":{"__type":"LabelSurrogate:#EditorCommon.JsonModel.Component.GUI","classname":"Label","name":"Label_108","ZOrder":0,"actiontag":44330285,"anchorPointX":0,"anchorPointY":0.479166657,"classType":"CocoStudio.EngineAdapterWrap.CSLabel","colorB":3,"colorG":2,"colorR":64,"customProperty":"","flipX":false,"flipY":false,"height":35,"ignoreSize":true,"layoutParameter":null,"opacity":255,"positionPercentX":0.5897436,"positionPercentY":-0.0285714287,"positionType":0,"rotation":0,"scaleX":1,"scaleY":1,"sizePercentX":0.7692308,"sizePercentY":1,"sizeType":0,"tag":14934,"touchAble":false,"useMergedTexture":false,"visible":true,"width":60,"x":46,"y":-1,"areaHeight":0,"areaWidth":0,"fontFile":null,"fontName":"微软雅黑","fontSize":26,"hAlignment":0,"text":"1250","touchScaleEnable":false,"vAlignment":0}}],"options":{"__type":"LabelSurrogate:#EditorCommon.JsonModel.Component.GUI","classname":"Label","name":"Label_20_1","ZOrder":0,"actiontag":44458025,"anchorPointX":0.5,"anchorPointY":0.5,"classType":"CocoStudio.EngineAdapterWrap.CSLabel","colorB":1,"colorG":15,"colorR":51,"customProperty":"","flipX":false,"flipY":false,"height":35,"ignoreSize":true,"layoutParameter":null,"opacity":255,"positionPercentX":0.137777776,"positionPercentY":0.154545456,"positionType":0,"rotation":0,"scaleX":1,"scaleY":1,"sizePercentX":0.173333332,"sizePercentY":0.06363636,"sizeType":0,"tag":14932,"touchAble":false,"useMergedTexture":false,"visible":true,"width":78,"x":62,"y":85,"areaHeight":0,"areaWidth":0,"fontFile":null,"fontName":"微软雅黑","fontSize":26,"hAlignment":0,"text":"经验：","touchScaleEnable":false,"vAlignment":0}},{"classname":"Label","name":null,"children":[{"classname":"Label","name":null,"children":[],"options":{"__type":"LabelSurrogate:#EditorCommon.JsonModel.Component.GUI","classname":"Label","name":"Label_44","ZOrder":0,"actiontag":18873464,"anchorPointX":0,"anchorPointY":0.5833333,"classType":"CocoStudio.EngineAdapterWrap.CSLabel","colorB":4,"colorG":40,"colorR":156,"customProperty":"","flipX":false,"flipY":false,"height":35,"ignoreSize":true,"layoutParameter":null,"opacity":255,"positionPercentX":1.35897434,"positionPercentY":0.0571428575,"positionType":0,"rotation":0,"scaleX":1,"scaleY":1,"sizePercentX":0.717948735,"sizePercentY":1,"sizeType":0,"tag":14939,"touchAble":false,"useMergedTexture":false,"visible":true,"width":56,"x":106,"y":2,"areaHeight":0,"areaWidth":0,"fontFile":null,"fontName":"微软雅黑","fontSize":26,"hAlignment":0,"text":"\/150","touchScaleEnable":false,"vAlignment":0}},{"classname":"Label","name":null,"children":[],"options":{"__type":"LabelSurrogate:#EditorCommon.JsonModel.Component.GUI","classname":"Label","name":"Label_108","ZOrder":0,"actiontag":35643450,"anchorPointX":0,"anchorPointY":0.479166657,"classType":"CocoStudio.EngineAdapterWrap.CSLabel","colorB":3,"colorG":2,"colorR":64,"customProperty":"","flipX":false,"flipY":false,"height":35,"ignoreSize":true,"layoutParameter":null,"opacity":255,"positionPercentX":0.5897436,"positionPercentY":-0.0285714287,"positionType":0,"rotation":0,"scaleX":1,"scaleY":1,"sizePercentX":0.7692308,"sizePercentY":1,"sizeType":0,"tag":14940,"touchAble":false,"useMergedTexture":false,"visible":true,"width":60,"x":46,"y":-1,"areaHeight":0,"areaWidth":0,"fontFile":null,"fontName":"微软雅黑","fontSize":26,"hAlignment":0,"text":"1250","touchScaleEnable":false,"vAlignment":0}}],"options":{"__type":"LabelSurrogate:#EditorCommon.JsonModel.Component.GUI","classname":"Label","name":"Label_20_2","ZOrder":0,"actiontag":17010132,"anchorPointX":0.5,"anchorPointY":0.5,"classType":"CocoStudio.EngineAdapterWrap.CSLabel","colorB":1,"colorG":15,"colorR":51,"customProperty":"","flipX":false,"flipY":false,"height":35,"ignoreSize":true,"layoutParameter":null,"opacity":255,"positionPercentX":0.137777776,"positionPercentY":0.25454545,"positionType":0,"rotation":0,"scaleX":1,"scaleY":1,"sizePercentX":0.173333332,"sizePercentY":0.06363636,"sizeType":0,"tag":14938,"touchAble":false,"useMergedTexture":false,"visible":true,"width":78,"x":62,"y":140,"areaHeight":0,"areaWidth":0,"fontFile":null,"fontName":"微软雅黑","fontSize":26,"hAlignment":0,"text":"等级：","touchScaleEnable":false,"vAlignment":0}}],"options":{"__type":"PanelSurrogate:#EditorCommon.JsonModel.Component.GUI","classname":"Panel","name":"root_panel","ZOrder":0,"actiontag":-1,"anchorPointX":0,"anchorPointY":0,"classType":"CocoStudio.EngineAdapterWrap.CSPanel","colorB":255,"colorG":255,"colorR":255,"customProperty":"","flipX":false,"flipY":false,"height":550,"ignoreSize":false,"layoutParameter":null,"opacity":255,"positionPercentX":0,"positionPercentY":0,"positionType":0,"rotation":0,"scaleX":1,"scaleY":1,"sizePercentX":1,"sizePercentY":1,"sizeType":0,"tag":255,"touchAble":true,"useMergedTexture":false,"visible":true,"width":450,"x":0,"y":0,"adaptScreen":false,"backGroundImage":null,"backGroundImageData":null,"backGroundScale9Enable":false,"bgColorB":255,"bgColorG":200,"bgColorOpacity":0,"bgColorR":150,"bgEndColorB":255,"bgEndColorG":200,"bgEndColorR":150,"bgStartColorB":255,"bgStartColorG":255,"bgStartColorR":255,"capInsetsHeight":1,"capInsetsWidth":1,"capInsetsX":0,"capInsetsY":0,"clipAble":false,"colorType":1,"layoutType":0,"vectorX":0,"vectorY":-0.5}}}