{"classname":null,"name":null,"animation":{"classname":null,"name":"AnimationManager","actionlist":[]},"dataScale":1,"designHeight":570,"designWidth":450,"textures":[],"texturesPng":["cwxzbj01-4.png","cka001-21-1-1.png","cka001-22-1.png","cka001-23.png","cka001-24.png","zsgzksko001.png","zsgzksko01.png","daxx01.png","baozi01.png","sdk2.png","zsgzdxzyx04-1.png","zsgzdxzyx04.png","cka001-21-1-2.png","yun0.png","zs008.png","zs0011.png","yxsxann02.png","yxsxann02-1.png","grensx0011-4.png","grensx0011-1.png","grensx0011-2.png","grensx0011-3.png","yxsxann02.png","yxsxann02-1.png","hyyjn4.png","zs0012.png","hyyjn2.png","zs0013.png","hyyjn1.png","hyyjn3.png","zs008.png"],"version":"1.6.0.0","widgetTree":{"classname":"Panel","name":null,"children":[{"classname":"Button","name":null,"children":[{"classname":"Label","name":null,"children":[],"options":{"__type":"LabelSurrogate:#EditorCommon.JsonModel.Component.GUI","classname":"Label","name":"Label_21","ZOrder":0,"actiontag":3715731,"anchorPointX":0.5,"anchorPointY":0.5,"classType":"CocoStudio.EngineAdapterWrap.CSLabel","colorB":255,"colorG":255,"colorR":255,"customProperty":"","flipX":false,"flipY":false,"height":36,"ignoreSize":true,"layoutParameter":null,"opacity":255,"positionPercentX":-0.006369427,"positionPercentY":0.0833333358,"positionType":0,"rotation":0,"scaleX":1,"scaleY":1,"sizePercentX":0.458598733,"sizePercentY":0.428571433,"sizeType":0,"tag":13989,"touchAble":false,"useMergedTexture":false,"visible":true,"width":72,"x":-1,"y":7,"areaHeight":0,"areaWidth":0,"fontFile":null,"fontName":"微软雅黑","fontSize":28,"hAlignment":0,"text":"重  置","touchScaleEnable":false,"vAlignment":0}}],"options":{"__type":"ButtonSurrogate:#EditorCommon.JsonModel.Component.GUI","classname":"Button","name":"Button_74_1","ZOrder":0,"actiontag":37707992,"anchorPointX":0.5,"anchorPointY":0.5,"classType":"CocoStudio.EngineAdapterWrap.CSButton","colorB":255,"colorG":255,"colorR":255,"customProperty":"","flipX":false,"flipY":false,"height":84,"ignoreSize":true,"layoutParameter":null,"opacity":255,"positionPercentX":0.8377778,"positionPercentY":0.056140352,"positionType":0,"rotation":0,"scaleX":1,"scaleY":1,"sizePercentX":0.348888874,"sizePercentY":0.147368416,"sizeType":0,"tag":8663,"touchAble":true,"useMergedTexture":false,"visible":true,"width":157,"x":377,"y":32,"capInsetsHeight":1,"capInsetsWidth":1,"capInsetsX":0,"capInsetsY":0,"disabled":null,"disabledData":{"path":null,"plistFile":null,"resourceType":0},"fontName":"微软雅黑","fontSize":14,"fontType":0,"normal":null,"normalData":{"path":"yxsxann02.png","plistFile":"","resourceType":0},"pressed":null,"pressedData":{"path":"yxsxann02-1.png","plistFile":"","resourceType":0},"scale9Enable":false,"scale9Height":84,"scale9Width":157,"text":"","textColorB":255,"textColorG":255,"textColorR":255}},{"classname":"Button","name":null,"children":[{"classname":"ImageView","name":null,"children":[{"classname":"Label","name":null,"children":[],"options":{"__type":"LabelSurrogate:#EditorCommon.JsonModel.Component.GUI","classname":"Label","name":"Label_60","ZOrder":0,"actiontag":18555976,"anchorPointX":0.5,"anchorPointY":0.5,"classType":"CocoStudio.EngineAdapterWrap.CSLabel","colorB":4,"colorG":232,"colorR":255,"customProperty":"","flipX":false,"flipY":false,"height":27,"ignoreSize":true,"layoutParameter":null,"opacity":255,"positionPercentX":0,"positionPercentY":0,"positionType":0,"rotation":0,"scaleX":1,"scaleY":1,"sizePercentX":0.702127635,"sizePercentY":1.22727275,"sizeType":0,"tag":14956,"touchAble":false,"useMergedTexture":false,"visible":true,"width":33,"x":0,"y":0,"areaHeight":0,"areaWidth":0,"fontFile":null,"fontName":"微软雅黑","fontSize":20,"hAlignment":0,"text":"1\/3","touchScaleEnable":false,"vAlignment":0}}],"options":{"__type":"ImageViewSurrogate:#EditorCommon.JsonModel.Component.GUI","classname":"ImageView","name":"Image_25","ZOrder":0,"actiontag":54384032,"anchorPointX":0.5,"anchorPointY":0.5,"classType":"CocoStudio.EngineAdapterWrap.CSImageView","colorB":255,"colorG":255,"colorR":255,"customProperty":"","flipX":false,"flipY":false,"height":22,"ignoreSize":true,"layoutParameter":null,"opacity":255,"positionPercentX":0.0105263162,"positionPercentY":-0.221052632,"positionType":0,"rotation":0,"scaleX":1,"scaleY":1,"sizePercentX":0.49473685,"sizePercentY":0.231578946,"sizeType":0,"tag":9543,"touchAble":false,"useMergedTexture":false,"visible":true,"width":47,"x":1,"y":-21,"capInsetsHeight":1,"capInsetsWidth":1,"capInsetsX":0,"capInsetsY":0,"fileName":null,"fileNameData":{"path":"zs0012.png","plistFile":"","resourceType":0},"scale9Enable":false,"scale9Height":22,"scale9Width":47}}],"options":{"__type":"ButtonSurrogate:#EditorCommon.JsonModel.Component.GUI","classname":"Button","name":"Button_24_0_1_2","ZOrder":1,"actiontag":43325372,"anchorPointX":0.5,"anchorPointY":0.5,"classType":"CocoStudio.EngineAdapterWrap.CSButton","colorB":255,"colorG":255,"colorR":255,"customProperty":"","flipX":false,"flipY":false,"height":95,"ignoreSize":true,"layoutParameter":null,"opacity":255,"positionPercentX":0.608888865,"positionPercentY":0.1877193,"positionType":0,"rotation":0,"scaleX":0.873684168,"scaleY":0.873684168,"sizePercentX":0.211111113,"sizePercentY":0.166666672,"sizeType":0,"tag":9542,"touchAble":true,"useMergedTexture":false,"visible":true,"width":95,"x":274,"y":107,"capInsetsHeight":1,"capInsetsWidth":1,"capInsetsX":0,"capInsetsY":0,"disabled":null,"disabledData":{"path":null,"plistFile":null,"resourceType":0},"fontName":"微软雅黑","fontSize":14,"fontType":0,"normal":null,"normalData":{"path":"hyyjn4.png","plistFile":"","resourceType":0},"pressed":null,"pressedData":{"path":null,"plistFile":null,"resourceType":0},"scale9Enable":false,"scale9Height":95,"scale9Width":95,"text":"","textColorB":255,"textColorG":255,"textColorR":255}},{"classname":"Button","name":null,"children":[{"classname":"ImageView","name":null,"children":[{"classname":"Label","name":null,"children":[],"options":{"__type":"LabelSurrogate:#EditorCommon.JsonModel.Component.GUI","classname":"Label","name":"Label_52","ZOrder":0,"actiontag":32974761,"anchorPointX":0.5,"anchorPointY":0.5,"classType":"CocoStudio.EngineAdapterWrap.CSLabel","colorB":4,"colorG":232,"colorR":255,"customProperty":"","flipX":false,"flipY":false,"height":27,"ignoreSize":true,"layoutParameter":null,"opacity":255,"positionPercentX":0,"positionPercentY":0,"positionType":0,"rotation":0,"scaleX":1,"scaleY":1,"sizePercentX":0.702127635,"sizePercentY":1.22727275,"sizeType":0,"tag":14948,"touchAble":false,"useMergedTexture":false,"visible":true,"width":33,"x":0,"y":0,"areaHeight":0,"areaWidth":0,"fontFile":null,"fontName":"微软雅黑","fontSize":20,"hAlignment":0,"text":"1\/3","touchScaleEnable":false,"vAlignment":0}}],"options":{"__type":"ImageViewSurrogate:#EditorCommon.JsonModel.Component.GUI","classname":"ImageView","name":"Image_25","ZOrder":0,"actiontag":23646339,"anchorPointX":0.5,"anchorPointY":0.5,"classType":"CocoStudio.EngineAdapterWrap.CSImageView","colorB":255,"colorG":255,"colorR":255,"customProperty":"","flipX":false,"flipY":false,"height":22,"ignoreSize":true,"layoutParameter":null,"opacity":255,"positionPercentX":0.0105263162,"positionPercentY":-0.221052632,"positionType":0,"rotation":0,"scaleX":1,"scaleY":1,"sizePercentX":0.49473685,"sizePercentY":0.231578946,"sizeType":0,"tag":9559,"touchAble":false,"useMergedTexture":false,"visible":true,"width":47,"x":1,"y":-21,"capInsetsHeight":1,"capInsetsWidth":1,"capInsetsX":0,"capInsetsY":0,"fileName":null,"fileNameData":{"path":"zs0012.png","plistFile":"","resourceType":0},"scale9Enable":false,"scale9Height":22,"scale9Width":47}},{"classname":"ImageView","name":null,"children":[],"options":{"__type":"ImageViewSurrogate:#EditorCommon.JsonModel.Component.GUI","classname":"ImageView","name":"Image_84","ZOrder":0,"actiontag":36305335,"anchorPointX":0.5,"anchorPointY":0.5,"classType":"CocoStudio.EngineAdapterWrap.CSImageView","colorB":255,"colorG":255,"colorR":255,"customProperty":"","flipX":false,"flipY":false,"height":28,"ignoreSize":true,"layoutParameter":null,"opacity":255,"positionPercentX":-0.0315789469,"positionPercentY":-0.557894766,"positionType":0,"rotation":0,"scaleX":1,"scaleY":1,"sizePercentX":0.305263162,"sizePercentY":0.294736832,"sizeType":0,"tag":9561,"touchAble":false,"useMergedTexture":false,"visible":true,"width":29,"x":-3,"y":-53,"capInsetsHeight":1,"capInsetsWidth":1,"capInsetsX":0,"capInsetsY":0,"fileName":null,"fileNameData":{"path":"zs0013.png","plistFile":"","resourceType":0},"scale9Enable":false,"scale9Height":28,"scale9Width":29}}],"options":{"__type":"ButtonSurrogate:#EditorCommon.JsonModel.Component.GUI","classname":"Button","name":"Button_24_0_1_4","ZOrder":1,"actiontag":54823154,"anchorPointX":0.5,"anchorPointY":0.5,"classType":"CocoStudio.EngineAdapterWrap.CSButton","colorB":255,"colorG":255,"colorR":255,"customProperty":"","flipX":false,"flipY":false,"height":95,"ignoreSize":true,"layoutParameter":null,"opacity":255,"positionPercentX":0.397777766,"positionPercentY":0.529824555,"positionType":0,"rotation":0,"scaleX":0.873684168,"scaleY":0.873684168,"sizePercentX":0.211111113,"sizePercentY":0.166666672,"sizeType":0,"tag":9558,"touchAble":true,"useMergedTexture":false,"visible":true,"width":95,"x":179,"y":302,"capInsetsHeight":1,"capInsetsWidth":1,"capInsetsX":0,"capInsetsY":0,"disabled":null,"disabledData":{"path":null,"plistFile":null,"resourceType":0},"fontName":"微软雅黑","fontSize":14,"fontType":0,"normal":null,"normalData":{"path":"hyyjn2.png","plistFile":"","resourceType":0},"pressed":null,"pressedData":{"path":null,"plistFile":null,"resourceType":0},"scale9Enable":false,"scale9Height":95,"scale9Width":95,"text":"","textColorB":255,"textColorG":255,"textColorR":255}},{"classname":"Button","name":null,"children":[{"classname":"ImageView","name":null,"children":[{"classname":"Label","name":null,"children":[],"options":{"__type":"LabelSurrogate:#EditorCommon.JsonModel.Component.GUI","classname":"Label","name":"Label_59","ZOrder":0,"actiontag":32512037,"anchorPointX":0.5,"anchorPointY":0.5,"classType":"CocoStudio.EngineAdapterWrap.CSLabel","colorB":4,"colorG":232,"colorR":255,"customProperty":"","flipX":false,"flipY":false,"height":27,"ignoreSize":true,"layoutParameter":null,"opacity":255,"positionPercentX":0,"positionPercentY":0,"positionType":0,"rotation":0,"scaleX":1,"scaleY":1,"sizePercentX":0.702127635,"sizePercentY":1.22727275,"sizeType":0,"tag":14955,"touchAble":false,"useMergedTexture":false,"visible":true,"width":33,"x":0,"y":0,"areaHeight":0,"areaWidth":0,"fontFile":null,"fontName":"微软雅黑","fontSize":20,"hAlignment":0,"text":"1\/3","touchScaleEnable":false,"vAlignment":0}}],"options":{"__type":"ImageViewSurrogate:#EditorCommon.JsonModel.Component.GUI","classname":"ImageView","name":"Image_25","ZOrder":0,"actiontag":41032793,"anchorPointX":0.5,"anchorPointY":0.5,"classType":"CocoStudio.EngineAdapterWrap.CSImageView","colorB":255,"colorG":255,"colorR":255,"customProperty":"","flipX":false,"flipY":false,"height":22,"ignoreSize":true,"layoutParameter":null,"opacity":255,"positionPercentX":0.0105263162,"positionPercentY":-0.221052632,"positionType":0,"rotation":0,"scaleX":1,"scaleY":1,"sizePercentX":0.49473685,"sizePercentY":0.231578946,"sizeType":0,"tag":9511,"touchAble":false,"useMergedTexture":false,"visible":true,"width":47,"x":1,"y":-21,"capInsetsHeight":1,"capInsetsWidth":1,"capInsetsX":0,"capInsetsY":0,"fileName":null,"fileNameData":{"path":"zs0012.png","plistFile":"","resourceType":0},"scale9Enable":false,"scale9Height":22,"scale9Width":47}}],"options":{"__type":"ButtonSurrogate:#EditorCommon.JsonModel.Component.GUI","classname":"Button","name":"Button_24_0_1","ZOrder":1,"actiontag":4559199,"anchorPointX":0.5,"anchorPointY":0.5,"classType":"CocoStudio.EngineAdapterWrap.CSButton","colorB":255,"colorG":255,"colorR":255,"customProperty":"","flipX":false,"flipY":false,"height":95,"ignoreSize":true,"layoutParameter":null,"opacity":255,"positionPercentX":0.397777766,"positionPercentY":0.185964912,"positionType":0,"rotation":0,"scaleX":0.873684168,"scaleY":0.873684168,"sizePercentX":0.211111113,"sizePercentY":0.166666672,"sizeType":0,"tag":9510,"touchAble":true,"useMergedTexture":false,"visible":true,"width":95,"x":179,"y":106,"capInsetsHeight":1,"capInsetsWidth":1,"capInsetsX":0,"capInsetsY":0,"disabled":null,"disabledData":{"path":null,"plistFile":null,"resourceType":0},"fontName":"微软雅黑","fontSize":14,"fontType":0,"normal":null,"normalData":{"path":"hyyjn2.png","plistFile":"","resourceType":0},"pressed":null,"pressedData":{"path":null,"plistFile":null,"resourceType":0},"scale9Enable":false,"scale9Height":95,"scale9Width":95,"text":"","textColorB":255,"textColorG":255,"textColorR":255}},{"classname":"Button","name":null,"children":[{"classname":"ImageView","name":null,"children":[{"classname":"Label","name":null,"children":[],"options":{"__type":"LabelSurrogate:#EditorCommon.JsonModel.Component.GUI","classname":"Label","name":"Label_49","ZOrder":0,"actiontag":65152552,"anchorPointX":0.5,"anchorPointY":0.5,"classType":"CocoStudio.EngineAdapterWrap.CSLabel","colorB":4,"colorG":232,"colorR":255,"customProperty":"","flipX":false,"flipY":false,"height":27,"ignoreSize":true,"layoutParameter":null,"opacity":255,"positionPercentX":0,"positionPercentY":0,"positionType":0,"rotation":0,"scaleX":1,"scaleY":1,"sizePercentX":0.702127635,"sizePercentY":1.22727275,"sizeType":0,"tag":14945,"touchAble":false,"useMergedTexture":false,"visible":true,"width":33,"x":0,"y":0,"areaHeight":0,"areaWidth":0,"fontFile":null,"fontName":"微软雅黑","fontSize":20,"hAlignment":0,"text":"1\/3","touchScaleEnable":false,"vAlignment":0}}],"options":{"__type":"ImageViewSurrogate:#EditorCommon.JsonModel.Component.GUI","classname":"ImageView","name":"Image_25","ZOrder":0,"actiontag":31128897,"anchorPointX":0.5,"anchorPointY":0.5,"classType":"CocoStudio.EngineAdapterWrap.CSImageView","colorB":255,"colorG":255,"colorR":255,"customProperty":"","flipX":false,"flipY":false,"height":22,"ignoreSize":true,"layoutParameter":null,"opacity":255,"positionPercentX":0.0105263162,"positionPercentY":-0.221052632,"positionType":0,"rotation":0,"scaleX":1,"scaleY":1,"sizePercentX":0.49473685,"sizePercentY":0.231578946,"sizeType":0,"tag":9551,"touchAble":false,"useMergedTexture":false,"visible":true,"width":47,"x":1,"y":-21,"capInsetsHeight":1,"capInsetsWidth":1,"capInsetsX":0,"capInsetsY":0,"fileName":null,"fileNameData":{"path":"zs0012.png","plistFile":"","resourceType":0},"scale9Enable":false,"scale9Height":22,"scale9Width":47}},{"classname":"ImageView","name":null,"children":[],"options":{"__type":"ImageViewSurrogate:#EditorCommon.JsonModel.Component.GUI","classname":"ImageView","name":"Image_84","ZOrder":0,"actiontag":38412723,"anchorPointX":0.5,"anchorPointY":0.5,"classType":"CocoStudio.EngineAdapterWrap.CSImageView","colorB":255,"colorG":255,"colorR":255,"customProperty":"","flipX":false,"flipY":false,"height":28,"ignoreSize":true,"layoutParameter":null,"opacity":255,"positionPercentX":-0.0315789469,"positionPercentY":-0.557894766,"positionType":0,"rotation":0,"scaleX":1,"scaleY":1,"sizePercentX":0.305263162,"sizePercentY":0.294736832,"sizeType":0,"tag":9553,"touchAble":false,"useMergedTexture":false,"visible":true,"width":29,"x":-3,"y":-53,"capInsetsHeight":1,"capInsetsWidth":1,"capInsetsX":0,"capInsetsY":0,"fileName":null,"fileNameData":{"path":"zs0013.png","plistFile":"","resourceType":0},"scale9Enable":false,"scale9Height":28,"scale9Width":29}}],"options":{"__type":"ButtonSurrogate:#EditorCommon.JsonModel.Component.GUI","classname":"Button","name":"Button_24_0_1_3","ZOrder":1,"actiontag":33284928,"anchorPointX":0.5,"anchorPointY":0.5,"classType":"CocoStudio.EngineAdapterWrap.CSButton","colorB":255,"colorG":255,"colorR":255,"customProperty":"","flipX":false,"flipY":false,"height":95,"ignoreSize":true,"layoutParameter":null,"opacity":255,"positionPercentX":0.397777766,"positionPercentY":0.7,"positionType":0,"rotation":0,"scaleX":0.873684168,"scaleY":0.873684168,"sizePercentX":0.211111113,"sizePercentY":0.166666672,"sizeType":0,"tag":9550,"touchAble":true,"useMergedTexture":false,"visible":true,"width":95,"x":179,"y":399,"capInsetsHeight":1,"capInsetsWidth":1,"capInsetsX":0,"capInsetsY":0,"disabled":null,"disabledData":{"path":null,"plistFile":null,"resourceType":0},"fontName":"微软雅黑","fontSize":14,"fontType":0,"normal":null,"normalData":{"path":"hyyjn2.png","plistFile":"","resourceType":0},"pressed":null,"pressedData":{"path":null,"plistFile":null,"resourceType":0},"scale9Enable":false,"scale9Height":95,"scale9Width":95,"text":"","textColorB":255,"textColorG":255,"textColorR":255}},{"classname":"Button","name":null,"children":[{"classname":"ImageView","name":null,"children":[{"classname":"Label","name":null,"children":[],"options":{"__type":"LabelSurrogate:#EditorCommon.JsonModel.Component.GUI","classname":"Label","name":"Label_56","ZOrder":0,"actiontag":29031292,"anchorPointX":0.5,"anchorPointY":0.5,"classType":"CocoStudio.EngineAdapterWrap.CSLabel","colorB":4,"colorG":232,"colorR":255,"customProperty":"","flipX":false,"flipY":false,"height":27,"ignoreSize":true,"layoutParameter":null,"opacity":255,"positionPercentX":0,"positionPercentY":0,"positionType":0,"rotation":0,"scaleX":1,"scaleY":1,"sizePercentX":0.702127635,"sizePercentY":1.22727275,"sizeType":0,"tag":14952,"touchAble":false,"useMergedTexture":false,"visible":true,"width":33,"x":0,"y":0,"areaHeight":0,"areaWidth":0,"fontFile":null,"fontName":"微软雅黑","fontSize":20,"hAlignment":0,"text":"1\/3","touchScaleEnable":false,"vAlignment":0}}],"options":{"__type":"ImageViewSurrogate:#EditorCommon.JsonModel.Component.GUI","classname":"ImageView","name":"Image_25","ZOrder":0,"actiontag":48382412,"anchorPointX":0.5,"anchorPointY":0.5,"classType":"CocoStudio.EngineAdapterWrap.CSImageView","colorB":255,"colorG":255,"colorR":255,"customProperty":"","flipX":false,"flipY":false,"height":22,"ignoreSize":true,"layoutParameter":null,"opacity":255,"positionPercentX":0.0105263162,"positionPercentY":-0.221052632,"positionType":0,"rotation":0,"scaleX":1,"scaleY":1,"sizePercentX":0.49473685,"sizePercentY":0.231578946,"sizeType":0,"tag":9567,"touchAble":false,"useMergedTexture":false,"visible":true,"width":47,"x":1,"y":-21,"capInsetsHeight":1,"capInsetsWidth":1,"capInsetsX":0,"capInsetsY":0,"fileName":null,"fileNameData":{"path":"zs0012.png","plistFile":"","resourceType":0},"scale9Enable":false,"scale9Height":22,"scale9Width":47}},{"classname":"ImageView","name":null,"children":[],"options":{"__type":"ImageViewSurrogate:#EditorCommon.JsonModel.Component.GUI","classname":"ImageView","name":"Image_84","ZOrder":0,"actiontag":26661338,"anchorPointX":0.5,"anchorPointY":0.5,"classType":"CocoStudio.EngineAdapterWrap.CSImageView","colorB":255,"colorG":255,"colorR":255,"customProperty":"","flipX":false,"flipY":false,"height":28,"ignoreSize":true,"layoutParameter":null,"opacity":255,"positionPercentX":-0.0315789469,"positionPercentY":-0.557894766,"positionType":0,"rotation":0,"scaleX":1,"scaleY":1,"sizePercentX":0.305263162,"sizePercentY":0.294736832,"sizeType":0,"tag":9569,"touchAble":false,"useMergedTexture":false,"visible":true,"width":29,"x":-3,"y":-53,"capInsetsHeight":1,"capInsetsWidth":1,"capInsetsX":0,"capInsetsY":0,"fileName":null,"fileNameData":{"path":"zs0013.png","plistFile":"","resourceType":0},"scale9Enable":false,"scale9Height":28,"scale9Width":29}}],"options":{"__type":"ButtonSurrogate:#EditorCommon.JsonModel.Component.GUI","classname":"Button","name":"Button_24_0_1_5","ZOrder":1,"actiontag":50115066,"anchorPointX":0.5,"anchorPointY":0.5,"classType":"CocoStudio.EngineAdapterWrap.CSButton","colorB":255,"colorG":255,"colorR":255,"customProperty":"","flipX":false,"flipY":false,"height":95,"ignoreSize":true,"layoutParameter":null,"opacity":255,"positionPercentX":0.397777766,"positionPercentY":0.357894748,"positionType":0,"rotation":0,"scaleX":0.873684168,"scaleY":0.873684168,"sizePercentX":0.211111113,"sizePercentY":0.166666672,"sizeType":0,"tag":9566,"touchAble":true,"useMergedTexture":false,"visible":true,"width":95,"x":179,"y":204,"capInsetsHeight":1,"capInsetsWidth":1,"capInsetsX":0,"capInsetsY":0,"disabled":null,"disabledData":{"path":null,"plistFile":null,"resourceType":0},"fontName":"微软雅黑","fontSize":14,"fontType":0,"normal":null,"normalData":{"path":"hyyjn2.png","plistFile":"","resourceType":0},"pressed":null,"pressedData":{"path":null,"plistFile":null,"resourceType":0},"scale9Enable":false,"scale9Height":95,"scale9Width":95,"text":"","textColorB":255,"textColorG":255,"textColorR":255}},{"classname":"Button","name":null,"children":[{"classname":"ImageView","name":null,"children":[{"classname":"Label","name":null,"children":[],"options":{"__type":"LabelSurrogate:#EditorCommon.JsonModel.Component.GUI","classname":"Label","name":"Label_45","ZOrder":0,"actiontag":58164932,"anchorPointX":0.5,"anchorPointY":0.5,"classType":"CocoStudio.EngineAdapterWrap.CSLabel","colorB":4,"colorG":232,"colorR":255,"customProperty":"","flipX":false,"flipY":false,"height":27,"ignoreSize":true,"layoutParameter":null,"opacity":255,"positionPercentX":0,"positionPercentY":0,"positionType":0,"rotation":0,"scaleX":1,"scaleY":1,"sizePercentX":0.702127635,"sizePercentY":1.22727275,"sizeType":0,"tag":14941,"touchAble":false,"useMergedTexture":false,"visible":true,"width":33,"x":0,"y":0,"areaHeight":0,"areaWidth":0,"fontFile":null,"fontName":"微软雅黑","fontSize":20,"hAlignment":0,"text":"1\/3","touchScaleEnable":false,"vAlignment":0}}],"options":{"__type":"ImageViewSurrogate:#EditorCommon.JsonModel.Component.GUI","classname":"ImageView","name":"Image_25","ZOrder":0,"actiontag":31237229,"anchorPointX":0.5,"anchorPointY":0.5,"classType":"CocoStudio.EngineAdapterWrap.CSImageView","colorB":255,"colorG":255,"colorR":255,"customProperty":"","flipX":false,"flipY":false,"height":22,"ignoreSize":true,"layoutParameter":null,"opacity":255,"positionPercentX":0.0105263162,"positionPercentY":-0.221052632,"positionType":0,"rotation":0,"scaleX":1,"scaleY":1,"sizePercentX":0.49473685,"sizePercentY":0.231578946,"sizeType":0,"tag":9575,"touchAble":false,"useMergedTexture":false,"visible":true,"width":47,"x":1,"y":-21,"capInsetsHeight":1,"capInsetsWidth":1,"capInsetsX":0,"capInsetsY":0,"fileName":null,"fileNameData":{"path":"zs0012.png","plistFile":"","resourceType":0},"scale9Enable":false,"scale9Height":22,"scale9Width":47}},{"classname":"ImageView","name":null,"children":[],"options":{"__type":"ImageViewSurrogate:#EditorCommon.JsonModel.Component.GUI","classname":"ImageView","name":"Image_84","ZOrder":0,"actiontag":47187600,"anchorPointX":0.5,"anchorPointY":0.5,"classType":"CocoStudio.EngineAdapterWrap.CSImageView","colorB":255,"colorG":255,"colorR":255,"customProperty":"","flipX":false,"flipY":false,"height":28,"ignoreSize":true,"layoutParameter":null,"opacity":255,"positionPercentX":-0.0315789469,"positionPercentY":-0.557894766,"positionType":0,"rotation":0,"scaleX":1,"scaleY":1,"sizePercentX":0.305263162,"sizePercentY":0.294736832,"sizeType":0,"tag":9577,"touchAble":false,"useMergedTexture":false,"visible":true,"width":29,"x":-3,"y":-53,"capInsetsHeight":1,"capInsetsWidth":1,"capInsetsX":0,"capInsetsY":0,"fileName":null,"fileNameData":{"path":"zs0013.png","plistFile":"","resourceType":0},"scale9Enable":false,"scale9Height":28,"scale9Width":29}}],"options":{"__type":"ButtonSurrogate:#EditorCommon.JsonModel.Component.GUI","classname":"Button","name":"Button_24_0_1_2_3","ZOrder":1,"actiontag":40753505,"anchorPointX":0.5,"anchorPointY":0.5,"classType":"CocoStudio.EngineAdapterWrap.CSButton","colorB":255,"colorG":255,"colorR":255,"customProperty":"","flipX":false,"flipY":false,"height":95,"ignoreSize":true,"layoutParameter":null,"opacity":255,"positionPercentX":0.397777766,"positionPercentY":0.8701754,"positionType":0,"rotation":0,"scaleX":0.873684168,"scaleY":0.873684168,"sizePercentX":0.211111113,"sizePercentY":0.166666672,"sizeType":0,"tag":9574,"touchAble":true,"useMergedTexture":false,"visible":true,"width":95,"x":179,"y":496,"capInsetsHeight":1,"capInsetsWidth":1,"capInsetsX":0,"capInsetsY":0,"disabled":null,"disabledData":{"path":null,"plistFile":null,"resourceType":0},"fontName":"微软雅黑","fontSize":14,"fontType":0,"normal":null,"normalData":{"path":"hyyjn2.png","plistFile":"","resourceType":0},"pressed":null,"pressedData":{"path":null,"plistFile":null,"resourceType":0},"scale9Enable":false,"scale9Height":95,"scale9Width":95,"text":"","textColorB":255,"textColorG":255,"textColorR":255}},{"classname":"Button","name":null,"children":[{"classname":"ImageView","name":null,"children":[{"classname":"Label","name":null,"children":[],"options":{"__type":"LabelSurrogate:#EditorCommon.JsonModel.Component.GUI","classname":"Label","name":"Label_48","ZOrder":0,"actiontag":52607991,"anchorPointX":0.5,"anchorPointY":0.5,"classType":"CocoStudio.EngineAdapterWrap.CSLabel","colorB":4,"colorG":232,"colorR":255,"customProperty":"","flipX":false,"flipY":false,"height":27,"ignoreSize":true,"layoutParameter":null,"opacity":255,"positionPercentX":0,"positionPercentY":0,"positionType":0,"rotation":0,"scaleX":1,"scaleY":1,"sizePercentX":0.702127635,"sizePercentY":1.22727275,"sizeType":0,"tag":14944,"touchAble":false,"useMergedTexture":false,"visible":true,"width":33,"x":0,"y":0,"areaHeight":0,"areaWidth":0,"fontFile":null,"fontName":"微软雅黑","fontSize":20,"hAlignment":0,"text":"1\/3","touchScaleEnable":false,"vAlignment":0}}],"options":{"__type":"ImageViewSurrogate:#EditorCommon.JsonModel.Component.GUI","classname":"ImageView","name":"Image_25","ZOrder":0,"actiontag":2695738,"anchorPointX":0.5,"anchorPointY":0.5,"classType":"CocoStudio.EngineAdapterWrap.CSImageView","colorB":255,"colorG":255,"colorR":255,"customProperty":"","flipX":false,"flipY":false,"height":22,"ignoreSize":true,"layoutParameter":null,"opacity":255,"positionPercentX":0.0105263162,"positionPercentY":-0.221052632,"positionType":0,"rotation":0,"scaleX":1,"scaleY":1,"sizePercentX":0.49473685,"sizePercentY":0.231578946,"sizeType":0,"tag":9583,"touchAble":false,"useMergedTexture":false,"visible":true,"width":47,"x":1,"y":-21,"capInsetsHeight":1,"capInsetsWidth":1,"capInsetsX":0,"capInsetsY":0,"fileName":null,"fileNameData":{"path":"zs0012.png","plistFile":"","resourceType":0},"scale9Enable":false,"scale9Height":22,"scale9Width":47}},{"classname":"ImageView","name":null,"children":[],"options":{"__type":"ImageViewSurrogate:#EditorCommon.JsonModel.Component.GUI","classname":"ImageView","name":"Image_84","ZOrder":0,"actiontag":17028205,"anchorPointX":0.5,"anchorPointY":0.5,"classType":"CocoStudio.EngineAdapterWrap.CSImageView","colorB":255,"colorG":255,"colorR":255,"customProperty":"","flipX":false,"flipY":false,"height":28,"ignoreSize":true,"layoutParameter":null,"opacity":255,"positionPercentX":-0.0315789469,"positionPercentY":-0.557894766,"positionType":0,"rotation":0,"scaleX":1,"scaleY":1,"sizePercentX":0.305263162,"sizePercentY":0.294736832,"sizeType":0,"tag":9585,"touchAble":false,"useMergedTexture":false,"visible":true,"width":29,"x":-3,"y":-53,"capInsetsHeight":1,"capInsetsWidth":1,"capInsetsX":0,"capInsetsY":0,"fileName":null,"fileNameData":{"path":"zs0013.png","plistFile":"","resourceType":0},"scale9Enable":false,"scale9Height":28,"scale9Width":29}}],"options":{"__type":"ButtonSurrogate:#EditorCommon.JsonModel.Component.GUI","classname":"Button","name":"Button_24_0_1_2_4","ZOrder":1,"actiontag":299526,"anchorPointX":0.5,"anchorPointY":0.5,"classType":"CocoStudio.EngineAdapterWrap.CSButton","colorB":255,"colorG":255,"colorR":255,"customProperty":"","flipX":false,"flipY":false,"height":95,"ignoreSize":true,"layoutParameter":null,"opacity":255,"positionPercentX":0.164444447,"positionPercentY":0.6982456,"positionType":0,"rotation":0,"scaleX":0.873684168,"scaleY":0.873684168,"sizePercentX":0.211111113,"sizePercentY":0.166666672,"sizeType":0,"tag":9582,"touchAble":true,"useMergedTexture":false,"visible":true,"width":95,"x":74,"y":398,"capInsetsHeight":1,"capInsetsWidth":1,"capInsetsX":0,"capInsetsY":0,"disabled":null,"disabledData":{"path":null,"plistFile":null,"resourceType":0},"fontName":"微软雅黑","fontSize":14,"fontType":0,"normal":null,"normalData":{"path":"hyyjn1.png","plistFile":"","resourceType":0},"pressed":null,"pressedData":{"path":null,"plistFile":null,"resourceType":0},"scale9Enable":false,"scale9Height":95,"scale9Width":95,"text":"","textColorB":255,"textColorG":255,"textColorR":255}},{"classname":"Button","name":null,"children":[{"classname":"ImageView","name":null,"children":[{"classname":"Label","name":null,"children":[],"options":{"__type":"LabelSurrogate:#EditorCommon.JsonModel.Component.GUI","classname":"Label","name":"Label_55","ZOrder":0,"actiontag":12978839,"anchorPointX":0.5,"anchorPointY":0.5,"classType":"CocoStudio.EngineAdapterWrap.CSLabel","colorB":4,"colorG":232,"colorR":255,"customProperty":"","flipX":false,"flipY":false,"height":27,"ignoreSize":true,"layoutParameter":null,"opacity":255,"positionPercentX":0,"positionPercentY":0,"positionType":0,"rotation":0,"scaleX":1,"scaleY":1,"sizePercentX":0.702127635,"sizePercentY":1.22727275,"sizeType":0,"tag":14951,"touchAble":false,"useMergedTexture":false,"visible":true,"width":33,"x":0,"y":0,"areaHeight":0,"areaWidth":0,"fontFile":null,"fontName":"微软雅黑","fontSize":20,"hAlignment":0,"text":"1\/3","touchScaleEnable":false,"vAlignment":0}}],"options":{"__type":"ImageViewSurrogate:#EditorCommon.JsonModel.Component.GUI","classname":"ImageView","name":"Image_25","ZOrder":0,"actiontag":5663052,"anchorPointX":0.5,"anchorPointY":0.5,"classType":"CocoStudio.EngineAdapterWrap.CSImageView","colorB":255,"colorG":255,"colorR":255,"customProperty":"","flipX":false,"flipY":false,"height":22,"ignoreSize":true,"layoutParameter":null,"opacity":255,"positionPercentX":0.0105263162,"positionPercentY":-0.221052632,"positionType":0,"rotation":0,"scaleX":1,"scaleY":1,"sizePercentX":0.49473685,"sizePercentY":0.231578946,"sizeType":0,"tag":9591,"touchAble":false,"useMergedTexture":false,"visible":true,"width":47,"x":1,"y":-21,"capInsetsHeight":1,"capInsetsWidth":1,"capInsetsX":0,"capInsetsY":0,"fileName":null,"fileNameData":{"path":"zs0012.png","plistFile":"","resourceType":0},"scale9Enable":false,"scale9Height":22,"scale9Width":47}}],"options":{"__type":"ButtonSurrogate:#EditorCommon.JsonModel.Component.GUI","classname":"Button","name":"Button_24_0_1_2_5","ZOrder":1,"actiontag":15542308,"anchorPointX":0.5,"anchorPointY":0.5,"classType":"CocoStudio.EngineAdapterWrap.CSButton","colorB":255,"colorG":255,"colorR":255,"customProperty":"","flipX":false,"flipY":false,"height":95,"ignoreSize":true,"layoutParameter":null,"opacity":255,"positionPercentX":0.166666672,"positionPercentY":0.359649122,"positionType":0,"rotation":0,"scaleX":0.873684168,"scaleY":0.873684168,"sizePercentX":0.211111113,"sizePercentY":0.166666672,"sizeType":0,"tag":9590,"touchAble":true,"useMergedTexture":false,"visible":true,"width":95,"x":75,"y":205,"capInsetsHeight":1,"capInsetsWidth":1,"capInsetsX":0,"capInsetsY":0,"disabled":null,"disabledData":{"path":null,"plistFile":null,"resourceType":0},"fontName":"微软雅黑","fontSize":14,"fontType":0,"normal":null,"normalData":{"path":"hyyjn1.png","plistFile":"","resourceType":0},"pressed":null,"pressedData":{"path":null,"plistFile":null,"resourceType":0},"scale9Enable":false,"scale9Height":95,"scale9Width":95,"text":"","textColorB":255,"textColorG":255,"textColorR":255}},{"classname":"Button","name":null,"children":[{"classname":"ImageView","name":null,"children":[{"classname":"Label","name":null,"children":[],"options":{"__type":"LabelSurrogate:#EditorCommon.JsonModel.Component.GUI","classname":"Label","name":"Label_58","ZOrder":0,"actiontag":4036373,"anchorPointX":0.5,"anchorPointY":0.5,"classType":"CocoStudio.EngineAdapterWrap.CSLabel","colorB":4,"colorG":232,"colorR":255,"customProperty":"","flipX":false,"flipY":false,"height":27,"ignoreSize":true,"layoutParameter":null,"opacity":255,"positionPercentX":0,"positionPercentY":0,"positionType":0,"rotation":0,"scaleX":1,"scaleY":1,"sizePercentX":0.702127635,"sizePercentY":1.22727275,"sizeType":0,"tag":14954,"touchAble":false,"useMergedTexture":false,"visible":true,"width":33,"x":0,"y":0,"areaHeight":0,"areaWidth":0,"fontFile":null,"fontName":"微软雅黑","fontSize":20,"hAlignment":0,"text":"1\/3","touchScaleEnable":false,"vAlignment":0}}],"options":{"__type":"ImageViewSurrogate:#EditorCommon.JsonModel.Component.GUI","classname":"ImageView","name":"Image_25","ZOrder":0,"actiontag":27554760,"anchorPointX":0.5,"anchorPointY":0.5,"classType":"CocoStudio.EngineAdapterWrap.CSImageView","colorB":255,"colorG":255,"colorR":255,"customProperty":"","flipX":false,"flipY":false,"height":22,"ignoreSize":true,"layoutParameter":null,"opacity":255,"positionPercentX":0.0105263162,"positionPercentY":-0.221052632,"positionType":0,"rotation":0,"scaleX":1,"scaleY":1,"sizePercentX":0.49473685,"sizePercentY":0.231578946,"sizeType":0,"tag":9599,"touchAble":false,"useMergedTexture":false,"visible":true,"width":47,"x":1,"y":-21,"capInsetsHeight":1,"capInsetsWidth":1,"capInsetsX":0,"capInsetsY":0,"fileName":null,"fileNameData":{"path":"zs0012.png","plistFile":"","resourceType":0},"scale9Enable":false,"scale9Height":22,"scale9Width":47}}],"options":{"__type":"ButtonSurrogate:#EditorCommon.JsonModel.Component.GUI","classname":"Button","name":"Button_24_0_1_2_6","ZOrder":1,"actiontag":17974720,"anchorPointX":0.5,"anchorPointY":0.5,"classType":"CocoStudio.EngineAdapterWrap.CSButton","colorB":255,"colorG":255,"colorR":255,"customProperty":"","flipX":false,"flipY":false,"height":95,"ignoreSize":true,"layoutParameter":null,"opacity":255,"positionPercentX":0.813333333,"positionPercentY":0.357894748,"positionType":0,"rotation":0,"scaleX":0.873684168,"scaleY":0.873684168,"sizePercentX":0.211111113,"sizePercentY":0.166666672,"sizeType":0,"tag":9598,"touchAble":true,"useMergedTexture":false,"visible":true,"width":95,"x":366,"y":204,"capInsetsHeight":1,"capInsetsWidth":1,"capInsetsX":0,"capInsetsY":0,"disabled":null,"disabledData":{"path":null,"plistFile":null,"resourceType":0},"fontName":"微软雅黑","fontSize":14,"fontType":0,"normal":null,"normalData":{"path":"hyyjn3.png","plistFile":"","resourceType":0},"pressed":null,"pressedData":{"path":null,"plistFile":null,"resourceType":0},"scale9Enable":false,"scale9Height":95,"scale9Width":95,"text":"","textColorB":255,"textColorG":255,"textColorR":255}},{"classname":"Button","name":null,"children":[{"classname":"ImageView","name":null,"children":[{"classname":"Label","name":null,"children":[],"options":{"__type":"LabelSurrogate:#EditorCommon.JsonModel.Component.GUI","classname":"Label","name":"Label_57","ZOrder":0,"actiontag":66610962,"anchorPointX":0.5,"anchorPointY":0.5,"classType":"CocoStudio.EngineAdapterWrap.CSLabel","colorB":4,"colorG":232,"colorR":255,"customProperty":"","flipX":false,"flipY":false,"height":27,"ignoreSize":true,"layoutParameter":null,"opacity":255,"positionPercentX":0,"positionPercentY":0,"positionType":0,"rotation":0,"scaleX":1,"scaleY":1,"sizePercentX":0.702127635,"sizePercentY":1.22727275,"sizeType":0,"tag":14953,"touchAble":false,"useMergedTexture":false,"visible":true,"width":33,"x":0,"y":0,"areaHeight":0,"areaWidth":0,"fontFile":null,"fontName":"微软雅黑","fontSize":20,"hAlignment":0,"text":"1\/3","touchScaleEnable":false,"vAlignment":0}}],"options":{"__type":"ImageViewSurrogate:#EditorCommon.JsonModel.Component.GUI","classname":"ImageView","name":"Image_25","ZOrder":0,"actiontag":38030234,"anchorPointX":0.5,"anchorPointY":0.5,"classType":"CocoStudio.EngineAdapterWrap.CSImageView","colorB":255,"colorG":255,"colorR":255,"customProperty":"","flipX":false,"flipY":false,"height":22,"ignoreSize":true,"layoutParameter":null,"opacity":255,"positionPercentX":0.0105263162,"positionPercentY":-0.221052632,"positionType":0,"rotation":0,"scaleX":1,"scaleY":1,"sizePercentX":0.49473685,"sizePercentY":0.231578946,"sizeType":0,"tag":9607,"touchAble":false,"useMergedTexture":false,"visible":true,"width":47,"x":1,"y":-21,"capInsetsHeight":1,"capInsetsWidth":1,"capInsetsX":0,"capInsetsY":0,"fileName":null,"fileNameData":{"path":"zs0012.png","plistFile":"","resourceType":0},"scale9Enable":false,"scale9Height":22,"scale9Width":47}},{"classname":"ImageView","name":null,"children":[],"options":{"__type":"ImageViewSurrogate:#EditorCommon.JsonModel.Component.GUI","classname":"ImageView","name":"Image_84","ZOrder":0,"actiontag":60550074,"anchorPointX":0.5,"anchorPointY":0.5,"classType":"CocoStudio.EngineAdapterWrap.CSImageView","colorB":255,"colorG":255,"colorR":255,"customProperty":"","flipX":false,"flipY":false,"height":28,"ignoreSize":true,"layoutParameter":null,"opacity":255,"positionPercentX":-0.0315789469,"positionPercentY":-0.557894766,"positionType":0,"rotation":0,"scaleX":1,"scaleY":1,"sizePercentX":0.305263162,"sizePercentY":0.294736832,"sizeType":0,"tag":9609,"touchAble":false,"useMergedTexture":false,"visible":true,"width":29,"x":-3,"y":-53,"capInsetsHeight":1,"capInsetsWidth":1,"capInsetsX":0,"capInsetsY":0,"fileName":null,"fileNameData":{"path":"zs0013.png","plistFile":"","resourceType":0},"scale9Enable":false,"scale9Height":28,"scale9Width":29}}],"options":{"__type":"ButtonSurrogate:#EditorCommon.JsonModel.Component.GUI","classname":"Button","name":"Button_24_0_1_2_7","ZOrder":1,"actiontag":63877905,"anchorPointX":0.5,"anchorPointY":0.5,"classType":"CocoStudio.EngineAdapterWrap.CSButton","colorB":255,"colorG":255,"colorR":255,"customProperty":"","flipX":false,"flipY":false,"height":95,"ignoreSize":true,"layoutParameter":null,"opacity":255,"positionPercentX":0.608888865,"positionPercentY":0.359649122,"positionType":0,"rotation":0,"scaleX":0.873684168,"scaleY":0.873684168,"sizePercentX":0.211111113,"sizePercentY":0.166666672,"sizeType":0,"tag":9606,"touchAble":true,"useMergedTexture":false,"visible":true,"width":95,"x":274,"y":205,"capInsetsHeight":1,"capInsetsWidth":1,"capInsetsX":0,"capInsetsY":0,"disabled":null,"disabledData":{"path":null,"plistFile":null,"resourceType":0},"fontName":"微软雅黑","fontSize":14,"fontType":0,"normal":null,"normalData":{"path":"hyyjn4.png","plistFile":"","resourceType":0},"pressed":null,"pressedData":{"path":null,"plistFile":null,"resourceType":0},"scale9Enable":false,"scale9Height":95,"scale9Width":95,"text":"","textColorB":255,"textColorG":255,"textColorR":255}},{"classname":"Button","name":null,"children":[{"classname":"ImageView","name":null,"children":[{"classname":"Label","name":null,"children":[],"options":{"__type":"LabelSurrogate:#EditorCommon.JsonModel.Component.GUI","classname":"Label","name":"Label_53","ZOrder":0,"actiontag":9721471,"anchorPointX":0.5,"anchorPointY":0.5,"classType":"CocoStudio.EngineAdapterWrap.CSLabel","colorB":4,"colorG":232,"colorR":255,"customProperty":"","flipX":false,"flipY":false,"height":27,"ignoreSize":true,"layoutParameter":null,"opacity":255,"positionPercentX":0,"positionPercentY":0,"positionType":0,"rotation":0,"scaleX":1,"scaleY":1,"sizePercentX":0.702127635,"sizePercentY":1.22727275,"sizeType":0,"tag":14949,"touchAble":false,"useMergedTexture":false,"visible":true,"width":33,"x":0,"y":0,"areaHeight":0,"areaWidth":0,"fontFile":null,"fontName":"微软雅黑","fontSize":20,"hAlignment":0,"text":"1\/3","touchScaleEnable":false,"vAlignment":0}}],"options":{"__type":"ImageViewSurrogate:#EditorCommon.JsonModel.Component.GUI","classname":"ImageView","name":"Image_25","ZOrder":0,"actiontag":43049176,"anchorPointX":0.5,"anchorPointY":0.5,"classType":"CocoStudio.EngineAdapterWrap.CSImageView","colorB":255,"colorG":255,"colorR":255,"customProperty":"","flipX":false,"flipY":false,"height":22,"ignoreSize":true,"layoutParameter":null,"opacity":255,"positionPercentX":0.0105263162,"positionPercentY":-0.221052632,"positionType":0,"rotation":0,"scaleX":1,"scaleY":1,"sizePercentX":0.49473685,"sizePercentY":0.231578946,"sizeType":0,"tag":9615,"touchAble":false,"useMergedTexture":false,"visible":true,"width":47,"x":1,"y":-21,"capInsetsHeight":1,"capInsetsWidth":1,"capInsetsX":0,"capInsetsY":0,"fileName":null,"fileNameData":{"path":"zs0012.png","plistFile":"","resourceType":0},"scale9Enable":false,"scale9Height":22,"scale9Width":47}},{"classname":"ImageView","name":null,"children":[],"options":{"__type":"ImageViewSurrogate:#EditorCommon.JsonModel.Component.GUI","classname":"ImageView","name":"Image_84","ZOrder":0,"actiontag":61295737,"anchorPointX":0.5,"anchorPointY":0.5,"classType":"CocoStudio.EngineAdapterWrap.CSImageView","colorB":255,"colorG":255,"colorR":255,"customProperty":"","flipX":false,"flipY":false,"height":28,"ignoreSize":true,"layoutParameter":null,"opacity":255,"positionPercentX":-0.0315789469,"positionPercentY":-0.557894766,"positionType":0,"rotation":0,"scaleX":1,"scaleY":1,"sizePercentX":0.305263162,"sizePercentY":0.294736832,"sizeType":0,"tag":9617,"touchAble":false,"useMergedTexture":false,"visible":true,"width":29,"x":-3,"y":-53,"capInsetsHeight":1,"capInsetsWidth":1,"capInsetsX":0,"capInsetsY":0,"fileName":null,"fileNameData":{"path":"zs0013.png","plistFile":"","resourceType":0},"scale9Enable":false,"scale9Height":28,"scale9Width":29}}],"options":{"__type":"ButtonSurrogate:#EditorCommon.JsonModel.Component.GUI","classname":"Button","name":"Button_24_0_1_2_6_7","ZOrder":1,"actiontag":41636693,"anchorPointX":0.5,"anchorPointY":0.5,"classType":"CocoStudio.EngineAdapterWrap.CSButton","colorB":255,"colorG":255,"colorR":255,"customProperty":"","flipX":false,"flipY":false,"height":95,"ignoreSize":true,"layoutParameter":null,"opacity":255,"positionPercentX":0.6066667,"positionPercentY":0.529824555,"positionType":0,"rotation":0,"scaleX":0.873684168,"scaleY":0.873684168,"sizePercentX":0.211111113,"sizePercentY":0.166666672,"sizeType":0,"tag":9614,"touchAble":true,"useMergedTexture":false,"visible":true,"width":95,"x":273,"y":302,"capInsetsHeight":1,"capInsetsWidth":1,"capInsetsX":0,"capInsetsY":0,"disabled":null,"disabledData":{"path":null,"plistFile":null,"resourceType":0},"fontName":"微软雅黑","fontSize":14,"fontType":0,"normal":null,"normalData":{"path":"hyyjn4.png","plistFile":"","resourceType":0},"pressed":null,"pressedData":{"path":null,"plistFile":null,"resourceType":0},"scale9Enable":false,"scale9Height":95,"scale9Width":95,"text":"","textColorB":255,"textColorG":255,"textColorR":255}},{"classname":"Button","name":null,"children":[{"classname":"ImageView","name":null,"children":[{"classname":"Label","name":null,"children":[],"options":{"__type":"LabelSurrogate:#EditorCommon.JsonModel.Component.GUI","classname":"Label","name":"Label_50","ZOrder":0,"actiontag":50854321,"anchorPointX":0.5,"anchorPointY":0.5,"classType":"CocoStudio.EngineAdapterWrap.CSLabel","colorB":4,"colorG":232,"colorR":255,"customProperty":"","flipX":false,"flipY":false,"height":27,"ignoreSize":true,"layoutParameter":null,"opacity":255,"positionPercentX":0,"positionPercentY":0,"positionType":0,"rotation":0,"scaleX":1,"scaleY":1,"sizePercentX":0.702127635,"sizePercentY":1.22727275,"sizeType":0,"tag":14946,"touchAble":false,"useMergedTexture":false,"visible":true,"width":33,"x":0,"y":0,"areaHeight":0,"areaWidth":0,"fontFile":null,"fontName":"微软雅黑","fontSize":20,"hAlignment":0,"text":"1\/3","touchScaleEnable":false,"vAlignment":0}}],"options":{"__type":"ImageViewSurrogate:#EditorCommon.JsonModel.Component.GUI","classname":"ImageView","name":"Image_25","ZOrder":0,"actiontag":18793566,"anchorPointX":0.5,"anchorPointY":0.5,"classType":"CocoStudio.EngineAdapterWrap.CSImageView","colorB":255,"colorG":255,"colorR":255,"customProperty":"","flipX":false,"flipY":false,"height":22,"ignoreSize":true,"layoutParameter":null,"opacity":255,"positionPercentX":0.0105263162,"positionPercentY":-0.221052632,"positionType":0,"rotation":0,"scaleX":1,"scaleY":1,"sizePercentX":0.49473685,"sizePercentY":0.231578946,"sizeType":0,"tag":9623,"touchAble":false,"useMergedTexture":false,"visible":true,"width":47,"x":1,"y":-21,"capInsetsHeight":1,"capInsetsWidth":1,"capInsetsX":0,"capInsetsY":0,"fileName":null,"fileNameData":{"path":"zs0012.png","plistFile":"","resourceType":0},"scale9Enable":false,"scale9Height":22,"scale9Width":47}},{"classname":"ImageView","name":null,"children":[],"options":{"__type":"ImageViewSurrogate:#EditorCommon.JsonModel.Component.GUI","classname":"ImageView","name":"Image_84","ZOrder":0,"actiontag":45883916,"anchorPointX":0.5,"anchorPointY":0.5,"classType":"CocoStudio.EngineAdapterWrap.CSImageView","colorB":255,"colorG":255,"colorR":255,"customProperty":"","flipX":false,"flipY":false,"height":28,"ignoreSize":true,"layoutParameter":null,"opacity":255,"positionPercentX":-0.0315789469,"positionPercentY":-0.557894766,"positionType":0,"rotation":0,"scaleX":1,"scaleY":1,"sizePercentX":0.305263162,"sizePercentY":0.294736832,"sizeType":0,"tag":9625,"touchAble":false,"useMergedTexture":false,"visible":true,"width":29,"x":-3,"y":-53,"capInsetsHeight":1,"capInsetsWidth":1,"capInsetsX":0,"capInsetsY":0,"fileName":null,"fileNameData":{"path":"zs0013.png","plistFile":"","resourceType":0},"scale9Enable":false,"scale9Height":28,"scale9Width":29}}],"options":{"__type":"ButtonSurrogate:#EditorCommon.JsonModel.Component.GUI","classname":"Button","name":"Button_24_0_1_2_6_8","ZOrder":1,"actiontag":39370876,"anchorPointX":0.5,"anchorPointY":0.5,"classType":"CocoStudio.EngineAdapterWrap.CSButton","colorB":255,"colorG":255,"colorR":255,"customProperty":"","flipX":false,"flipY":false,"height":95,"ignoreSize":true,"layoutParameter":null,"opacity":255,"positionPercentX":0.6066667,"positionPercentY":0.7,"positionType":0,"rotation":0,"scaleX":0.873684168,"scaleY":0.873684168,"sizePercentX":0.211111113,"sizePercentY":0.166666672,"sizeType":0,"tag":9622,"touchAble":true,"useMergedTexture":false,"visible":true,"width":95,"x":273,"y":399,"capInsetsHeight":1,"capInsetsWidth":1,"capInsetsX":0,"capInsetsY":0,"disabled":null,"disabledData":{"path":null,"plistFile":null,"resourceType":0},"fontName":"微软雅黑","fontSize":14,"fontType":0,"normal":null,"normalData":{"path":"hyyjn4.png","plistFile":"","resourceType":0},"pressed":null,"pressedData":{"path":null,"plistFile":null,"resourceType":0},"scale9Enable":false,"scale9Height":95,"scale9Width":95,"text":"","textColorB":255,"textColorG":255,"textColorR":255}},{"classname":"Button","name":null,"children":[{"classname":"ImageView","name":null,"children":[{"classname":"Label","name":null,"children":[],"options":{"__type":"LabelSurrogate:#EditorCommon.JsonModel.Component.GUI","classname":"Label","name":"Label_51","ZOrder":0,"actiontag":65405346,"anchorPointX":0.5,"anchorPointY":0.5,"classType":"CocoStudio.EngineAdapterWrap.CSLabel","colorB":4,"colorG":232,"colorR":255,"customProperty":"","flipX":false,"flipY":false,"height":27,"ignoreSize":true,"layoutParameter":null,"opacity":255,"positionPercentX":0,"positionPercentY":0,"positionType":0,"rotation":0,"scaleX":1,"scaleY":1,"sizePercentX":0.702127635,"sizePercentY":1.22727275,"sizeType":0,"tag":14947,"touchAble":false,"useMergedTexture":false,"visible":true,"width":33,"x":0,"y":0,"areaHeight":0,"areaWidth":0,"fontFile":null,"fontName":"微软雅黑","fontSize":20,"hAlignment":0,"text":"1\/3","touchScaleEnable":false,"vAlignment":0}}],"options":{"__type":"ImageViewSurrogate:#EditorCommon.JsonModel.Component.GUI","classname":"ImageView","name":"Image_25","ZOrder":0,"actiontag":49891632,"anchorPointX":0.5,"anchorPointY":0.5,"classType":"CocoStudio.EngineAdapterWrap.CSImageView","colorB":255,"colorG":255,"colorR":255,"customProperty":"","flipX":false,"flipY":false,"height":22,"ignoreSize":true,"layoutParameter":null,"opacity":255,"positionPercentX":0.0105263162,"positionPercentY":-0.221052632,"positionType":0,"rotation":0,"scaleX":1,"scaleY":1,"sizePercentX":0.49473685,"sizePercentY":0.231578946,"sizeType":0,"tag":9639,"touchAble":false,"useMergedTexture":false,"visible":true,"width":47,"x":1,"y":-21,"capInsetsHeight":1,"capInsetsWidth":1,"capInsetsX":0,"capInsetsY":0,"fileName":null,"fileNameData":{"path":"zs0012.png","plistFile":"","resourceType":0},"scale9Enable":false,"scale9Height":22,"scale9Width":47}},{"classname":"ImageView","name":null,"children":[],"options":{"__type":"ImageViewSurrogate:#EditorCommon.JsonModel.Component.GUI","classname":"ImageView","name":"Image_84","ZOrder":0,"actiontag":14690392,"anchorPointX":0.5,"anchorPointY":0.5,"classType":"CocoStudio.EngineAdapterWrap.CSImageView","colorB":255,"colorG":255,"colorR":255,"customProperty":"","flipX":false,"flipY":false,"height":28,"ignoreSize":true,"layoutParameter":null,"opacity":255,"positionPercentX":-0.0315789469,"positionPercentY":-0.557894766,"positionType":0,"rotation":0,"scaleX":1,"scaleY":1,"sizePercentX":0.305263162,"sizePercentY":0.294736832,"sizeType":0,"tag":9641,"touchAble":false,"useMergedTexture":false,"visible":true,"width":29,"x":-3,"y":-53,"capInsetsHeight":1,"capInsetsWidth":1,"capInsetsX":0,"capInsetsY":0,"fileName":null,"fileNameData":{"path":"zs0013.png","plistFile":"","resourceType":0},"scale9Enable":false,"scale9Height":28,"scale9Width":29}}],"options":{"__type":"ButtonSurrogate:#EditorCommon.JsonModel.Component.GUI","classname":"Button","name":"Button_24_0_1_2_5_6","ZOrder":1,"actiontag":20456595,"anchorPointX":0.5,"anchorPointY":0.5,"classType":"CocoStudio.EngineAdapterWrap.CSButton","colorB":255,"colorG":255,"colorR":255,"customProperty":"","flipX":false,"flipY":false,"height":95,"ignoreSize":true,"layoutParameter":null,"opacity":255,"positionPercentX":0.166666672,"positionPercentY":0.5263158,"positionType":0,"rotation":0,"scaleX":0.873684168,"scaleY":0.873684168,"sizePercentX":0.211111113,"sizePercentY":0.166666672,"sizeType":0,"tag":9638,"touchAble":true,"useMergedTexture":false,"visible":true,"width":95,"x":75,"y":300,"capInsetsHeight":1,"capInsetsWidth":1,"capInsetsX":0,"capInsetsY":0,"disabled":null,"disabledData":{"path":null,"plistFile":null,"resourceType":0},"fontName":"微软雅黑","fontSize":14,"fontType":0,"normal":null,"normalData":{"path":"hyyjn1.png","plistFile":"","resourceType":0},"pressed":null,"pressedData":{"path":null,"plistFile":null,"resourceType":0},"scale9Enable":false,"scale9Height":95,"scale9Width":95,"text":"","textColorB":255,"textColorG":255,"textColorR":255}},{"classname":"Label","name":null,"children":[{"classname":"Label","name":null,"children":[],"options":{"__type":"LabelSurrogate:#EditorCommon.JsonModel.Component.GUI","classname":"Label","name":"Label_80","ZOrder":0,"actiontag":64593097,"anchorPointX":0.5,"anchorPointY":0.5,"classType":"CocoStudio.EngineAdapterWrap.CSLabel","colorB":2,"colorG":1,"colorR":48,"customProperty":"","flipX":false,"flipY":false,"height":38,"ignoreSize":true,"layoutParameter":null,"opacity":255,"positionPercentX":0.8782051,"positionPercentY":0,"positionType":0,"rotation":0,"scaleX":1,"scaleY":1,"sizePercentX":0.2948718,"sizePercentY":1.08571434,"sizeType":0,"tag":15911,"touchAble":false,"useMergedTexture":false,"visible":true,"width":46,"x":137,"y":0,"areaHeight":0,"areaWidth":0,"fontFile":null,"fontName":"微软雅黑","fontSize":29,"hAlignment":0,"text":"\/20","touchScaleEnable":false,"vAlignment":0}},{"classname":"Label","name":null,"children":[],"options":{"__type":"LabelSurrogate:#EditorCommon.JsonModel.Component.GUI","classname":"Label","name":"Label_80_0","ZOrder":0,"actiontag":24535930,"anchorPointX":0.5,"anchorPointY":0.5,"classType":"CocoStudio.EngineAdapterWrap.CSLabel","colorB":2,"colorG":1,"colorR":48,"customProperty":"","flipX":false,"flipY":false,"height":38,"ignoreSize":true,"layoutParameter":null,"opacity":255,"positionPercentX":0.6025641,"positionPercentY":0,"positionType":0,"rotation":0,"scaleX":1,"scaleY":1,"sizePercentX":0.21794872,"sizePercentY":1.08571434,"sizeType":0,"tag":15913,"touchAble":false,"useMergedTexture":false,"visible":true,"width":34,"x":94,"y":0,"areaHeight":0,"areaWidth":0,"fontFile":null,"fontName":"微软雅黑","fontSize":29,"hAlignment":0,"text":"20","touchScaleEnable":false,"vAlignment":0}}],"options":{"__type":"LabelSurrogate:#EditorCommon.JsonModel.Component.GUI","classname":"Label","name":"Label_226","ZOrder":0,"actiontag":12119426,"anchorPointX":0.5,"anchorPointY":0.5,"classType":"CocoStudio.EngineAdapterWrap.CSLabel","colorB":3,"colorG":1,"colorR":69,"customProperty":"","flipX":false,"flipY":false,"height":35,"ignoreSize":true,"layoutParameter":null,"opacity":255,"positionPercentX":0.24222222,"positionPercentY":0.05964912,"positionType":0,"rotation":0,"scaleX":1,"scaleY":1,"sizePercentX":0.346666664,"sizePercentY":0.06140351,"sizeType":0,"tag":9647,"touchAble":false,"useMergedTexture":false,"visible":true,"width":156,"x":109,"y":34,"areaHeight":0,"areaWidth":0,"fontFile":null,"fontName":"微软雅黑","fontSize":26,"hAlignment":0,"text":"可分配点数：","touchScaleEnable":false,"vAlignment":0}},{"classname":"ImageView","name":null,"children":[],"options":{"__type":"ImageViewSurrogate:#EditorCommon.JsonModel.Component.GUI","classname":"ImageView","name":"Image_83_0","ZOrder":0,"actiontag":34029594,"anchorPointX":0.5,"anchorPointY":0.5,"classType":"CocoStudio.EngineAdapterWrap.CSImageView","colorB":255,"colorG":255,"colorR":255,"customProperty":"","flipX":false,"flipY":false,"height":354,"ignoreSize":true,"layoutParameter":null,"opacity":255,"positionPercentX":0.455555558,"positionPercentY":0.533333361,"positionType":0,"rotation":0,"scaleX":1,"scaleY":1,"sizePercentX":0.793333352,"sizePercentY":0.6210526,"sizeType":0,"tag":9675,"touchAble":false,"useMergedTexture":false,"visible":true,"width":357,"x":205,"y":304,"capInsetsHeight":1,"capInsetsWidth":1,"capInsetsX":0,"capInsetsY":0,"fileName":null,"fileNameData":{"path":"zs008.png","plistFile":"","resourceType":0},"scale9Enable":false,"scale9Height":354,"scale9Width":357}},{"classname":"Button","name":null,"children":[{"classname":"ImageView","name":null,"children":[{"classname":"Label","name":null,"children":[],"options":{"__type":"LabelSurrogate:#EditorCommon.JsonModel.Component.GUI","classname":"Label","name":"Label_54","ZOrder":0,"actiontag":3067601,"anchorPointX":0.5,"anchorPointY":0.5,"classType":"CocoStudio.EngineAdapterWrap.CSLabel","colorB":4,"colorG":232,"colorR":255,"customProperty":"","flipX":false,"flipY":false,"height":27,"ignoreSize":true,"layoutParameter":null,"opacity":255,"positionPercentX":0,"positionPercentY":0,"positionType":0,"rotation":0,"scaleX":1,"scaleY":1,"sizePercentX":0.702127635,"sizePercentY":1.22727275,"sizeType":0,"tag":14950,"touchAble":false,"useMergedTexture":false,"visible":true,"width":33,"x":0,"y":0,"areaHeight":0,"areaWidth":0,"fontFile":null,"fontName":"微软雅黑","fontSize":20,"hAlignment":0,"text":"1\/3","touchScaleEnable":false,"vAlignment":0}}],"options":{"__type":"ImageViewSurrogate:#EditorCommon.JsonModel.Component.GUI","classname":"ImageView","name":"Image_25","ZOrder":0,"actiontag":29180707,"anchorPointX":0.5,"anchorPointY":0.5,"classType":"CocoStudio.EngineAdapterWrap.CSImageView","colorB":255,"colorG":255,"colorR":255,"customProperty":"","flipX":false,"flipY":false,"height":22,"ignoreSize":true,"layoutParameter":null,"opacity":255,"positionPercentX":0.0105263162,"positionPercentY":-0.221052632,"positionType":0,"rotation":0,"scaleX":1,"scaleY":1,"sizePercentX":0.49473685,"sizePercentY":0.231578946,"sizeType":0,"tag":13014,"touchAble":false,"useMergedTexture":false,"visible":true,"width":47,"x":1,"y":-21,"capInsetsHeight":1,"capInsetsWidth":1,"capInsetsX":0,"capInsetsY":0,"fileName":null,"fileNameData":{"path":"zs0012.png","plistFile":"","resourceType":0},"scale9Enable":false,"scale9Height":22,"scale9Width":47}},{"classname":"ImageView","name":null,"children":[],"options":{"__type":"ImageViewSurrogate:#EditorCommon.JsonModel.Component.GUI","classname":"ImageView","name":"Image_84","ZOrder":0,"actiontag":14827075,"anchorPointX":0.5,"anchorPointY":0.5,"classType":"CocoStudio.EngineAdapterWrap.CSImageView","colorB":255,"colorG":255,"colorR":255,"customProperty":"","flipX":false,"flipY":false,"height":28,"ignoreSize":true,"layoutParameter":null,"opacity":255,"positionPercentX":-0.0315789469,"positionPercentY":-0.557894766,"positionType":0,"rotation":0,"scaleX":1,"scaleY":1,"sizePercentX":0.305263162,"sizePercentY":0.294736832,"sizeType":0,"tag":13016,"touchAble":false,"useMergedTexture":false,"visible":true,"width":29,"x":-3,"y":-53,"capInsetsHeight":1,"capInsetsWidth":1,"capInsetsX":0,"capInsetsY":0,"fileName":null,"fileNameData":{"path":"zs0013.png","plistFile":"","resourceType":0},"scale9Enable":false,"scale9Height":28,"scale9Width":29}}],"options":{"__type":"ButtonSurrogate:#EditorCommon.JsonModel.Component.GUI","classname":"Button","name":"Button_24_0_1_2_6_0","ZOrder":1,"actiontag":55438083,"anchorPointX":0.5,"anchorPointY":0.5,"classType":"CocoStudio.EngineAdapterWrap.CSButton","colorB":255,"colorG":255,"colorR":255,"customProperty":"","flipX":false,"flipY":false,"height":95,"ignoreSize":true,"layoutParameter":null,"opacity":255,"positionPercentX":0.802222252,"positionPercentY":0.529824555,"positionType":0,"rotation":0,"scaleX":0.873684168,"scaleY":0.873684168,"sizePercentX":0.211111113,"sizePercentY":0.166666672,"sizeType":0,"tag":13013,"touchAble":true,"useMergedTexture":false,"visible":true,"width":95,"x":361,"y":302,"capInsetsHeight":1,"capInsetsWidth":1,"capInsetsX":0,"capInsetsY":0,"disabled":null,"disabledData":{"path":null,"plistFile":null,"resourceType":0},"fontName":"微软雅黑","fontSize":14,"fontType":0,"normal":null,"normalData":{"path":"hyyjn3.png","plistFile":"","resourceType":0},"pressed":null,"pressedData":{"path":null,"plistFile":null,"resourceType":0},"scale9Enable":false,"scale9Height":95,"scale9Width":95,"text":"","textColorB":255,"textColorG":255,"textColorR":255}}],"options":{"__type":"PanelSurrogate:#EditorCommon.JsonModel.Component.GUI","classname":"Panel","name":"root_panel","ZOrder":0,"actiontag":-1,"anchorPointX":0,"anchorPointY":0,"classType":"CocoStudio.EngineAdapterWrap.CSPanel","colorB":255,"colorG":255,"colorR":255,"customProperty":"","flipX":false,"flipY":false,"height":570,"ignoreSize":false,"layoutParameter":null,"opacity":93,"positionPercentX":0,"positionPercentY":0,"positionType":0,"rotation":0,"scaleX":1,"scaleY":1,"sizePercentX":1,"sizePercentY":1,"sizeType":0,"tag":255,"touchAble":true,"useMergedTexture":false,"visible":true,"width":450,"x":0,"y":0,"adaptScreen":false,"backGroundImage":null,"backGroundImageData":null,"backGroundScale9Enable":false,"bgColorB":255,"bgColorG":200,"bgColorOpacity":0,"bgColorR":150,"bgEndColorB":255,"bgEndColorG":200,"bgEndColorR":150,"bgStartColorB":255,"bgStartColorG":255,"bgStartColorR":255,"capInsetsHeight":1,"capInsetsWidth":1,"capInsetsX":0,"capInsetsY":0,"clipAble":false,"colorType":1,"layoutType":0,"vectorX":0,"vectorY":-0.5}}}