{"classname":null,"name":null,"animation":{"classname":null,"name":"AnimationManager","actionlist":[{"classname":null,"name":"Animation0","actionnodelist":[],"loop":true,"unittime":0.1}]},"dataScale":1,"designHeight":640,"designWidth":1136,"textures":[],"texturesPng":["cwxzbj01-4.png","cka001-21-1-1.png","cka001-22-1.png","cka001-23.png","cka001-24.png","zsgzksko001.png","zsgzksko01.png","daxx01.png","baozi01.png","sdk2.png","zsgzdxzyx04-1.png","zsgzdxzyx04.png","cka001-21-1-2.png","yun0.png","zs008.png","zs0011.png","yxsxann02.png","yxsxann02-1.png","grensx0011-4.png","grensx0011-1.png","grensx0011-2.png","grensx0011-3.png","yxsxann02.png","yxsxann02-1.png","hyyjn4.png","zs0012.png","hyyjn2.png","zs0013.png","hyyjn1.png","hyyjn3.png","zs008.png","cwxzbj01-4.png","hk01.png","next01.png","hk02.png","hk03.png","hk01-2.png","hk01-1.png","jy01-1.png","jy01-2.png","zsgzdxzyx04-1.png","zsgzdxzyx04.png","cwxzbj01-4.png","zsgzdxzyx04-1.png","zsgzdxzyx04.png","zs0014-3.png","zs008.png","zs003.png","zs005.png","zs004.png","zs0014.png","zs0014-2.png","zs0014-1.png","yun0.png","jh1.png","jh2.png","zduix-1.png","jy01-2-0.png","jy01-2-1.png","cwxzbj01-4.png","sl01_2.png","sl01.png","sl01_3.png","cka001-23.png","cka001-24.png","zsgzksko001.png","zsgzksko01.png","sl01_4.png","sl01_5.png","zb05.png","zs005-1.png","rwxt01.png","rwxt03_1.png","zb01.png","zb04.png","zb02.png","zb03.png","bjguang.png","cka001-21-1-2.png","cka001-21-1-1.png","cwxzbj01-4.png","sb01_1.png","sb01_2.png","tyonganiu01.png","tyonganiu00-1.png","zsgzdxzyx04-1.png","zsgzdxzyx04.png","bl01.png","jia000.png","jia02-1.png","baozi01.png","jia00.png","jb01.png","zs01.png","hk07-1.png","hk07.png","cz01.png","jd01.png","txshux01.png","txshux02.png","txshux00.png","txshux03.png","cwxzbj01-4.png","cka001-21-1-1.png","cka001.png","cka001-19.png","cka001-14.png","zs008.png","grensx0011-4.png","zs01.png","cka001-8.png","sl01_1.png","yxtxxiaoq.png","zs005-1.png","zhili01.png","cka001-11.png","cka001-12.png","jb01.png","cka001-2.png","cka001-18.png","cka001-13.png","cka001-7.png","cka001-22-1.png","yun0.png","zduix-3.png","zsgzdxzyx04-1.png","zsgzdxzyx04.png","cka001-15.png","cka001-16.png","cka001-17.png","cka001-21-1-2.png","cka001-21.png","cka001-22.png","cka001-2.png","cka001-23.png","cka001-24.png","cka001-25.png","jb01.png","cka001-21.png","cka001-22.png","cka001-7.png","cka001-23.png","cka001-24.png","cka001-25.png","zs01.png","cka001-21.png","cka001-22.png","cka001-8.png","cka001-23.png","cka001-24.png","cka001-25.png","zs01.png","yxtxxiaoq.png","zs005-1.png","zhili01.png","cwxzbj01-4.png","XG01.png","XZXX01-1.png","xiaoq-1.png","lv.png","XZXX01.png","XZ0-12.png","bjguang.png","XZ0-13.png","XZ0-14.png","XZ0-15.png","hudie24.png","shui001.png","cwxzbj01-5.png","zs003.png","zs008.png","zs009.png","zs010.png","zb04.png","zb01.png","zb03.png","zb02.png","zb05.png","yxsxann02.png","yxsxann02-1.png","grensx0011-1.png","cwxzbj01-4.png","XZXX01-1.png","xiaoq-1.png","lv.png","zs007.png","zs006.png","XG01.png","cwxzbj01-5.png","zhili01.png","zs001.png","zs002.png","XZXX01.png","yxsxann00.png","yxsxann01.png","yxsxann02.png","yxsxann02-1.png","grensx0011-5.png","zduix-2.png","zsgzdxzyx04-1.png","zsgzdxzyx04.png","hk01-4.png","hk01-3.png","hk05.png","hk001.png","hk001_1.png","hk002.png","hk002_1.png","hk003.png","hk003_1.png","hk004.png","hk004-1.png","hk005.png","hk005_1.png","hk006.png","hk006_1.png","hk007.png","hk007_1.png","rw.png","cwxzbj01-4.png","zs007.png","zs006.png","yun0.png","XZXX01-1.png","xiaomlong.png","lv.png","zs0011.png","XG01.png","cw.png","zs001.png","zs002.png","XZXX01.png","zsgzdxzyx04-1.png","zsgzdxzyx04.png","daz01.png","jia000.png","bx01.png","zt01.png","zt02.png","daz01-0-3.png","daz01-0-2.png","daz01-0-1.png","jiasu1.png","jiasu02.png","jb01.png"],"version":"1.6.0.0","widgetTree":{"classname":"Panel","name":null,"children":[{"classname":"ImageView","name":null,"children":[],"options":{"__type":"ImageViewSurrogate:#EditorCommon.JsonModel.Component.GUI","classname":"ImageView","name":"b2","ZOrder":1,"actiontag":34940136,"anchorPointX":0.5,"anchorPointY":0.5,"classType":"CocoStudio.EngineAdapterWrap.CSImageView","colorB":255,"colorG":255,"colorR":255,"customProperty":"","flipX":false,"flipY":false,"height":122,"ignoreSize":true,"layoutParameter":{"classname":null,"name":null,"align":9,"gravity":0,"layoutEageType":0,"layoutNormalHorizontal":0,"layoutNormalVertical":0,"layoutParentHorizontal":0,"layoutParentVertical":0,"marginDown":394,"marginLeft":0,"marginRight":-14,"marginTop":0,"relativeName":"b2","relativeToName":"root_panel","type":2},"opacity":255,"positionPercentX":0.958626747,"positionPercentY":0.7109375,"positionType":0,"rotation":0,"scaleX":0.9180331,"scaleY":0.9180331,"sizePercentX":0.107394367,"sizePercentY":0.190625,"sizeType":0,"tag":16679,"touchAble":false,"useMergedTexture":false,"visible":true,"width":122,"x":1089,"y":455,"capInsetsHeight":1,"capInsetsWidth":1,"capInsetsX":0,"capInsetsY":0,"fileName":null,"fileNameData":{"path":"daz01.png","plistFile":"","resourceType":0},"scale9Enable":false,"scale9Height":122,"scale9Width":122}},{"classname":"ImageView","name":null,"children":[{"classname":"ImageView","name":null,"children":[],"options":{"__type":"ImageViewSurrogate:#EditorCommon.JsonModel.Component.GUI","classname":"ImageView","name":"Image_27","ZOrder":0,"actiontag":4500430,"anchorPointX":0.5,"anchorPointY":0.5,"classType":"CocoStudio.EngineAdapterWrap.CSImageView","colorB":255,"colorG":255,"colorR":255,"customProperty":"","flipX":false,"flipY":false,"height":71,"ignoreSize":true,"layoutParameter":null,"opacity":255,"positionPercentX":0.2970297,"positionPercentY":0,"positionType":0,"rotation":0,"scaleX":0.619958937,"scaleY":0.619958937,"sizePercentX":0.3910891,"sizePercentY":1.44897962,"sizeType":0,"tag":16671,"touchAble":false,"useMergedTexture":false,"visible":true,"width":79,"x":60,"y":0,"capInsetsHeight":1,"capInsetsWidth":1,"capInsetsX":0,"capInsetsY":0,"fileName":null,"fileNameData":{"path":"bx01.png","plistFile":"","resourceType":0},"scale9Enable":false,"scale9Height":71,"scale9Width":79}},{"classname":"LabelAtlas","name":null,"children":[],"options":{"__type":"LabelAtlasSurrogate:#EditorCommon.JsonModel.Component.GUI","classname":"LabelAtlas","name":"AtlasLabel_41","ZOrder":0,"actiontag":40503875,"anchorPointX":0,"anchorPointY":0.5,"classType":"CocoStudio.EngineAdapterWrap.CSLabelAtlas","colorB":255,"colorG":255,"colorR":255,"customProperty":"","flipX":false,"flipY":false,"height":31,"ignoreSize":true,"layoutParameter":null,"opacity":255,"positionPercentX":-0.074257426,"positionPercentY":0,"positionType":0,"rotation":0,"scaleX":0.85,"scaleY":0.85,"sizePercentX":0.237623766,"sizePercentY":0.632653058,"sizeType":0,"tag":16672,"touchAble":false,"useMergedTexture":false,"visible":true,"width":48,"x":-15,"y":0,"charMapFile":null,"charMapFileData":{"path":"zsgzdxzyx21.png","plistFile":"","resourceType":0},"itemHeight":31,"itemWidth":24,"startCharMap":"0","stringValue":"15"}}],"options":{"__type":"ImageViewSurrogate:#EditorCommon.JsonModel.Component.GUI","classname":"ImageView","name":"power_0","ZOrder":0,"actiontag":26567704,"anchorPointX":0.5,"anchorPointY":0.5,"classType":"CocoStudio.EngineAdapterWrap.CSImageView","colorB":255,"colorG":255,"colorR":255,"customProperty":"","flipX":false,"flipY":false,"height":49,"ignoreSize":true,"layoutParameter":{"classname":null,"name":null,"align":1,"gravity":0,"layoutEageType":0,"layoutNormalHorizontal":0,"layoutNormalVertical":0,"layoutParentHorizontal":0,"layoutParentVertical":0,"marginDown":0,"marginLeft":285,"marginRight":0,"marginTop":12,"relativeName":"power_0","relativeToName":"root_panel","type":2},"opacity":186,"positionPercentX":0.339788735,"positionPercentY":0.9429687,"positionType":0,"rotation":0,"scaleX":1,"scaleY":1,"sizePercentX":0.1778169,"sizePercentY":0.0765625,"sizeType":0,"tag":16670,"touchAble":false,"useMergedTexture":false,"visible":true,"width":202,"x":386,"y":603,"capInsetsHeight":1,"capInsetsWidth":1,"capInsetsX":0,"capInsetsY":0,"fileName":null,"fileNameData":{"path":"jia000.png","plistFile":"","resourceType":0},"scale9Enable":false,"scale9Height":49,"scale9Width":202}},{"classname":"Button","name":null,"children":[],"options":{"__type":"ButtonSurrogate:#EditorCommon.JsonModel.Component.GUI","classname":"Button","name":"Button_48","ZOrder":0,"actiontag":53510952,"anchorPointX":0.5,"anchorPointY":0.5,"classType":"CocoStudio.EngineAdapterWrap.CSButton","colorB":255,"colorG":255,"colorR":255,"customProperty":"","flipX":false,"flipY":false,"height":121,"ignoreSize":true,"layoutParameter":{"classname":null,"name":null,"align":1,"gravity":0,"layoutEageType":0,"layoutNormalHorizontal":0,"layoutNormalVertical":0,"layoutParentHorizontal":0,"layoutParentVertical":0,"marginDown":0,"marginLeft":-22,"marginRight":0,"marginTop":-18,"relativeName":"Button_48","relativeToName":"root_panel","type":2},"opacity":255,"positionPercentX":0.0356514081,"positionPercentY":0.93359375,"positionType":0,"rotation":0,"scaleX":0.707003057,"scaleY":0.707003057,"sizePercentX":0.110035211,"sizePercentY":0.1890625,"sizeType":0,"tag":16673,"touchAble":true,"useMergedTexture":false,"visible":true,"width":125,"x":40,"y":597,"capInsetsHeight":1,"capInsetsWidth":1,"capInsetsX":0,"capInsetsY":0,"disabled":null,"disabledData":{"path":null,"plistFile":null,"resourceType":0},"fontName":"微软雅黑","fontSize":14,"fontType":0,"normal":null,"normalData":{"path":"zt01.png","plistFile":"","resourceType":0},"pressed":null,"pressedData":{"path":"zt02.png","plistFile":"","resourceType":0},"scale9Enable":false,"scale9Height":121,"scale9Width":125,"text":"","textColorB":255,"textColorG":255,"textColorR":255}},{"classname":"ImageView","name":null,"children":[{"classname":"ImageView","name":null,"children":[],"options":{"__type":"ImageViewSurrogate:#EditorCommon.JsonModel.Component.GUI","classname":"ImageView","name":"Image_52","ZOrder":0,"actiontag":38551500,"anchorPointX":0.5,"anchorPointY":0.5,"classType":"CocoStudio.EngineAdapterWrap.CSImageView","colorB":255,"colorG":255,"colorR":255,"customProperty":"","flipX":false,"flipY":false,"height":122,"ignoreSize":true,"layoutParameter":null,"opacity":255,"positionPercentX":0.09375,"positionPercentY":-0.3421875,"positionType":0,"rotation":0,"scaleX":1,"scaleY":1,"sizePercentX":0.953125,"sizePercentY":0.190625,"sizeType":0,"tag":16677,"touchAble":false,"useMergedTexture":false,"visible":false,"width":122,"x":12,"y":-219,"capInsetsHeight":1,"capInsetsWidth":1,"capInsetsX":0,"capInsetsY":0,"fileName":null,"fileNameData":{"path":"daz01.png","plistFile":"","resourceType":0},"scale9Enable":false,"scale9Height":122,"scale9Width":122}}],"options":{"__type":"ImageViewSurrogate:#EditorCommon.JsonModel.Component.GUI","classname":"ImageView","name":"Image_49","ZOrder":0,"actiontag":28042877,"anchorPointX":0.5,"anchorPointY":0.5,"classType":"CocoStudio.EngineAdapterWrap.CSImageView","colorB":255,"colorG":255,"colorR":255,"customProperty":"","flipX":false,"flipY":false,"height":640,"ignoreSize":true,"layoutParameter":{"classname":null,"name":null,"align":1,"gravity":0,"layoutEageType":0,"layoutNormalHorizontal":0,"layoutNormalVertical":0,"layoutParentHorizontal":0,"layoutParentVertical":0,"marginDown":0,"marginLeft":1021,"marginRight":0,"marginTop":0,"relativeName":"Image_49","relativeToName":"root_panel","type":2},"opacity":83,"positionPercentX":0.955105662,"positionPercentY":0.5,"positionType":0,"rotation":0,"scaleX":0.84375006,"scaleY":1.00852275,"sizePercentX":0.112676054,"sizePercentY":1,"sizeType":0,"tag":16674,"touchAble":false,"useMergedTexture":false,"visible":true,"width":128,"x":1085,"y":320,"capInsetsHeight":1,"capInsetsWidth":1,"capInsetsX":0,"capInsetsY":0,"fileName":null,"fileNameData":{"path":"daz01-0-3.png","plistFile":"","resourceType":0},"scale9Enable":false,"scale9Height":640,"scale9Width":128}},{"classname":"ImageView","name":null,"children":[],"options":{"__type":"ImageViewSurrogate:#EditorCommon.JsonModel.Component.GUI","classname":"ImageView","name":"b5","ZOrder":1,"actiontag":5421614,"anchorPointX":0.5,"anchorPointY":0.5,"classType":"CocoStudio.EngineAdapterWrap.CSImageView","colorB":255,"colorG":255,"colorR":255,"customProperty":"","flipX":false,"flipY":false,"height":122,"ignoreSize":true,"layoutParameter":{"classname":null,"name":null,"align":9,"gravity":0,"layoutEageType":0,"layoutNormalHorizontal":0,"layoutNormalVertical":0,"layoutParentHorizontal":0,"layoutParentVertical":0,"marginDown":96,"marginLeft":0,"marginRight":-12,"marginTop":0,"relativeName":"b5","relativeToName":"root_panel","type":2},"opacity":255,"positionPercentX":0.9568662,"positionPercentY":0.2453125,"positionType":0,"rotation":0,"scaleX":0.9180331,"scaleY":0.9180331,"sizePercentX":0.107394367,"sizePercentY":0.190625,"sizeType":0,"tag":16690,"touchAble":false,"useMergedTexture":false,"visible":true,"width":122,"x":1087,"y":157,"capInsetsHeight":1,"capInsetsWidth":1,"capInsetsX":0,"capInsetsY":0,"fileName":null,"fileNameData":{"path":"daz01.png","plistFile":"","resourceType":0},"scale9Enable":false,"scale9Height":122,"scale9Width":122}},{"classname":"ImageView","name":null,"children":[],"options":{"__type":"ImageViewSurrogate:#EditorCommon.JsonModel.Component.GUI","classname":"ImageView","name":"b1","ZOrder":1,"actiontag":23176677,"anchorPointX":0.5,"anchorPointY":0.5,"classType":"CocoStudio.EngineAdapterWrap.CSImageView","colorB":255,"colorG":255,"colorR":255,"customProperty":"","flipX":false,"flipY":false,"height":122,"ignoreSize":true,"layoutParameter":{"classname":null,"name":null,"align":9,"gravity":0,"layoutEageType":0,"layoutNormalHorizontal":0,"layoutNormalVertical":0,"layoutParentHorizontal":0,"layoutParentVertical":0,"marginDown":497,"marginLeft":0,"marginRight":-14,"marginTop":0,"relativeName":"b1","relativeToName":"root_panel","type":2},"opacity":255,"positionPercentX":0.958626747,"positionPercentY":0.871875,"positionType":0,"rotation":0,"scaleX":0.9180329,"scaleY":0.9180329,"sizePercentX":0.107394367,"sizePercentY":0.190625,"sizeType":0,"tag":16699,"touchAble":false,"useMergedTexture":false,"visible":true,"width":122,"x":1089,"y":558,"capInsetsHeight":1,"capInsetsWidth":1,"capInsetsX":0,"capInsetsY":0,"fileName":null,"fileNameData":{"path":"daz01.png","plistFile":"","resourceType":0},"scale9Enable":false,"scale9Height":122,"scale9Width":122}},{"classname":"ImageView","name":null,"children":[],"options":{"__type":"ImageViewSurrogate:#EditorCommon.JsonModel.Component.GUI","classname":"ImageView","name":"b3","ZOrder":1,"actiontag":46873469,"anchorPointX":0.5,"anchorPointY":0.5,"classType":"CocoStudio.EngineAdapterWrap.CSImageView","colorB":255,"colorG":255,"colorR":255,"customProperty":"","flipX":false,"flipY":false,"height":122,"ignoreSize":true,"layoutParameter":{"classname":null,"name":null,"align":9,"gravity":0,"layoutEageType":0,"layoutNormalHorizontal":0,"layoutNormalVertical":0,"layoutParentHorizontal":0,"layoutParentVertical":0,"marginDown":300,"marginLeft":0,"marginRight":-13,"marginTop":0,"relativeName":"b3","relativeToName":"root_panel","type":2},"opacity":255,"positionPercentX":0.9577465,"positionPercentY":0.5640625,"positionType":0,"rotation":0,"scaleX":0.9180327,"scaleY":0.9180327,"sizePercentX":0.107394367,"sizePercentY":0.190625,"sizeType":0,"tag":16702,"touchAble":false,"useMergedTexture":false,"visible":true,"width":122,"x":1088,"y":361,"capInsetsHeight":1,"capInsetsWidth":1,"capInsetsX":0,"capInsetsY":0,"fileName":null,"fileNameData":{"path":"daz01.png","plistFile":"","resourceType":0},"scale9Enable":false,"scale9Height":122,"scale9Width":122}},{"classname":"ImageView","name":null,"children":[],"options":{"__type":"ImageViewSurrogate:#EditorCommon.JsonModel.Component.GUI","classname":"ImageView","name":"b4","ZOrder":1,"actiontag":8663150,"anchorPointX":0.5,"anchorPointY":0.5,"classType":"CocoStudio.EngineAdapterWrap.CSImageView","colorB":255,"colorG":255,"colorR":255,"customProperty":"","flipX":false,"flipY":false,"height":122,"ignoreSize":true,"layoutParameter":{"classname":null,"name":null,"align":9,"gravity":0,"layoutEageType":0,"layoutNormalHorizontal":0,"layoutNormalVertical":0,"layoutParentHorizontal":0,"layoutParentVertical":0,"marginDown":202,"marginLeft":0,"marginRight":-12,"marginTop":0,"relativeName":"b4","relativeToName":"root_panel","type":2},"opacity":255,"positionPercentX":0.9568662,"positionPercentY":0.4109375,"positionType":0,"rotation":0,"scaleX":0.9180327,"scaleY":0.9180327,"sizePercentX":0.107394367,"sizePercentY":0.190625,"sizeType":0,"tag":16704,"touchAble":false,"useMergedTexture":false,"visible":true,"width":122,"x":1087,"y":263,"capInsetsHeight":1,"capInsetsWidth":1,"capInsetsX":0,"capInsetsY":0,"fileName":null,"fileNameData":{"path":"daz01.png","plistFile":"","resourceType":0},"scale9Enable":false,"scale9Height":122,"scale9Width":122}},{"classname":"Button","name":null,"children":[],"options":{"__type":"ButtonSurrogate:#EditorCommon.JsonModel.Component.GUI","classname":"Button","name":"Button_80","ZOrder":0,"actiontag":55289743,"anchorPointX":0.5,"anchorPointY":0.5,"classType":"CocoStudio.EngineAdapterWrap.CSButton","colorB":255,"colorG":255,"colorR":255,"customProperty":"","flipX":false,"flipY":false,"height":85,"ignoreSize":true,"layoutParameter":{"classname":null,"name":null,"align":9,"gravity":0,"layoutEageType":0,"layoutNormalHorizontal":0,"layoutNormalVertical":0,"layoutParentHorizontal":0,"layoutParentVertical":0,"marginDown":9,"marginLeft":0,"marginRight":-2,"marginTop":0,"relativeName":"Button_80","relativeToName":"root_panel","type":2},"opacity":255,"positionPercentX":0.9643486,"positionPercentY":0.08046875,"positionType":0,"rotation":0,"scaleX":0.9180327,"scaleY":0.9180327,"sizePercentX":0.0748239458,"sizePercentY":0.1328125,"sizeType":0,"tag":16705,"touchAble":true,"useMergedTexture":false,"visible":true,"width":85,"x":1095,"y":51,"capInsetsHeight":1,"capInsetsWidth":1,"capInsetsX":0,"capInsetsY":0,"disabled":null,"disabledData":{"path":null,"plistFile":null,"resourceType":0},"fontName":"微软雅黑","fontSize":14,"fontType":0,"normal":null,"normalData":{"path":"daz01-0-2.png","plistFile":"","resourceType":0},"pressed":null,"pressedData":{"path":"daz01-0-1.png","plistFile":"","resourceType":0},"scale9Enable":false,"scale9Height":85,"scale9Width":85,"text":"","textColorB":255,"textColorG":255,"textColorR":255}},{"classname":"ImageView","name":null,"children":[],"options":{"__type":"ImageViewSurrogate:#EditorCommon.JsonModel.Component.GUI","classname":"ImageView","name":"Image_81","ZOrder":0,"actiontag":55998697,"anchorPointX":0.5,"anchorPointY":0.5,"classType":"CocoStudio.EngineAdapterWrap.CSImageView","colorB":255,"colorG":255,"colorR":255,"customProperty":"","flipX":false,"flipY":false,"height":122,"ignoreSize":true,"layoutParameter":{"classname":null,"name":null,"align":9,"gravity":0,"layoutEageType":0,"layoutNormalHorizontal":0,"layoutNormalVertical":0,"layoutParentHorizontal":0,"layoutParentVertical":0,"marginDown":-6,"marginLeft":0,"marginRight":-17,"marginTop":0,"relativeName":"Image_81","relativeToName":"root_panel","type":2},"opacity":255,"positionPercentX":0.9612676,"positionPercentY":0.0859375,"positionType":0,"rotation":0,"scaleX":0.9180327,"scaleY":0.9180327,"sizePercentX":0.107394367,"sizePercentY":0.190625,"sizeType":0,"tag":16706,"touchAble":false,"useMergedTexture":false,"visible":true,"width":122,"x":1092,"y":55,"capInsetsHeight":1,"capInsetsWidth":1,"capInsetsX":0,"capInsetsY":0,"fileName":null,"fileNameData":{"path":"daz01.png","plistFile":"","resourceType":0},"scale9Enable":false,"scale9Height":122,"scale9Width":122}},{"classname":"Button","name":null,"children":[],"options":{"__type":"ButtonSurrogate:#EditorCommon.JsonModel.Component.GUI","classname":"Button","name":"Button_82","ZOrder":0,"actiontag":55815698,"anchorPointX":0.5,"anchorPointY":0.5,"classType":"CocoStudio.EngineAdapterWrap.CSButton","colorB":255,"colorG":255,"colorR":255,"customProperty":"","flipX":false,"flipY":false,"height":83,"ignoreSize":true,"layoutParameter":{"classname":null,"name":null,"align":1,"gravity":0,"layoutEageType":0,"layoutNormalHorizontal":0,"layoutNormalVertical":0,"layoutParentHorizontal":0,"layoutParentVertical":0,"marginDown":0,"marginLeft":4,"marginRight":0,"marginTop":549,"relativeName":"Button_82","relativeToName":"root_panel","type":2},"opacity":255,"positionPercentX":0.0528169,"positionPercentY":0.07734375,"positionType":0,"rotation":0,"scaleX":1,"scaleY":1,"sizePercentX":0.09859155,"sizePercentY":0.1296875,"sizeType":0,"tag":16707,"touchAble":true,"useMergedTexture":false,"visible":true,"width":112,"x":60,"y":49,"capInsetsHeight":1,"capInsetsWidth":1,"capInsetsX":0,"capInsetsY":0,"disabled":null,"disabledData":{"path":null,"plistFile":null,"resourceType":0},"fontName":"微软雅黑","fontSize":14,"fontType":0,"normal":null,"normalData":{"path":"jiasu1.png","plistFile":"","resourceType":0},"pressed":null,"pressedData":{"path":"jiasu02.png","plistFile":"","resourceType":0},"scale9Enable":false,"scale9Height":83,"scale9Width":112,"text":"","textColorB":255,"textColorG":255,"textColorR":255}},{"classname":"ImageView","name":null,"children":[{"classname":"ImageView","name":null,"children":[],"options":{"__type":"ImageViewSurrogate:#EditorCommon.JsonModel.Component.GUI","classname":"ImageView","name":"Image_27","ZOrder":0,"actiontag":13603684,"anchorPointX":0.5,"anchorPointY":0.5,"classType":"CocoStudio.EngineAdapterWrap.CSImageView","colorB":255,"colorG":255,"colorR":255,"customProperty":"","flipX":false,"flipY":false,"height":40,"ignoreSize":true,"layoutParameter":null,"opacity":255,"positionPercentX":0.27722773,"positionPercentY":0.0204081628,"positionType":0,"rotation":0,"scaleX":1,"scaleY":1,"sizePercentX":0.217821777,"sizePercentY":0.816326559,"sizeType":0,"tag":16712,"touchAble":false,"useMergedTexture":false,"visible":true,"width":44,"x":56,"y":1,"capInsetsHeight":1,"capInsetsWidth":1,"capInsetsX":0,"capInsetsY":0,"fileName":null,"fileNameData":{"path":"jb01.png","plistFile":"","resourceType":0},"scale9Enable":false,"scale9Height":40,"scale9Width":44}},{"classname":"LabelAtlas","name":null,"children":[],"options":{"__type":"LabelAtlasSurrogate:#EditorCommon.JsonModel.Component.GUI","classname":"LabelAtlas","name":"AtlasLabel_41","ZOrder":0,"actiontag":55324299,"anchorPointX":0,"anchorPointY":0.5,"classType":"CocoStudio.EngineAdapterWrap.CSLabelAtlas","colorB":255,"colorG":255,"colorR":255,"customProperty":"","flipX":false,"flipY":false,"height":31,"ignoreSize":true,"layoutParameter":null,"opacity":255,"positionPercentX":-0.311881185,"positionPercentY":0,"positionType":0,"rotation":0,"scaleX":0.85,"scaleY":0.85,"sizePercentX":0.475247532,"sizePercentY":0.632653058,"sizeType":0,"tag":16713,"touchAble":false,"useMergedTexture":false,"visible":true,"width":96,"x":-63,"y":0,"charMapFile":null,"charMapFileData":{"path":"zsgzdxzyx21.png","plistFile":"","resourceType":0},"itemHeight":31,"itemWidth":24,"startCharMap":"0","stringValue":"1547"}}],"options":{"__type":"ImageViewSurrogate:#EditorCommon.JsonModel.Component.GUI","classname":"ImageView","name":"power_0_1","ZOrder":0,"actiontag":31337682,"anchorPointX":0.5,"anchorPointY":0.5,"classType":"CocoStudio.EngineAdapterWrap.CSImageView","colorB":255,"colorG":255,"colorR":255,"customProperty":"","flipX":false,"flipY":false,"height":49,"ignoreSize":true,"layoutParameter":{"classname":null,"name":null,"align":1,"gravity":0,"layoutEageType":0,"layoutNormalHorizontal":0,"layoutNormalVertical":0,"layoutParentHorizontal":0,"layoutParentVertical":0,"marginDown":0,"marginLeft":80,"marginRight":0,"marginTop":13,"relativeName":"power_0_1","relativeToName":"root_panel","type":2},"opacity":186,"positionPercentX":0.159330979,"positionPercentY":0.94140625,"positionType":0,"rotation":0,"scaleX":1,"scaleY":1,"sizePercentX":0.1778169,"sizePercentY":0.0765625,"sizeType":0,"tag":16711,"touchAble":false,"useMergedTexture":false,"visible":true,"width":202,"x":181,"y":602,"capInsetsHeight":1,"capInsetsWidth":1,"capInsetsX":0,"capInsetsY":0,"fileName":null,"fileNameData":{"path":"jia000.png","plistFile":"","resourceType":0},"scale9Enable":false,"scale9Height":49,"scale9Width":202}}],"options":{"__type":"PanelSurrogate:#EditorCommon.JsonModel.Component.GUI","classname":"Panel","name":"root_panel","ZOrder":0,"actiontag":-1,"anchorPointX":0,"anchorPointY":0,"classType":"CocoStudio.EngineAdapterWrap.CSPanel","colorB":255,"colorG":255,"colorR":255,"customProperty":"","flipX":false,"flipY":false,"height":640,"ignoreSize":false,"layoutParameter":null,"opacity":255,"positionPercentX":0,"positionPercentY":0,"positionType":0,"rotation":0,"scaleX":1,"scaleY":1,"sizePercentX":1,"sizePercentY":1,"sizeType":0,"tag":1020,"touchAble":false,"useMergedTexture":false,"visible":true,"width":1136,"x":0,"y":0,"adaptScreen":true,"backGroundImage":null,"backGroundImageData":null,"backGroundScale9Enable":false,"bgColorB":255,"bgColorG":200,"bgColorOpacity":0,"bgColorR":150,"bgEndColorB":255,"bgEndColorG":200,"bgEndColorR":150,"bgStartColorB":255,"bgStartColorG":255,"bgStartColorR":255,"capInsetsHeight":1,"capInsetsWidth":1,"capInsetsX":0,"capInsetsY":0,"clipAble":false,"colorType":1,"layoutType":3,"vectorX":0,"vectorY":-0.5}}}