{"classname":null,"name":null,"animation":{"classname":null,"name":"AnimationManager","actionlist":[{"classname":null,"name":"Animation0","actionnodelist":[],"loop":true,"unittime":0.2}]},"dataScale":1,"designHeight":640,"designWidth":1136,"textures":[],"texturesPng":["cwxzbj01-4.png","cka001-21-1-1.png","cka001-22-1.png","cka001-23.png","cka001-24.png","zsgzksko001.png","zsgzksko01.png","daxx01.png","baozi01.png","sdk2.png","zsgzdxzyx04-1.png","zsgzdxzyx04.png","cka001-21-1-2.png","yun0.png","zs008.png","zs0011.png","yxsxann02.png","yxsxann02-1.png","grensx0011-4.png","grensx0011-1.png","grensx0011-2.png","grensx0011-3.png","yxsxann02.png","yxsxann02-1.png","hyyjn4.png","zs0012.png","hyyjn2.png","zs0013.png","hyyjn1.png","hyyjn3.png","zs008.png","cwxzbj01-4.png","hk01.png","next01.png","hk02.png","hk03.png","hk01-2.png","hk01-1.png","jy01-1.png","jy01-2.png","zsgzdxzyx04-1.png","zsgzdxzyx04.png","cwxzbj01-4.png","zsgzdxzyx04-1.png","zsgzdxzyx04.png","zs0014-3.png","zs008.png","zs003.png","zs005.png","zs004.png","zs0014.png","zs0014-2.png","zs0014-1.png","yun0.png","jh1.png","jh2.png","zduix-1.png","jy01-2-0.png","jy01-2-1.png","cwxzbj01-4.png","sl01_2.png","sl01.png","sl01_3.png","cka001-23.png","cka001-24.png","zsgzksko001.png","zsgzksko01.png","sl01_4.png","sl01_5.png","zb05.png","zs005-1.png","rwxt01.png","rwxt03_1.png","zb01.png","zb04.png","zb02.png","zb03.png","bjguang.png","cka001-21-1-2.png","cka001-21-1-1.png"],"version":"1.6.0.0","widgetTree":{"classname":"Panel","name":null,"children":[{"classname":"ImageView","name":null,"children":[],"options":{"__type":"ImageViewSurrogate:#EditorCommon.JsonModel.Component.GUI","classname":"ImageView","name":"Image_4","ZOrder":2,"actiontag":3,"anchorPointX":0.5,"anchorPointY":0.5,"classType":"CocoStudio.EngineAdapterWrap.CSImageView","colorB":255,"colorG":255,"colorR":255,"customProperty":"","flipX":false,"flipY":false,"height":63,"ignoreSize":true,"layoutParameter":{"classname":null,"name":null,"align":1,"gravity":0,"layoutEageType":0,"layoutNormalHorizontal":0,"layoutNormalVertical":0,"layoutParentHorizontal":0,"layoutParentVertical":0,"marginDown":0,"marginLeft":575,"marginRight":0,"marginTop":153,"relativeName":"Image_4","relativeToName":"root_panel","type":2},"opacity":255,"positionPercentX":0.534771144,"positionPercentY":0.711718738,"positionType":0,"rotation":0,"scaleX":1,"scaleY":1,"sizePercentX":0.05721831,"sizePercentY":0.0984375,"sizeType":0,"tag":1134,"touchAble":false,"useMergedTexture":false,"visible":true,"width":65,"x":607,"y":455,"capInsetsHeight":1,"capInsetsWidth":1,"capInsetsX":0,"capInsetsY":0,"fileName":null,"fileNameData":{"path":"sl01_2.png","plistFile":"","resourceType":0},"scale9Enable":false,"scale9Height":63,"scale9Width":65}},{"classname":"ImageView","name":null,"children":[],"options":{"__type":"ImageViewSurrogate:#EditorCommon.JsonModel.Component.GUI","classname":"ImageView","name":"Image_4_0","ZOrder":2,"actiontag":6,"anchorPointX":0.5,"anchorPointY":0.5,"classType":"CocoStudio.EngineAdapterWrap.CSImageView","colorB":255,"colorG":255,"colorR":255,"customProperty":"","flipX":false,"flipY":false,"height":63,"ignoreSize":true,"layoutParameter":{"classname":null,"name":null,"align":1,"gravity":0,"layoutEageType":0,"layoutNormalHorizontal":0,"layoutNormalVertical":0,"layoutParentHorizontal":0,"layoutParentVertical":0,"marginDown":0,"marginLeft":504,"marginRight":0,"marginTop":160,"relativeName":"Image_4_0","relativeToName":"root_panel","type":2},"opacity":255,"positionPercentX":0.4722711,"positionPercentY":0.7007812,"positionType":0,"rotation":0,"scaleX":1,"scaleY":1,"sizePercentX":0.05721831,"sizePercentY":0.0984375,"sizeType":0,"tag":1136,"touchAble":false,"useMergedTexture":false,"visible":true,"width":65,"x":536,"y":448,"capInsetsHeight":1,"capInsetsWidth":1,"capInsetsX":0,"capInsetsY":0,"fileName":null,"fileNameData":{"path":"sl01_2.png","plistFile":"","resourceType":0},"scale9Enable":false,"scale9Height":63,"scale9Width":65}},{"classname":"ImageView","name":null,"children":[],"options":{"__type":"ImageViewSurrogate:#EditorCommon.JsonModel.Component.GUI","classname":"ImageView","name":"Image_4_1","ZOrder":2,"actiontag":7,"anchorPointX":0.5,"anchorPointY":0.5,"classType":"CocoStudio.EngineAdapterWrap.CSImageView","colorB":255,"colorG":255,"colorR":255,"customProperty":"","flipX":false,"flipY":false,"height":63,"ignoreSize":true,"layoutParameter":{"classname":null,"name":null,"align":1,"gravity":0,"layoutEageType":0,"layoutNormalHorizontal":0,"layoutNormalVertical":0,"layoutParentHorizontal":0,"layoutParentVertical":0,"marginDown":0,"marginLeft":430,"marginRight":0,"marginTop":153,"relativeName":"Image_4_1","relativeToName":"root_panel","type":2},"opacity":255,"positionPercentX":0.407130271,"positionPercentY":0.711718738,"positionType":0,"rotation":0,"scaleX":1,"scaleY":1,"sizePercentX":0.05721831,"sizePercentY":0.0984375,"sizeType":0,"tag":1137,"touchAble":false,"useMergedTexture":false,"visible":true,"width":65,"x":462,"y":455,"capInsetsHeight":1,"capInsetsWidth":1,"capInsetsX":0,"capInsetsY":0,"fileName":null,"fileNameData":{"path":"sl01_2.png","plistFile":"","resourceType":0},"scale9Enable":false,"scale9Height":63,"scale9Width":65}},{"classname":"ImageView","name":null,"children":[],"options":{"__type":"ImageViewSurrogate:#EditorCommon.JsonModel.Component.GUI","classname":"ImageView","name":"Image_5","ZOrder":1,"actiontag":5,"anchorPointX":0.5,"anchorPointY":0.5,"classType":"CocoStudio.EngineAdapterWrap.CSImageView","colorB":255,"colorG":255,"colorR":255,"customProperty":"","flipX":false,"flipY":false,"height":225,"ignoreSize":true,"layoutParameter":{"classname":null,"name":null,"align":1,"gravity":0,"layoutEageType":0,"layoutNormalHorizontal":0,"layoutNormalVertical":0,"layoutParentHorizontal":0,"layoutParentVertical":0,"marginDown":0,"marginLeft":441,"marginRight":0,"marginTop":-15,"relativeName":"Image_5","relativeToName":"root_panel","type":2},"opacity":255,"positionPercentX":0.473591536,"positionPercentY":0.84765625,"positionType":0,"rotation":0,"scaleX":1,"scaleY":1,"sizePercentX":0.170774654,"sizePercentY":0.3515625,"sizeType":0,"tag":981,"touchAble":false,"useMergedTexture":false,"visible":true,"width":194,"x":538,"y":542,"capInsetsHeight":1,"capInsetsWidth":1,"capInsetsX":0,"capInsetsY":0,"fileName":null,"fileNameData":{"path":"sl01.png","plistFile":"","resourceType":0},"scale9Enable":false,"scale9Height":225,"scale9Width":194}},{"classname":"ImageView","name":null,"children":[{"classname":"Label","name":null,"children":[],"options":{"__type":"LabelSurrogate:#EditorCommon.JsonModel.Component.GUI","classname":"Label","name":"Label_8","ZOrder":0,"actiontag":8,"anchorPointX":0.5,"anchorPointY":0.5,"classType":"CocoStudio.EngineAdapterWrap.CSLabel","colorB":4,"colorG":103,"colorR":176,"customProperty":"","flipX":false,"flipY":false,"height":43,"ignoreSize":true,"layoutParameter":null,"opacity":255,"positionPercentX":0.0651595742,"positionPercentY":0.0235294122,"positionType":0,"rotation":0,"scaleX":1,"scaleY":1,"sizePercentX":0.131648943,"sizePercentY":0.5058824,"sizeType":0,"tag":984,"touchAble":false,"useMergedTexture":false,"visible":true,"width":99,"x":49,"y":2,"areaHeight":0,"areaWidth":0,"fontFile":null,"fontName":"微软雅黑","fontSize":33,"hAlignment":0,"text":"金币：","touchScaleEnable":false,"vAlignment":0}},{"classname":"Label","name":null,"children":[],"options":{"__type":"LabelSurrogate:#EditorCommon.JsonModel.Component.GUI","classname":"Label","name":"Label_8_0","ZOrder":0,"actiontag":10,"anchorPointX":0,"anchorPointY":0.5,"classType":"CocoStudio.EngineAdapterWrap.CSLabel","colorB":4,"colorG":103,"colorR":176,"customProperty":"","flipX":false,"flipY":false,"height":43,"ignoreSize":true,"layoutParameter":null,"opacity":255,"positionPercentX":-0.449468076,"positionPercentY":0.0117647061,"positionType":0,"rotation":0,"scaleX":1,"scaleY":1,"sizePercentX":0.131648943,"sizePercentY":0.5058824,"sizeType":0,"tag":986,"touchAble":false,"useMergedTexture":false,"visible":true,"width":99,"x":-338,"y":1,"areaHeight":0,"areaWidth":0,"fontFile":null,"fontName":"微软雅黑","fontSize":33,"hAlignment":0,"text":"等级：","touchScaleEnable":false,"vAlignment":0}},{"classname":"Label","name":null,"children":[],"options":{"__type":"LabelSurrogate:#EditorCommon.JsonModel.Component.GUI","classname":"Label","name":"Label_8_1","ZOrder":0,"actiontag":12,"anchorPointX":0,"anchorPointY":0.5,"classType":"CocoStudio.EngineAdapterWrap.CSLabel","colorB":4,"colorG":103,"colorR":176,"customProperty":"","flipX":false,"flipY":false,"height":43,"ignoreSize":true,"layoutParameter":null,"opacity":255,"positionPercentX":-0.234042555,"positionPercentY":0.0117647061,"positionType":0,"rotation":0,"scaleX":1,"scaleY":1,"sizePercentX":0.131648943,"sizePercentY":0.5058824,"sizeType":0,"tag":988,"touchAble":false,"useMergedTexture":false,"visible":true,"width":99,"x":-176,"y":1,"areaHeight":0,"areaWidth":0,"fontFile":null,"fontName":"微软雅黑","fontSize":33,"hAlignment":0,"text":"经验：","touchScaleEnable":false,"vAlignment":0}},{"classname":"Button","name":null,"children":[],"options":{"__type":"ButtonSurrogate:#EditorCommon.JsonModel.Component.GUI","classname":"Button","name":"Button_13","ZOrder":0,"actiontag":13,"anchorPointX":0.5,"anchorPointY":0.5,"classType":"CocoStudio.EngineAdapterWrap.CSButton","colorB":255,"colorG":255,"colorR":255,"customProperty":"","flipX":false,"flipY":false,"height":63,"ignoreSize":true,"layoutParameter":null,"opacity":255,"positionPercentX":0.349734038,"positionPercentY":0.0117647061,"positionType":0,"rotation":0,"scaleX":1,"scaleY":1,"sizePercentX":0.214095742,"sizePercentY":0.7411765,"sizeType":0,"tag":989,"touchAble":true,"useMergedTexture":false,"visible":true,"width":161,"x":263,"y":1,"capInsetsHeight":1,"capInsetsWidth":1,"capInsetsX":0,"capInsetsY":0,"disabled":null,"disabledData":{"path":"cka001-24.png","plistFile":"","resourceType":0},"fontName":"微软雅黑","fontSize":23,"fontType":0,"normal":null,"normalData":{"path":"cka001-23.png","plistFile":"","resourceType":0},"pressed":null,"pressedData":{"path":"cka001-24.png","plistFile":"","resourceType":0},"scale9Enable":false,"scale9Height":63,"scale9Width":161,"text":"战斗数据","textColorB":255,"textColorG":255,"textColorR":255}}],"options":{"__type":"ImageViewSurrogate:#EditorCommon.JsonModel.Component.GUI","classname":"ImageView","name":"Image_3","ZOrder":1,"actiontag":1,"anchorPointX":0.5,"anchorPointY":0.5,"classType":"CocoStudio.EngineAdapterWrap.CSImageView","colorB":255,"colorG":255,"colorR":255,"customProperty":"","flipX":false,"flipY":false,"height":85,"ignoreSize":true,"layoutParameter":{"classname":null,"name":null,"align":7,"gravity":0,"layoutEageType":0,"layoutNormalHorizontal":0,"layoutNormalVertical":0,"layoutParentHorizontal":0,"layoutParentVertical":0,"marginDown":344,"marginLeft":97,"marginRight":0,"marginTop":0,"relativeName":"Image_3","relativeToName":"root_panel","type":2},"opacity":255,"positionPercentX":0.416373253,"positionPercentY":0.6039063,"positionType":0,"rotation":0,"scaleX":1,"scaleY":1,"sizePercentX":0.6619718,"sizePercentY":0.1328125,"sizeType":0,"tag":979,"touchAble":false,"useMergedTexture":false,"visible":true,"width":752,"x":473,"y":386,"capInsetsHeight":1,"capInsetsWidth":1,"capInsetsX":0,"capInsetsY":0,"fileName":null,"fileNameData":{"path":"sl01_3.png","plistFile":"","resourceType":0},"scale9Enable":false,"scale9Height":85,"scale9Width":752}},{"classname":"Button","name":null,"children":[],"options":{"__type":"ButtonSurrogate:#EditorCommon.JsonModel.Component.GUI","classname":"Button","name":"Button_14","ZOrder":1,"actiontag":14,"anchorPointX":0.5,"anchorPointY":0.5,"classType":"CocoStudio.EngineAdapterWrap.CSButton","colorB":255,"colorG":255,"colorR":255,"customProperty":"","flipX":false,"flipY":false,"height":175,"ignoreSize":true,"layoutParameter":{"classname":null,"name":null,"align":9,"gravity":0,"layoutEageType":0,"layoutNormalHorizontal":0,"layoutNormalVertical":0,"layoutParentHorizontal":0,"layoutParentVertical":0,"marginDown":32,"marginLeft":0,"marginRight":97,"marginTop":0,"relativeName":"Button_14","relativeToName":"root_panel","type":2},"opacity":255,"positionPercentX":0.8309859,"positionPercentY":0.186718747,"positionType":0,"rotation":0,"scaleX":0.9262627,"scaleY":0.9262627,"sizePercentX":0.167253524,"sizePercentY":0.2734375,"sizeType":0,"tag":990,"touchAble":true,"useMergedTexture":false,"visible":true,"width":190,"x":944,"y":119,"capInsetsHeight":1,"capInsetsWidth":1,"capInsetsX":0,"capInsetsY":0,"disabled":null,"disabledData":{"path":"zsgzksko001.png","plistFile":"","resourceType":0},"fontName":"微软雅黑","fontSize":14,"fontType":0,"normal":null,"normalData":{"path":"zsgzksko001.png","plistFile":"","resourceType":0},"pressed":null,"pressedData":{"path":"zsgzksko01.png","plistFile":"","resourceType":0},"scale9Enable":false,"scale9Height":175,"scale9Width":190,"text":"","textColorB":255,"textColorG":255,"textColorR":255}},{"classname":"Button","name":null,"children":[],"options":{"__type":"ButtonSurrogate:#EditorCommon.JsonModel.Component.GUI","classname":"Button","name":"Button_15","ZOrder":1,"actiontag":15,"anchorPointX":0.5,"anchorPointY":0.5,"classType":"CocoStudio.EngineAdapterWrap.CSButton","colorB":255,"colorG":255,"colorR":255,"customProperty":"","flipX":false,"flipY":false,"height":170,"ignoreSize":true,"layoutParameter":{"classname":null,"name":null,"align":9,"gravity":0,"layoutEageType":0,"layoutNormalHorizontal":0,"layoutNormalVertical":0,"layoutParentHorizontal":0,"layoutParentVertical":0,"marginDown":246,"marginLeft":0,"marginRight":110,"marginTop":0,"relativeName":"Button_15","relativeToName":"root_panel","type":2},"opacity":255,"positionPercentX":0.826144338,"positionPercentY":0.5171875,"positionType":0,"rotation":0,"scaleX":0.912220657,"scaleY":0.912220657,"sizePercentX":0.154049292,"sizePercentY":0.265625,"sizeType":0,"tag":991,"touchAble":true,"useMergedTexture":false,"visible":true,"width":175,"x":938,"y":331,"capInsetsHeight":1,"capInsetsWidth":1,"capInsetsX":0,"capInsetsY":0,"disabled":null,"disabledData":{"path":null,"plistFile":null,"resourceType":0},"fontName":"微软雅黑","fontSize":14,"fontType":0,"normal":null,"normalData":{"path":"sl01_4.png","plistFile":"","resourceType":0},"pressed":null,"pressedData":{"path":"sl01_5.png","plistFile":"","resourceType":0},"scale9Enable":false,"scale9Height":170,"scale9Width":175,"text":"","textColorB":255,"textColorG":255,"textColorR":255}},{"classname":"ImageView","name":null,"children":[],"options":{"__type":"ImageViewSurrogate:#EditorCommon.JsonModel.Component.GUI","classname":"ImageView","name":"Image_28","ZOrder":1,"actiontag":28,"anchorPointX":0.5,"anchorPointY":0.5,"classType":"CocoStudio.EngineAdapterWrap.CSImageView","colorB":255,"colorG":255,"colorR":255,"customProperty":"","flipX":false,"flipY":false,"height":89,"ignoreSize":true,"layoutParameter":{"classname":null,"name":null,"align":7,"gravity":0,"layoutEageType":0,"layoutNormalHorizontal":0,"layoutNormalVertical":0,"layoutParentHorizontal":0,"layoutParentVertical":0,"marginDown":44,"marginLeft":257,"marginRight":0,"marginTop":0,"relativeName":"Image_28","relativeToName":"root_panel","type":2},"opacity":255,"positionPercentX":0.264524639,"positionPercentY":0.138281256,"positionType":0,"rotation":0,"scaleX":1,"scaleY":1,"sizePercentX":0.07658451,"sizePercentY":0.1390625,"sizeType":0,"tag":1004,"touchAble":false,"useMergedTexture":false,"visible":true,"width":87,"x":300,"y":88,"capInsetsHeight":1,"capInsetsWidth":1,"capInsetsX":0,"capInsetsY":0,"fileName":null,"fileNameData":{"path":"zb05.png","plistFile":"","resourceType":0},"scale9Enable":false,"scale9Height":89,"scale9Width":87}},{"classname":"ImageView","name":null,"children":[{"classname":"Label","name":null,"children":[],"options":{"__type":"LabelSurrogate:#EditorCommon.JsonModel.Component.GUI","classname":"Label","name":"Label_19_0","ZOrder":0,"actiontag":33,"anchorPointX":0.5,"anchorPointY":0.5,"classType":"CocoStudio.EngineAdapterWrap.CSLabel","colorB":121,"colorG":245,"colorR":250,"customProperty":"","flipX":false,"flipY":false,"height":35,"ignoreSize":true,"layoutParameter":null,"opacity":255,"positionPercentX":0.0149253728,"positionPercentY":-1,"positionType":0,"rotation":0,"scaleX":1.18529642,"scaleY":1.18529642,"sizePercentX":0.828358233,"sizePercentY":0.267175585,"sizeType":0,"tag":4898,"touchAble":false,"useMergedTexture":false,"visible":true,"width":111,"x":2,"y":-131,"areaHeight":0,"areaWidth":0,"fontFile":null,"fontName":"微软雅黑","fontSize":26,"hAlignment":0,"text":"EXP+422","touchScaleEnable":false,"vAlignment":0}},{"classname":"ImageView","name":null,"children":[{"classname":"LoadingBar","name":null,"children":[],"options":{"__type":"LoadingBarSurrogate:#EditorCommon.JsonModel.Component.GUI","classname":"LoadingBar","name":"ProgressBar_4","ZOrder":0,"actiontag":22,"anchorPointX":0.5,"anchorPointY":0.5,"classType":"CocoStudio.EngineAdapterWrap.CSLoadingBar","colorB":255,"colorG":255,"colorR":255,"customProperty":"","flipX":false,"flipY":false,"height":16,"ignoreSize":true,"layoutParameter":null,"opacity":255,"positionPercentX":0,"positionPercentY":0,"positionType":0,"rotation":0,"scaleX":1,"scaleY":1,"sizePercentX":0.7446808,"sizePercentY":0.7619048,"sizeType":0,"tag":4884,"touchAble":false,"useMergedTexture":false,"visible":true,"width":105,"x":0,"y":0,"capInsetsHeight":1,"capInsetsWidth":1,"capInsetsX":0,"capInsetsY":0,"direction":0,"percent":64,"scale9Enable":false,"texture":null,"textureData":{"path":"rwxt03_1.png","plistFile":"","resourceType":0}}}],"options":{"__type":"ImageViewSurrogate:#EditorCommon.JsonModel.Component.GUI","classname":"ImageView","name":"Image_18_0","ZOrder":0,"actiontag":21,"anchorPointX":0.5,"anchorPointY":0.5,"classType":"CocoStudio.EngineAdapterWrap.CSImageView","colorB":255,"colorG":255,"colorR":255,"customProperty":"","flipX":false,"flipY":false,"height":21,"ignoreSize":true,"layoutParameter":null,"opacity":255,"positionPercentX":-0.02238806,"positionPercentY":-0.702290058,"positionType":0,"rotation":0,"scaleX":1.18529642,"scaleY":1.18529642,"sizePercentX":1.05223882,"sizePercentY":0.160305336,"sizeType":0,"tag":4883,"touchAble":false,"useMergedTexture":false,"visible":true,"width":141,"x":-3,"y":-92,"capInsetsHeight":1,"capInsetsWidth":1,"capInsetsX":0,"capInsetsY":0,"fileName":null,"fileNameData":{"path":"rwxt01.png","plistFile":"","resourceType":0},"scale9Enable":false,"scale9Height":21,"scale9Width":141}}],"options":{"__type":"ImageViewSurrogate:#EditorCommon.JsonModel.Component.GUI","classname":"ImageView","name":"Image_17_0","ZOrder":1,"actiontag":30,"anchorPointX":0.5,"anchorPointY":0.5,"classType":"CocoStudio.EngineAdapterWrap.CSImageView","colorB":255,"colorG":255,"colorR":255,"customProperty":"","flipX":false,"flipY":false,"height":131,"ignoreSize":true,"layoutParameter":{"classname":null,"name":null,"align":1,"gravity":0,"layoutEageType":0,"layoutNormalHorizontal":0,"layoutNormalVertical":0,"layoutParentHorizontal":0,"layoutParentVertical":0,"marginDown":0,"marginLeft":517,"marginRight":0,"marginTop":303,"relativeName":"Image_17_0","relativeToName":"root_panel","type":2},"opacity":255,"positionPercentX":0.5140845,"positionPercentY":0.424218744,"positionType":0,"rotation":0,"scaleX":0.7381589,"scaleY":0.7381589,"sizePercentX":0.117957748,"sizePercentY":0.2046875,"sizeType":0,"tag":1006,"touchAble":false,"useMergedTexture":false,"visible":true,"width":134,"x":584,"y":271,"capInsetsHeight":1,"capInsetsWidth":1,"capInsetsX":0,"capInsetsY":0,"fileName":null,"fileNameData":{"path":"zs005-1.png","plistFile":"","resourceType":0},"scale9Enable":false,"scale9Height":131,"scale9Width":134}},{"classname":"ImageView","name":null,"children":[],"options":{"__type":"ImageViewSurrogate:#EditorCommon.JsonModel.Component.GUI","classname":"ImageView","name":"Image_28_0","ZOrder":1,"actiontag":9,"anchorPointX":0.5,"anchorPointY":0.5,"classType":"CocoStudio.EngineAdapterWrap.CSImageView","colorB":255,"colorG":255,"colorR":255,"customProperty":"","flipX":false,"flipY":false,"height":89,"ignoreSize":true,"layoutParameter":{"classname":null,"name":null,"align":7,"gravity":0,"layoutEageType":0,"layoutNormalHorizontal":0,"layoutNormalVertical":0,"layoutParentHorizontal":0,"layoutParentVertical":0,"marginDown":45,"marginLeft":145,"marginRight":0,"marginTop":0,"relativeName":"Image_28_0","relativeToName":"root_panel","type":2},"opacity":255,"positionPercentX":0.1659331,"positionPercentY":0.139843747,"positionType":0,"rotation":0,"scaleX":1,"scaleY":1,"sizePercentX":0.07658451,"sizePercentY":0.1390625,"sizeType":0,"tag":1431,"touchAble":false,"useMergedTexture":false,"visible":true,"width":87,"x":188,"y":89,"capInsetsHeight":1,"capInsetsWidth":1,"capInsetsX":0,"capInsetsY":0,"fileName":null,"fileNameData":{"path":"zb01.png","plistFile":"","resourceType":0},"scale9Enable":false,"scale9Height":89,"scale9Width":87}},{"classname":"ImageView","name":null,"children":[],"options":{"__type":"ImageViewSurrogate:#EditorCommon.JsonModel.Component.GUI","classname":"ImageView","name":"Image_28_1_2","ZOrder":1,"actiontag":27,"anchorPointX":0.5,"anchorPointY":0.5,"classType":"CocoStudio.EngineAdapterWrap.CSImageView","colorB":255,"colorG":255,"colorR":255,"customProperty":"","flipX":false,"flipY":false,"height":89,"ignoreSize":true,"layoutParameter":{"classname":null,"name":null,"align":7,"gravity":0,"layoutEageType":0,"layoutNormalHorizontal":0,"layoutNormalVertical":0,"layoutParentHorizontal":0,"layoutParentVertical":0,"marginDown":44,"marginLeft":371,"marginRight":0,"marginTop":0,"relativeName":"Image_28_1_2","relativeToName":"root_panel","type":2},"opacity":255,"positionPercentX":0.364876747,"positionPercentY":0.138281256,"positionType":0,"rotation":0,"scaleX":1,"scaleY":1,"sizePercentX":0.07658451,"sizePercentY":0.1390625,"sizeType":0,"tag":1441,"touchAble":false,"useMergedTexture":false,"visible":true,"width":87,"x":414,"y":88,"capInsetsHeight":1,"capInsetsWidth":1,"capInsetsX":0,"capInsetsY":0,"fileName":null,"fileNameData":{"path":"zb04.png","plistFile":"","resourceType":0},"scale9Enable":false,"scale9Height":89,"scale9Width":87}},{"classname":"ImageView","name":null,"children":[],"options":{"__type":"ImageViewSurrogate:#EditorCommon.JsonModel.Component.GUI","classname":"ImageView","name":"Image_28_1_3","ZOrder":1,"actiontag":11,"anchorPointX":0.5,"anchorPointY":0.5,"classType":"CocoStudio.EngineAdapterWrap.CSImageView","colorB":255,"colorG":255,"colorR":255,"customProperty":"","flipX":false,"flipY":false,"height":89,"ignoreSize":true,"layoutParameter":{"classname":null,"name":null,"align":7,"gravity":0,"layoutEageType":0,"layoutNormalHorizontal":0,"layoutNormalVertical":0,"layoutParentHorizontal":0,"layoutParentVertical":0,"marginDown":45,"marginLeft":486,"marginRight":0,"marginTop":0,"relativeName":"Image_28_1_3","relativeToName":"root_panel","type":2},"opacity":255,"positionPercentX":0.466109157,"positionPercentY":0.139843747,"positionType":0,"rotation":0,"scaleX":1,"scaleY":1,"sizePercentX":0.07658451,"sizePercentY":0.1390625,"sizeType":0,"tag":1443,"touchAble":false,"useMergedTexture":false,"visible":true,"width":87,"x":529,"y":89,"capInsetsHeight":1,"capInsetsWidth":1,"capInsetsX":0,"capInsetsY":0,"fileName":null,"fileNameData":{"path":"zb02.png","plistFile":"","resourceType":0},"scale9Enable":false,"scale9Height":89,"scale9Width":87}},{"classname":"ImageView","name":null,"children":[],"options":{"__type":"ImageViewSurrogate:#EditorCommon.JsonModel.Component.GUI","classname":"ImageView","name":"Image_28_1_4","ZOrder":1,"actiontag":20,"anchorPointX":0.5,"anchorPointY":0.5,"classType":"CocoStudio.EngineAdapterWrap.CSImageView","colorB":255,"colorG":255,"colorR":255,"customProperty":"","flipX":false,"flipY":false,"height":89,"ignoreSize":true,"layoutParameter":{"classname":null,"name":null,"align":7,"gravity":0,"layoutEageType":0,"layoutNormalHorizontal":0,"layoutNormalVertical":0,"layoutParentHorizontal":0,"layoutParentVertical":0,"marginDown":44,"marginLeft":598,"marginRight":0,"marginTop":0,"relativeName":"Image_28_1_4","relativeToName":"root_panel","type":2},"opacity":255,"positionPercentX":0.5647007,"positionPercentY":0.138281256,"positionType":0,"rotation":0,"scaleX":1,"scaleY":1,"sizePercentX":0.07658451,"sizePercentY":0.1390625,"sizeType":0,"tag":1445,"touchAble":false,"useMergedTexture":false,"visible":true,"width":87,"x":641,"y":88,"capInsetsHeight":1,"capInsetsWidth":1,"capInsetsX":0,"capInsetsY":0,"fileName":null,"fileNameData":{"path":"zb03.png","plistFile":"","resourceType":0},"scale9Enable":false,"scale9Height":89,"scale9Width":87}},{"classname":"ImageView","name":null,"children":[],"options":{"__type":"ImageViewSurrogate:#EditorCommon.JsonModel.Component.GUI","classname":"ImageView","name":"Image_28_1_5","ZOrder":1,"actiontag":40,"anchorPointX":0.5,"anchorPointY":0.5,"classType":"CocoStudio.EngineAdapterWrap.CSImageView","colorB":255,"colorG":255,"colorR":255,"customProperty":"","flipX":false,"flipY":false,"height":89,"ignoreSize":true,"layoutParameter":{"classname":null,"name":null,"align":7,"gravity":0,"layoutEageType":0,"layoutNormalHorizontal":0,"layoutNormalVertical":0,"layoutParentHorizontal":0,"layoutParentVertical":0,"marginDown":45,"marginLeft":715,"marginRight":0,"marginTop":0,"relativeName":"Image_28_1_5","relativeToName":"root_panel","type":2},"opacity":255,"positionPercentX":0.6676937,"positionPercentY":0.139843747,"positionType":0,"rotation":0,"scaleX":1,"scaleY":1,"sizePercentX":0.07658451,"sizePercentY":0.1390625,"sizeType":0,"tag":1447,"touchAble":false,"useMergedTexture":false,"visible":true,"width":87,"x":758,"y":89,"capInsetsHeight":1,"capInsetsWidth":1,"capInsetsX":0,"capInsetsY":0,"fileName":null,"fileNameData":{"path":"zb01.png","plistFile":"","resourceType":0},"scale9Enable":false,"scale9Height":89,"scale9Width":87}},{"classname":"ImageView","name":null,"children":[{"classname":"Label","name":null,"children":[],"options":{"__type":"LabelSurrogate:#EditorCommon.JsonModel.Component.GUI","classname":"Label","name":"Label_19_0","ZOrder":0,"actiontag":50734192,"anchorPointX":0.5,"anchorPointY":0.5,"classType":"CocoStudio.EngineAdapterWrap.CSLabel","colorB":121,"colorG":245,"colorR":250,"customProperty":"","flipX":false,"flipY":false,"height":35,"ignoreSize":true,"layoutParameter":null,"opacity":255,"positionPercentX":0.0149253728,"positionPercentY":-1,"positionType":0,"rotation":0,"scaleX":1.18529642,"scaleY":1.18529642,"sizePercentX":0.828358233,"sizePercentY":0.267175585,"sizeType":0,"tag":17439,"touchAble":false,"useMergedTexture":false,"visible":true,"width":111,"x":2,"y":-131,"areaHeight":0,"areaWidth":0,"fontFile":null,"fontName":"微软雅黑","fontSize":26,"hAlignment":0,"text":"EXP+122","touchScaleEnable":false,"vAlignment":0}},{"classname":"ImageView","name":null,"children":[{"classname":"LoadingBar","name":null,"children":[],"options":{"__type":"LoadingBarSurrogate:#EditorCommon.JsonModel.Component.GUI","classname":"LoadingBar","name":"ProgressBar_4","ZOrder":0,"actiontag":47894862,"anchorPointX":0.5,"anchorPointY":0.5,"classType":"CocoStudio.EngineAdapterWrap.CSLoadingBar","colorB":255,"colorG":255,"colorR":255,"customProperty":"","flipX":false,"flipY":false,"height":16,"ignoreSize":true,"layoutParameter":null,"opacity":255,"positionPercentX":0,"positionPercentY":0,"positionType":0,"rotation":0,"scaleX":1,"scaleY":1,"sizePercentX":0.7446808,"sizePercentY":0.7619048,"sizeType":0,"tag":17441,"touchAble":false,"useMergedTexture":false,"visible":true,"width":105,"x":0,"y":0,"capInsetsHeight":1,"capInsetsWidth":1,"capInsetsX":0,"capInsetsY":0,"direction":0,"percent":64,"scale9Enable":false,"texture":null,"textureData":{"path":"rwxt03_1.png","plistFile":"","resourceType":0}}}],"options":{"__type":"ImageViewSurrogate:#EditorCommon.JsonModel.Component.GUI","classname":"ImageView","name":"Image_18_0","ZOrder":0,"actiontag":33731474,"anchorPointX":0.5,"anchorPointY":0.5,"classType":"CocoStudio.EngineAdapterWrap.CSImageView","colorB":255,"colorG":255,"colorR":255,"customProperty":"","flipX":false,"flipY":false,"height":21,"ignoreSize":true,"layoutParameter":null,"opacity":255,"positionPercentX":-0.02238806,"positionPercentY":-0.702290058,"positionType":0,"rotation":0,"scaleX":1.18529642,"scaleY":1.18529642,"sizePercentX":1.05223882,"sizePercentY":0.160305336,"sizeType":0,"tag":17440,"touchAble":false,"useMergedTexture":false,"visible":true,"width":141,"x":-3,"y":-92,"capInsetsHeight":1,"capInsetsWidth":1,"capInsetsX":0,"capInsetsY":0,"fileName":null,"fileNameData":{"path":"rwxt01.png","plistFile":"","resourceType":0},"scale9Enable":false,"scale9Height":21,"scale9Width":141}}],"options":{"__type":"ImageViewSurrogate:#EditorCommon.JsonModel.Component.GUI","classname":"ImageView","name":"Image_17_0_0","ZOrder":1,"actiontag":65289456,"anchorPointX":0.5,"anchorPointY":0.5,"classType":"CocoStudio.EngineAdapterWrap.CSImageView","colorB":255,"colorG":255,"colorR":255,"customProperty":"","flipX":false,"flipY":false,"height":131,"ignoreSize":true,"layoutParameter":{"classname":null,"name":null,"align":1,"gravity":0,"layoutEageType":0,"layoutNormalHorizontal":0,"layoutNormalVertical":0,"layoutParentHorizontal":0,"layoutParentVertical":0,"marginDown":0,"marginLeft":137,"marginRight":0,"marginTop":304,"relativeName":"Image_17_0_0","relativeToName":"root_panel","type":2},"opacity":255,"positionPercentX":0.17957747,"positionPercentY":0.422656238,"positionType":0,"rotation":0,"scaleX":0.7381589,"scaleY":0.7381589,"sizePercentX":0.117957748,"sizePercentY":0.2046875,"sizeType":0,"tag":17438,"touchAble":false,"useMergedTexture":false,"visible":true,"width":134,"x":204,"y":270,"capInsetsHeight":1,"capInsetsWidth":1,"capInsetsX":0,"capInsetsY":0,"fileName":null,"fileNameData":{"path":"zs005-1.png","plistFile":"","resourceType":0},"scale9Enable":false,"scale9Height":131,"scale9Width":134}},{"classname":"ImageView","name":null,"children":[{"classname":"Label","name":null,"children":[],"options":{"__type":"LabelSurrogate:#EditorCommon.JsonModel.Component.GUI","classname":"Label","name":"Label_19_0","ZOrder":0,"actiontag":61026205,"anchorPointX":0.5,"anchorPointY":0.5,"classType":"CocoStudio.EngineAdapterWrap.CSLabel","colorB":121,"colorG":245,"colorR":250,"customProperty":"","flipX":false,"flipY":false,"height":35,"ignoreSize":true,"layoutParameter":null,"opacity":255,"positionPercentX":0.0149253728,"positionPercentY":-1,"positionType":0,"rotation":0,"scaleX":1.18529642,"scaleY":1.18529642,"sizePercentX":0.828358233,"sizePercentY":0.267175585,"sizeType":0,"tag":17447,"touchAble":false,"useMergedTexture":false,"visible":true,"width":111,"x":2,"y":-131,"areaHeight":0,"areaWidth":0,"fontFile":null,"fontName":"微软雅黑","fontSize":26,"hAlignment":0,"text":"EXP+232","touchScaleEnable":false,"vAlignment":0}},{"classname":"ImageView","name":null,"children":[{"classname":"LoadingBar","name":null,"children":[],"options":{"__type":"LoadingBarSurrogate:#EditorCommon.JsonModel.Component.GUI","classname":"LoadingBar","name":"ProgressBar_4","ZOrder":0,"actiontag":59387477,"anchorPointX":0.5,"anchorPointY":0.5,"classType":"CocoStudio.EngineAdapterWrap.CSLoadingBar","colorB":255,"colorG":255,"colorR":255,"customProperty":"","flipX":false,"flipY":false,"height":16,"ignoreSize":true,"layoutParameter":null,"opacity":255,"positionPercentX":0,"positionPercentY":0,"positionType":0,"rotation":0,"scaleX":1,"scaleY":1,"sizePercentX":0.7446808,"sizePercentY":0.7619048,"sizeType":0,"tag":17449,"touchAble":false,"useMergedTexture":false,"visible":true,"width":105,"x":0,"y":0,"capInsetsHeight":1,"capInsetsWidth":1,"capInsetsX":0,"capInsetsY":0,"direction":0,"percent":64,"scale9Enable":false,"texture":null,"textureData":{"path":"rwxt03_1.png","plistFile":"","resourceType":0}}}],"options":{"__type":"ImageViewSurrogate:#EditorCommon.JsonModel.Component.GUI","classname":"ImageView","name":"Image_18_0","ZOrder":0,"actiontag":14055149,"anchorPointX":0.5,"anchorPointY":0.5,"classType":"CocoStudio.EngineAdapterWrap.CSImageView","colorB":255,"colorG":255,"colorR":255,"customProperty":"","flipX":false,"flipY":false,"height":21,"ignoreSize":true,"layoutParameter":null,"opacity":255,"positionPercentX":-0.02238806,"positionPercentY":-0.702290058,"positionType":0,"rotation":0,"scaleX":1.18529642,"scaleY":1.18529642,"sizePercentX":1.05223882,"sizePercentY":0.160305336,"sizeType":0,"tag":17448,"touchAble":false,"useMergedTexture":false,"visible":true,"width":141,"x":-3,"y":-92,"capInsetsHeight":1,"capInsetsWidth":1,"capInsetsX":0,"capInsetsY":0,"fileName":null,"fileNameData":{"path":"rwxt01.png","plistFile":"","resourceType":0},"scale9Enable":false,"scale9Height":21,"scale9Width":141}}],"options":{"__type":"ImageViewSurrogate:#EditorCommon.JsonModel.Component.GUI","classname":"ImageView","name":"Image_17_0_1","ZOrder":1,"actiontag":44063391,"anchorPointX":0.5,"anchorPointY":0.5,"classType":"CocoStudio.EngineAdapterWrap.CSImageView","colorB":255,"colorG":255,"colorR":255,"customProperty":"","flipX":false,"flipY":false,"height":131,"ignoreSize":true,"layoutParameter":{"classname":null,"name":null,"align":1,"gravity":0,"layoutEageType":0,"layoutNormalHorizontal":0,"layoutNormalVertical":0,"layoutParentHorizontal":0,"layoutParentVertical":0,"marginDown":0,"marginLeft":260,"marginRight":0,"marginTop":304,"relativeName":"Image_17_0_1","relativeToName":"root_panel","type":2},"opacity":255,"positionPercentX":0.2878521,"positionPercentY":0.422656238,"positionType":0,"rotation":0,"scaleX":0.7381589,"scaleY":0.7381589,"sizePercentX":0.117957748,"sizePercentY":0.2046875,"sizeType":0,"tag":17446,"touchAble":false,"useMergedTexture":false,"visible":true,"width":134,"x":327,"y":270,"capInsetsHeight":1,"capInsetsWidth":1,"capInsetsX":0,"capInsetsY":0,"fileName":null,"fileNameData":{"path":"zs005-1.png","plistFile":"","resourceType":0},"scale9Enable":false,"scale9Height":131,"scale9Width":134}},{"classname":"ImageView","name":null,"children":[{"classname":"Label","name":null,"children":[],"options":{"__type":"LabelSurrogate:#EditorCommon.JsonModel.Component.GUI","classname":"Label","name":"Label_19_0","ZOrder":0,"actiontag":1842679,"anchorPointX":0.5,"anchorPointY":0.5,"classType":"CocoStudio.EngineAdapterWrap.CSLabel","colorB":121,"colorG":245,"colorR":250,"customProperty":"","flipX":false,"flipY":false,"height":35,"ignoreSize":true,"layoutParameter":null,"opacity":255,"positionPercentX":0.0149253728,"positionPercentY":-1,"positionType":0,"rotation":0,"scaleX":1.18529642,"scaleY":1.18529642,"sizePercentX":0.828358233,"sizePercentY":0.267175585,"sizeType":0,"tag":17455,"touchAble":false,"useMergedTexture":false,"visible":true,"width":111,"x":2,"y":-131,"areaHeight":0,"areaWidth":0,"fontFile":null,"fontName":"微软雅黑","fontSize":26,"hAlignment":0,"text":"EXP+123","touchScaleEnable":false,"vAlignment":0}},{"classname":"ImageView","name":null,"children":[{"classname":"LoadingBar","name":null,"children":[],"options":{"__type":"LoadingBarSurrogate:#EditorCommon.JsonModel.Component.GUI","classname":"LoadingBar","name":"ProgressBar_4","ZOrder":0,"actiontag":49185071,"anchorPointX":0.5,"anchorPointY":0.5,"classType":"CocoStudio.EngineAdapterWrap.CSLoadingBar","colorB":255,"colorG":255,"colorR":255,"customProperty":"","flipX":false,"flipY":false,"height":16,"ignoreSize":true,"layoutParameter":null,"opacity":255,"positionPercentX":0,"positionPercentY":0,"positionType":0,"rotation":0,"scaleX":1,"scaleY":1,"sizePercentX":0.7446808,"sizePercentY":0.7619048,"sizeType":0,"tag":17457,"touchAble":false,"useMergedTexture":false,"visible":true,"width":105,"x":0,"y":0,"capInsetsHeight":1,"capInsetsWidth":1,"capInsetsX":0,"capInsetsY":0,"direction":0,"percent":64,"scale9Enable":false,"texture":null,"textureData":{"path":"rwxt03_1.png","plistFile":"","resourceType":0}}}],"options":{"__type":"ImageViewSurrogate:#EditorCommon.JsonModel.Component.GUI","classname":"ImageView","name":"Image_18_0","ZOrder":0,"actiontag":47831979,"anchorPointX":0.5,"anchorPointY":0.5,"classType":"CocoStudio.EngineAdapterWrap.CSImageView","colorB":255,"colorG":255,"colorR":255,"customProperty":"","flipX":false,"flipY":false,"height":21,"ignoreSize":true,"layoutParameter":null,"opacity":255,"positionPercentX":-0.02238806,"positionPercentY":-0.702290058,"positionType":0,"rotation":0,"scaleX":1.18529642,"scaleY":1.18529642,"sizePercentX":1.05223882,"sizePercentY":0.160305336,"sizeType":0,"tag":17456,"touchAble":false,"useMergedTexture":false,"visible":true,"width":141,"x":-3,"y":-92,"capInsetsHeight":1,"capInsetsWidth":1,"capInsetsX":0,"capInsetsY":0,"fileName":null,"fileNameData":{"path":"rwxt01.png","plistFile":"","resourceType":0},"scale9Enable":false,"scale9Height":21,"scale9Width":141}}],"options":{"__type":"ImageViewSurrogate:#EditorCommon.JsonModel.Component.GUI","classname":"ImageView","name":"Image_17_0_2","ZOrder":1,"actiontag":59857065,"anchorPointX":0.5,"anchorPointY":0.5,"classType":"CocoStudio.EngineAdapterWrap.CSImageView","colorB":255,"colorG":255,"colorR":255,"customProperty":"","flipX":false,"flipY":false,"height":131,"ignoreSize":true,"layoutParameter":{"classname":null,"name":null,"align":1,"gravity":0,"layoutEageType":0,"layoutNormalHorizontal":0,"layoutNormalVertical":0,"layoutParentHorizontal":0,"layoutParentVertical":0,"marginDown":0,"marginLeft":386,"marginRight":0,"marginTop":304,"relativeName":"Image_17_0_2","relativeToName":"root_panel","type":2},"opacity":255,"positionPercentX":0.39876762,"positionPercentY":0.422656238,"positionType":0,"rotation":0,"scaleX":0.7381589,"scaleY":0.7381589,"sizePercentX":0.117957748,"sizePercentY":0.2046875,"sizeType":0,"tag":17454,"touchAble":false,"useMergedTexture":false,"visible":true,"width":134,"x":453,"y":270,"capInsetsHeight":1,"capInsetsWidth":1,"capInsetsX":0,"capInsetsY":0,"fileName":null,"fileNameData":{"path":"zs005-1.png","plistFile":"","resourceType":0},"scale9Enable":false,"scale9Height":131,"scale9Width":134}},{"classname":"ImageView","name":null,"children":[{"classname":"Label","name":null,"children":[],"options":{"__type":"LabelSurrogate:#EditorCommon.JsonModel.Component.GUI","classname":"Label","name":"Label_19_0","ZOrder":0,"actiontag":1477246,"anchorPointX":0.5,"anchorPointY":0.5,"classType":"CocoStudio.EngineAdapterWrap.CSLabel","colorB":121,"colorG":245,"colorR":250,"customProperty":"","flipX":false,"flipY":false,"height":35,"ignoreSize":true,"layoutParameter":null,"opacity":255,"positionPercentX":0.0149253728,"positionPercentY":-1,"positionType":0,"rotation":0,"scaleX":1.18529642,"scaleY":1.18529642,"sizePercentX":0.828358233,"sizePercentY":0.267175585,"sizeType":0,"tag":17459,"touchAble":false,"useMergedTexture":false,"visible":true,"width":111,"x":2,"y":-131,"areaHeight":0,"areaWidth":0,"fontFile":null,"fontName":"微软雅黑","fontSize":26,"hAlignment":0,"text":"EXP+132","touchScaleEnable":false,"vAlignment":0}},{"classname":"ImageView","name":null,"children":[{"classname":"LoadingBar","name":null,"children":[],"options":{"__type":"LoadingBarSurrogate:#EditorCommon.JsonModel.Component.GUI","classname":"LoadingBar","name":"ProgressBar_4","ZOrder":0,"actiontag":55493137,"anchorPointX":0.5,"anchorPointY":0.5,"classType":"CocoStudio.EngineAdapterWrap.CSLoadingBar","colorB":255,"colorG":255,"colorR":255,"customProperty":"","flipX":false,"flipY":false,"height":16,"ignoreSize":true,"layoutParameter":null,"opacity":255,"positionPercentX":0,"positionPercentY":0,"positionType":0,"rotation":0,"scaleX":1,"scaleY":1,"sizePercentX":0.7446808,"sizePercentY":0.7619048,"sizeType":0,"tag":17461,"touchAble":false,"useMergedTexture":false,"visible":true,"width":105,"x":0,"y":0,"capInsetsHeight":1,"capInsetsWidth":1,"capInsetsX":0,"capInsetsY":0,"direction":0,"percent":64,"scale9Enable":false,"texture":null,"textureData":{"path":"rwxt03_1.png","plistFile":"","resourceType":0}}}],"options":{"__type":"ImageViewSurrogate:#EditorCommon.JsonModel.Component.GUI","classname":"ImageView","name":"Image_18_0","ZOrder":0,"actiontag":28535525,"anchorPointX":0.5,"anchorPointY":0.5,"classType":"CocoStudio.EngineAdapterWrap.CSImageView","colorB":255,"colorG":255,"colorR":255,"customProperty":"","flipX":false,"flipY":false,"height":21,"ignoreSize":true,"layoutParameter":null,"opacity":255,"positionPercentX":-0.02238806,"positionPercentY":-0.702290058,"positionType":0,"rotation":0,"scaleX":1.18529642,"scaleY":1.18529642,"sizePercentX":1.05223882,"sizePercentY":0.160305336,"sizeType":0,"tag":17460,"touchAble":false,"useMergedTexture":false,"visible":true,"width":141,"x":-3,"y":-92,"capInsetsHeight":1,"capInsetsWidth":1,"capInsetsX":0,"capInsetsY":0,"fileName":null,"fileNameData":{"path":"rwxt01.png","plistFile":"","resourceType":0},"scale9Enable":false,"scale9Height":21,"scale9Width":141}}],"options":{"__type":"ImageViewSurrogate:#EditorCommon.JsonModel.Component.GUI","classname":"ImageView","name":"Image_17_0_3","ZOrder":1,"actiontag":16342414,"anchorPointX":0.5,"anchorPointY":0.5,"classType":"CocoStudio.EngineAdapterWrap.CSImageView","colorB":255,"colorG":255,"colorR":255,"customProperty":"","flipX":false,"flipY":false,"height":131,"ignoreSize":true,"layoutParameter":{"classname":null,"name":null,"align":1,"gravity":0,"layoutEageType":0,"layoutNormalHorizontal":0,"layoutNormalVertical":0,"layoutParentHorizontal":0,"layoutParentVertical":0,"marginDown":0,"marginLeft":647,"marginRight":0,"marginTop":300,"relativeName":"Image_17_0_3","relativeToName":"root_panel","type":2},"opacity":255,"positionPercentX":0.628521144,"positionPercentY":0.428906262,"positionType":0,"rotation":0,"scaleX":0.7381589,"scaleY":0.7381589,"sizePercentX":0.117957748,"sizePercentY":0.2046875,"sizeType":0,"tag":17458,"touchAble":false,"useMergedTexture":false,"visible":true,"width":134,"x":714,"y":274,"capInsetsHeight":1,"capInsetsWidth":1,"capInsetsX":0,"capInsetsY":0,"fileName":null,"fileNameData":{"path":"zs005-1.png","plistFile":"","resourceType":0},"scale9Enable":false,"scale9Height":131,"scale9Width":134}},{"classname":"ImageView","name":null,"children":[],"options":{"__type":"ImageViewSurrogate:#EditorCommon.JsonModel.Component.GUI","classname":"ImageView","name":"Image_58","ZOrder":0,"actiontag":35547904,"anchorPointX":0.5,"anchorPointY":0.5,"classType":"CocoStudio.EngineAdapterWrap.CSImageView","colorB":255,"colorG":255,"colorR":255,"customProperty":"","flipX":false,"flipY":false,"height":600,"ignoreSize":true,"layoutParameter":{"classname":null,"name":null,"align":1,"gravity":0,"layoutEageType":0,"layoutNormalHorizontal":0,"layoutNormalVertical":0,"layoutParentHorizontal":0,"layoutParentVertical":0,"marginDown":0,"marginLeft":245,"marginRight":0,"marginTop":-172,"relativeName":"Image_58","relativeToName":"root_panel","type":2},"opacity":255,"positionPercentX":0.4665493,"positionPercentY":0.8,"positionType":0,"rotation":0,"scaleX":1,"scaleY":1,"sizePercentX":0.501760542,"sizePercentY":0.9375,"sizeType":0,"tag":17466,"touchAble":false,"useMergedTexture":false,"visible":true,"width":570,"x":530,"y":512,"capInsetsHeight":1,"capInsetsWidth":1,"capInsetsX":0,"capInsetsY":0,"fileName":null,"fileNameData":{"path":"bjguang.png","plistFile":"","resourceType":0},"scale9Enable":false,"scale9Height":600,"scale9Width":570}},{"classname":"ImageView","name":null,"children":[],"options":{"__type":"ImageViewSurrogate:#EditorCommon.JsonModel.Component.GUI","classname":"ImageView","name":"Image_20","ZOrder":0,"actiontag":4694983,"anchorPointX":0.5,"anchorPointY":0.5,"classType":"CocoStudio.EngineAdapterWrap.CSImageView","colorB":255,"colorG":255,"colorR":255,"customProperty":"","flipX":false,"flipY":false,"height":94,"ignoreSize":true,"layoutParameter":{"classname":null,"name":null,"align":1,"gravity":0,"layoutEageType":0,"layoutNormalHorizontal":0,"layoutNormalVertical":0,"layoutParentHorizontal":0,"layoutParentVertical":0,"marginDown":0,"marginLeft":464,"marginRight":0,"marginTop":331,"relativeName":"Image_20","relativeToName":"root_panel","type":2},"opacity":160,"positionPercentX":0.4881162,"positionPercentY":0.409375,"positionType":0,"rotation":-0.1093704,"scaleX":5.436575,"scaleY":5.37345076,"sizePercentX":0.159330979,"sizePercentY":0.146875,"sizeType":0,"tag":19544,"touchAble":false,"useMergedTexture":false,"visible":true,"width":181,"x":554,"y":262,"capInsetsHeight":1,"capInsetsWidth":1,"capInsetsX":0,"capInsetsY":0,"fileName":null,"fileNameData":{"path":"cka001-21-1-2.png","plistFile":"","resourceType":0},"scale9Enable":false,"scale9Height":94,"scale9Width":181}},{"classname":"ImageView","name":null,"children":[],"options":{"__type":"ImageViewSurrogate:#EditorCommon.JsonModel.Component.GUI","classname":"ImageView","name":"Image_19","ZOrder":0,"actiontag":26617768,"anchorPointX":0.5,"anchorPointY":0.5,"classType":"CocoStudio.EngineAdapterWrap.CSImageView","colorB":255,"colorG":255,"colorR":255,"customProperty":"","flipX":false,"flipY":false,"height":534,"ignoreSize":true,"layoutParameter":{"classname":null,"name":null,"align":1,"gravity":0,"layoutEageType":0,"layoutNormalHorizontal":0,"layoutNormalVertical":0,"layoutParentHorizontal":0,"layoutParentVertical":0,"marginDown":0,"marginLeft":54,"marginRight":0,"marginTop":101,"relativeName":"Image_19","relativeToName":"root_panel","type":2},"opacity":255,"positionPercentX":0.498679578,"positionPercentY":0.425,"positionType":0,"rotation":0,"scaleX":1,"scaleY":1,"sizePercentX":0.902288735,"sizePercentY":0.834375,"sizeType":0,"tag":19543,"touchAble":false,"useMergedTexture":false,"visible":true,"width":1025,"x":566,"y":272,"capInsetsHeight":1,"capInsetsWidth":1,"capInsetsX":0,"capInsetsY":0,"fileName":null,"fileNameData":{"path":"cka001-21-1-1.png","plistFile":"","resourceType":0},"scale9Enable":false,"scale9Height":534,"scale9Width":1025}}],"options":{"__type":"PanelSurrogate:#EditorCommon.JsonModel.Component.GUI","classname":"Panel","name":"root_panel","ZOrder":0,"actiontag":-1,"anchorPointX":0,"anchorPointY":0,"classType":"CocoStudio.EngineAdapterWrap.CSPanel","colorB":255,"colorG":255,"colorR":255,"customProperty":"","flipX":false,"flipY":false,"height":640,"ignoreSize":false,"layoutParameter":null,"opacity":71,"positionPercentX":0,"positionPercentY":0,"positionType":0,"rotation":0,"scaleX":1,"scaleY":1,"sizePercentX":1,"sizePercentY":1,"sizeType":0,"tag":976,"touchAble":true,"useMergedTexture":false,"visible":true,"width":1136,"x":0,"y":0,"adaptScreen":true,"backGroundImage":null,"backGroundImageData":{"path":"cwxzbj01-4.png","plistFile":"","resourceType":0},"backGroundScale9Enable":false,"bgColorB":0,"bgColorG":0,"bgColorOpacity":255,"bgColorR":0,"bgEndColorB":255,"bgEndColorG":200,"bgEndColorR":150,"bgStartColorB":255,"bgStartColorG":255,"bgStartColorR":255,"capInsetsHeight":1,"capInsetsWidth":1,"capInsetsX":0,"capInsetsY":0,"clipAble":false,"colorType":1,"layoutType":3,"vectorX":0,"vectorY":-0.5}}}