{"classname":null,"name":null,"animation":{"classname":null,"name":"AnimationManager","actionlist":[{"classname":null,"name":"Animation0","actionnodelist":[],"loop":true,"unittime":0.2}]},"dataScale":1,"designHeight":640,"designWidth":1136,"textures":[],"texturesPng":["cwxzbj01-4.png","cka001-21-1-1.png","cka001-22-1.png","cka001-23.png","cka001-24.png","zsgzksko001.png","zsgzksko01.png","daxx01.png","baozi01.png","sdk2.png","zsgzdxzyx04-1.png","zsgzdxzyx04.png","cka001-21-1-2.png","yun0.png","zs008.png","zs0011.png","yxsxann02.png","yxsxann02-1.png","grensx0011-4.png","grensx0011-1.png","grensx0011-2.png","grensx0011-3.png","yxsxann02.png","yxsxann02-1.png","hyyjn4.png","zs0012.png","hyyjn2.png","zs0013.png","hyyjn1.png","hyyjn3.png","zs008.png","cwxzbj01-4.png","hk01.png","next01.png","hk02.png","hk03.png","hk01-2.png","hk01-1.png","jy01-1.png","jy01-2.png","zsgzdxzyx04-1.png","zsgzdxzyx04.png","cwxzbj01-4.png","zsgzdxzyx04-1.png","zsgzdxzyx04.png","zs0014-3.png","zs008.png","zs003.png","zs005.png","zs004.png","zs0014.png","zs0014-2.png","zs0014-1.png","yun0.png","jh1.png","jh2.png","zduix-1.png","jy01-2-0.png","jy01-2-1.png","cwxzbj01-4.png","sl01_2.png","sl01.png","sl01_3.png","cka001-23.png","cka001-24.png","zsgzksko001.png","zsgzksko01.png","sl01_4.png","sl01_5.png","zb05.png","zs005-1.png","rwxt01.png","rwxt03_1.png","zb01.png","zb04.png","zb02.png","zb03.png","bjguang.png","cka001-21-1-2.png","cka001-21-1-1.png","cwxzbj01-4.png","sb01_1.png","sb01_2.png","tyonganiu01.png","tyonganiu00-1.png","zsgzdxzyx04-1.png","zsgzdxzyx04.png","bl01.png"],"version":"1.6.0.0","widgetTree":{"classname":"Panel","name":null,"children":[{"classname":"ImageView","name":null,"children":[],"options":{"__type":"ImageViewSurrogate:#EditorCommon.JsonModel.Component.GUI","classname":"ImageView","name":"Image_4","ZOrder":0,"actiontag":4,"anchorPointX":0.5,"anchorPointY":0.5,"classType":"CocoStudio.EngineAdapterWrap.CSImageView","colorB":255,"colorG":255,"colorR":255,"customProperty":"","flipX":false,"flipY":false,"height":600,"ignoreSize":true,"layoutParameter":{"classname":null,"name":null,"align":2,"gravity":0,"layoutEageType":0,"layoutNormalHorizontal":0,"layoutNormalVertical":0,"layoutParentHorizontal":0,"layoutParentVertical":0,"marginDown":0,"marginLeft":0,"marginRight":0,"marginTop":-126,"relativeName":"Image_4","relativeToName":"root_panel","type":2},"opacity":197,"positionPercentX":0.5,"positionPercentY":0.728125,"positionType":0,"rotation":0,"scaleX":1,"scaleY":1,"sizePercentX":0.501760542,"sizePercentY":0.9375,"sizeType":0,"tag":1017,"touchAble":false,"useMergedTexture":false,"visible":true,"width":570,"x":568,"y":466,"capInsetsHeight":1,"capInsetsWidth":1,"capInsetsX":0,"capInsetsY":0,"fileName":null,"fileNameData":{"path":"sb01_1.png","plistFile":"","resourceType":0},"scale9Enable":false,"scale9Height":600,"scale9Width":570}},{"classname":"ImageView","name":null,"children":[],"options":{"__type":"ImageViewSurrogate:#EditorCommon.JsonModel.Component.GUI","classname":"ImageView","name":"Image_1","ZOrder":0,"actiontag":1,"anchorPointX":0.5,"anchorPointY":0.5,"classType":"CocoStudio.EngineAdapterWrap.CSImageView","colorB":255,"colorG":255,"colorR":255,"customProperty":"","flipX":false,"flipY":false,"height":325,"ignoreSize":true,"layoutParameter":{"classname":null,"name":null,"align":8,"gravity":0,"layoutEageType":0,"layoutNormalHorizontal":0,"layoutNormalVertical":0,"layoutParentHorizontal":0,"layoutParentVertical":0,"marginDown":113,"marginLeft":0,"marginRight":0,"marginTop":0,"relativeName":"Image_1","relativeToName":"root_panel","type":2},"opacity":255,"positionPercentX":0.5,"positionPercentY":0.430468738,"positionType":0,"rotation":0,"scaleX":1,"scaleY":1,"sizePercentX":0.608274639,"sizePercentY":0.5078125,"sizeType":0,"tag":1014,"touchAble":false,"useMergedTexture":false,"visible":true,"width":691,"x":568,"y":275,"capInsetsHeight":1,"capInsetsWidth":1,"capInsetsX":0,"capInsetsY":0,"fileName":null,"fileNameData":{"path":"sb01_2.png","plistFile":"","resourceType":0},"scale9Enable":false,"scale9Height":325,"scale9Width":691}},{"classname":"Button","name":null,"children":[],"options":{"__type":"ButtonSurrogate:#EditorCommon.JsonModel.Component.GUI","classname":"Button","name":"Button_2","ZOrder":0,"actiontag":2,"anchorPointX":0.5,"anchorPointY":0.5,"classType":"CocoStudio.EngineAdapterWrap.CSButton","colorB":255,"colorG":255,"colorR":255,"customProperty":"","flipX":false,"flipY":false,"height":71,"ignoreSize":true,"layoutParameter":{"classname":null,"name":null,"align":8,"gravity":0,"layoutEageType":0,"layoutNormalHorizontal":0,"layoutNormalVertical":0,"layoutParentHorizontal":0,"layoutParentVertical":0,"marginDown":80,"marginLeft":0,"marginRight":0,"marginTop":0,"relativeName":"Button_2","relativeToName":"root_panel","type":2},"opacity":255,"positionPercentX":0.5,"positionPercentY":0.180468753,"positionType":0,"rotation":0,"scaleX":1,"scaleY":1,"sizePercentX":0.159330979,"sizePercentY":0.1109375,"sizeType":0,"tag":1015,"touchAble":true,"useMergedTexture":false,"visible":true,"width":181,"x":568,"y":115,"capInsetsHeight":1,"capInsetsWidth":1,"capInsetsX":0,"capInsetsY":0,"disabled":null,"disabledData":{"path":null,"plistFile":null,"resourceType":0},"fontName":"微软雅黑","fontSize":27,"fontType":0,"normal":null,"normalData":{"path":"tyonganiu01.png","plistFile":"","resourceType":0},"pressed":null,"pressedData":{"path":"tyonganiu00-1.png","plistFile":"","resourceType":0},"scale9Enable":false,"scale9Height":71,"scale9Width":181,"text":"战斗数据","textColorB":255,"textColorG":255,"textColorR":255}},{"classname":"Button","name":null,"children":[],"options":{"__type":"ButtonSurrogate:#EditorCommon.JsonModel.Component.GUI","classname":"Button","name":"Button_3","ZOrder":0,"actiontag":3,"anchorPointX":0.5,"anchorPointY":0.5,"classType":"CocoStudio.EngineAdapterWrap.CSButton","colorB":255,"colorG":255,"colorR":255,"customProperty":"","flipX":false,"flipY":false,"height":121,"ignoreSize":true,"layoutParameter":{"classname":null,"name":null,"align":9,"gravity":0,"layoutEageType":0,"layoutNormalHorizontal":0,"layoutNormalVertical":0,"layoutParentHorizontal":0,"layoutParentVertical":0,"marginDown":25,"marginLeft":0,"marginRight":23,"marginTop":0,"relativeName":"Button_3","relativeToName":"root_panel","type":2},"opacity":255,"positionPercentX":0.9247359,"positionPercentY":0.133593753,"positionType":0,"rotation":0,"scaleX":1.35724461,"scaleY":1.35724461,"sizePercentX":0.110035211,"sizePercentY":0.1890625,"sizeType":0,"tag":1016,"touchAble":true,"useMergedTexture":false,"visible":true,"width":125,"x":1050,"y":85,"capInsetsHeight":1,"capInsetsWidth":1,"capInsetsX":0,"capInsetsY":0,"disabled":null,"disabledData":{"path":null,"plistFile":null,"resourceType":0},"fontName":"微软雅黑","fontSize":14,"fontType":0,"normal":null,"normalData":{"path":"zsgzdxzyx04-1.png","plistFile":"","resourceType":0},"pressed":null,"pressedData":{"path":"zsgzdxzyx04.png","plistFile":"","resourceType":0},"scale9Enable":false,"scale9Height":121,"scale9Width":125,"text":"","textColorB":255,"textColorG":255,"textColorR":255}},{"classname":"ImageView","name":null,"children":[],"options":{"__type":"ImageViewSurrogate:#EditorCommon.JsonModel.Component.GUI","classname":"ImageView","name":"Image_5","ZOrder":0,"actiontag":5,"anchorPointX":0.5,"anchorPointY":0.5,"classType":"CocoStudio.EngineAdapterWrap.CSImageView","colorB":255,"colorG":255,"colorR":255,"customProperty":"","flipX":false,"flipY":false,"height":225,"ignoreSize":true,"layoutParameter":{"classname":null,"name":null,"align":1,"gravity":0,"layoutEageType":0,"layoutNormalHorizontal":0,"layoutNormalVertical":0,"layoutParentHorizontal":0,"layoutParentVertical":0,"marginDown":0,"marginLeft":475,"marginRight":0,"marginTop":35,"relativeName":"Image_5","relativeToName":"root_panel","type":2},"opacity":255,"positionPercentX":0.503521144,"positionPercentY":0.76953125,"positionType":0,"rotation":0,"scaleX":1,"scaleY":1,"sizePercentX":0.170774654,"sizePercentY":0.3515625,"sizeType":0,"tag":1018,"touchAble":false,"useMergedTexture":false,"visible":true,"width":194,"x":572,"y":492,"capInsetsHeight":1,"capInsetsWidth":1,"capInsetsX":0,"capInsetsY":0,"fileName":null,"fileNameData":{"path":"bl01.png","plistFile":"","resourceType":0},"scale9Enable":false,"scale9Height":225,"scale9Width":194}}],"options":{"__type":"PanelSurrogate:#EditorCommon.JsonModel.Component.GUI","classname":"Panel","name":"root_panel","ZOrder":0,"actiontag":-1,"anchorPointX":0,"anchorPointY":0,"classType":"CocoStudio.EngineAdapterWrap.CSPanel","colorB":255,"colorG":255,"colorR":255,"customProperty":"","flipX":false,"flipY":false,"height":640,"ignoreSize":false,"layoutParameter":null,"opacity":77,"positionPercentX":0,"positionPercentY":0,"positionType":0,"rotation":0,"scaleX":1,"scaleY":1,"sizePercentX":1,"sizePercentY":1,"sizeType":0,"tag":1013,"touchAble":true,"useMergedTexture":false,"visible":true,"width":1136,"x":0,"y":0,"adaptScreen":true,"backGroundImage":null,"backGroundImageData":{"path":"cwxzbj01-4.png","plistFile":"","resourceType":0},"backGroundScale9Enable":false,"bgColorB":0,"bgColorG":0,"bgColorOpacity":0,"bgColorR":0,"bgEndColorB":255,"bgEndColorG":200,"bgEndColorR":150,"bgStartColorB":255,"bgStartColorG":255,"bgStartColorR":255,"capInsetsHeight":1,"capInsetsWidth":1,"capInsetsX":0,"capInsetsY":0,"clipAble":false,"colorType":0,"layoutType":3,"vectorX":0,"vectorY":-0.5}}}