{"classname":null,"name":null,"animation":{"classname":null,"name":"AnimationManager","actionlist":[{"classname":null,"name":"Animation0","actionnodelist":[],"loop":false,"unittime":0.1}]},"dataScale":1,"designHeight":640,"designWidth":1136,"textures":[],"texturesPng":["cwxzbj01-4.png","cka001-21-1-1.png","cka001-22-1.png","cka001-23.png","cka001-24.png","zsgzksko001.png","zsgzksko01.png","daxx01.png","baozi01.png","sdk2.png","zsgzdxzyx04-1.png","zsgzdxzyx04.png","cka001-21-1-2.png","yun0.png"],"version":"1.6.0.0","widgetTree":{"classname":"Panel","name":null,"children":[{"classname":"ScrollView","name":null,"children":[],"options":{"__type":"ScrollViewSurrogate:#EditorCommon.JsonModel.Component.GUI","classname":"ScrollView","name":"ScrollView_2","ZOrder":1,"actiontag":2,"anchorPointX":0,"anchorPointY":0,"classType":"CocoStudio.EngineAdapterWrap.CSScrollView","colorB":255,"colorG":255,"colorR":255,"customProperty":"","flipX":false,"flipY":false,"height":112,"ignoreSize":false,"layoutParameter":{"classname":null,"name":null,"align":1,"gravity":0,"layoutEageType":0,"layoutNormalHorizontal":0,"layoutNormalVertical":0,"layoutParentHorizontal":0,"layoutParentVertical":0,"marginDown":0,"marginLeft":221,"marginRight":0,"marginTop":334,"relativeName":"ScrollView_2","relativeToName":"root_panel","type":2},"opacity":255,"positionPercentX":0.194542259,"positionPercentY":0.303125,"positionType":0,"rotation":0,"scaleX":1,"scaleY":1,"sizePercentX":0.528169036,"sizePercentY":0.175,"sizeType":0,"tag":7075,"touchAble":true,"useMergedTexture":false,"visible":true,"width":600,"x":221,"y":194,"backGroundImage":null,"backGroundImageData":null,"backGroundScale9Enable":false,"bgColorB":100,"bgColorG":150,"bgColorOpacity":100,"bgColorR":255,"bgEndColorB":100,"bgEndColorG":150,"bgEndColorR":255,"bgStartColorB":255,"bgStartColorG":255,"bgStartColorR":255,"bounceEnable":false,"capInsetsHeight":1,"capInsetsWidth":1,"capInsetsX":0,"capInsetsY":0,"clipAble":true,"colorType":0,"direction":2,"editorClipAble":true,"innerHeight":112,"innerWidth":600,"layoutType":0,"vectorX":0,"vectorY":-0.5}},{"classname":"ImageView","name":null,"children":[{"classname":"ImageView","name":null,"children":[],"options":{"__type":"ImageViewSurrogate:#EditorCommon.JsonModel.Component.GUI","classname":"ImageView","name":"Image_20","ZOrder":0,"actiontag":41711439,"anchorPointX":0.5,"anchorPointY":0.5,"classType":"CocoStudio.EngineAdapterWrap.CSImageView","colorB":255,"colorG":255,"colorR":255,"customProperty":"","flipX":false,"flipY":false,"height":18,"ignoreSize":true,"layoutParameter":null,"opacity":137,"positionPercentX":-0.0409756079,"positionPercentY":-0.232209742,"positionType":0,"rotation":0,"scaleX":1.907299,"scaleY":-0.107936621,"sizePercentX":0.292682916,"sizePercentY":0.0337078646,"sizeType":0,"tag":18992,"touchAble":false,"useMergedTexture":false,"visible":true,"width":300,"x":-42,"y":-124,"capInsetsHeight":1,"capInsetsWidth":1,"capInsetsX":0,"capInsetsY":0,"fileName":null,"fileNameData":{"path":"cka001-22-1.png","plistFile":"","resourceType":0},"scale9Enable":false,"scale9Height":18,"scale9Width":300}},{"classname":"ImageView","name":null,"children":[],"options":{"__type":"ImageViewSurrogate:#EditorCommon.JsonModel.Component.GUI","classname":"ImageView","name":"Image_20_0","ZOrder":0,"actiontag":35736610,"anchorPointX":0.5,"anchorPointY":0.5,"classType":"CocoStudio.EngineAdapterWrap.CSImageView","colorB":255,"colorG":255,"colorR":255,"customProperty":"","flipX":false,"flipY":false,"height":18,"ignoreSize":true,"layoutParameter":null,"opacity":137,"positionPercentX":-0.0478048772,"positionPercentY":0.391385764,"positionType":0,"rotation":0,"scaleX":1.91682291,"scaleY":3.22539639,"sizePercentX":0.292682916,"sizePercentY":0.0337078646,"sizeType":0,"tag":18994,"touchAble":false,"useMergedTexture":false,"visible":true,"width":300,"x":-49,"y":209,"capInsetsHeight":1,"capInsetsWidth":1,"capInsetsX":0,"capInsetsY":0,"fileName":null,"fileNameData":{"path":"cka001-22-1.png","plistFile":"","resourceType":0},"scale9Enable":false,"scale9Height":18,"scale9Width":300}},{"classname":"ImageView","name":null,"children":[],"options":{"__type":"ImageViewSurrogate:#EditorCommon.JsonModel.Component.GUI","classname":"ImageView","name":"Image_20_1","ZOrder":0,"actiontag":66600181,"anchorPointX":0.5,"anchorPointY":0.5,"classType":"CocoStudio.EngineAdapterWrap.CSImageView","colorB":255,"colorG":255,"colorR":255,"customProperty":"","flipX":false,"flipY":false,"height":18,"ignoreSize":true,"layoutParameter":null,"opacity":137,"positionPercentX":-0.0409756079,"positionPercentY":0,"positionType":0,"rotation":0,"scaleX":1.907299,"scaleY":-0.107936621,"sizePercentX":0.292682916,"sizePercentY":0.0337078646,"sizeType":0,"tag":18997,"touchAble":false,"useMergedTexture":false,"visible":true,"width":300,"x":-42,"y":0,"capInsetsHeight":1,"capInsetsWidth":1,"capInsetsX":0,"capInsetsY":0,"fileName":null,"fileNameData":{"path":"cka001-22-1.png","plistFile":"","resourceType":0},"scale9Enable":false,"scale9Height":18,"scale9Width":300}}],"options":{"__type":"ImageViewSurrogate:#EditorCommon.JsonModel.Component.GUI","classname":"ImageView","name":"bj02","ZOrder":1,"actiontag":2,"anchorPointX":0.5,"anchorPointY":0.5,"classType":"CocoStudio.EngineAdapterWrap.CSImageView","colorB":255,"colorG":255,"colorR":255,"customProperty":"","flipX":false,"flipY":false,"height":534,"ignoreSize":true,"layoutParameter":{"classname":null,"name":null,"align":1,"gravity":0,"layoutEageType":0,"layoutNormalHorizontal":0,"layoutNormalVertical":0,"layoutParentHorizontal":0,"layoutParentVertical":0,"marginDown":0,"marginLeft":46,"marginRight":0,"marginTop":60,"relativeName":"bj02","relativeToName":"root_panel","type":2},"opacity":255,"positionPercentX":0.491637319,"positionPercentY":0.4890625,"positionType":0,"rotation":0,"scaleX":1,"scaleY":1,"sizePercentX":0.902288735,"sizePercentY":0.834375,"sizeType":0,"tag":5552,"touchAble":false,"useMergedTexture":false,"visible":true,"width":1025,"x":558,"y":313,"capInsetsHeight":1,"capInsetsWidth":1,"capInsetsX":0,"capInsetsY":0,"fileName":null,"fileNameData":{"path":"cka001-21-1-1.png","plistFile":"","resourceType":0},"scale9Enable":false,"scale9Height":534,"scale9Width":1025}},{"classname":"Label","name":null,"children":[],"options":{"__type":"LabelSurrogate:#EditorCommon.JsonModel.Component.GUI","classname":"Label","name":"Label_13","ZOrder":1,"actiontag":13,"anchorPointX":0.5,"anchorPointY":0.5,"classType":"CocoStudio.EngineAdapterWrap.CSLabel","colorB":255,"colorG":255,"colorR":255,"customProperty":"","flipX":false,"flipY":false,"height":46,"ignoreSize":true,"layoutParameter":{"classname":null,"name":null,"align":1,"gravity":0,"layoutEageType":0,"layoutNormalHorizontal":0,"layoutNormalVertical":0,"layoutParentHorizontal":0,"layoutParentVertical":0,"marginDown":0,"marginLeft":90,"marginRight":0,"marginTop":173,"relativeName":"Label_13","relativeToName":"root_panel","type":2},"opacity":255,"positionPercentX":0.464348584,"positionPercentY":0.69375,"positionType":0,"rotation":0,"scaleX":1,"scaleY":1,"sizePercentX":0.7702465,"sizePercentY":0.071875,"sizeType":0,"tag":5950,"touchAble":false,"useMergedTexture":false,"visible":true,"width":875,"x":527,"y":444,"areaHeight":0,"areaWidth":0,"fontFile":null,"fontName":"微软雅黑","fontSize":35,"hAlignment":0,"text":"俺黄巾可不是从背背山出来的，赶紧派个女的跟我打！”","touchScaleEnable":false,"vAlignment":0}},{"classname":"Button","name":null,"children":[],"options":{"__type":"ButtonSurrogate:#EditorCommon.JsonModel.Component.GUI","classname":"Button","name":"Button_5","ZOrder":1,"actiontag":3,"anchorPointX":0.479166657,"anchorPointY":0.5416666,"classType":"CocoStudio.EngineAdapterWrap.CSButton","colorB":255,"colorG":255,"colorR":255,"customProperty":"","flipX":false,"flipY":false,"height":63,"ignoreSize":true,"layoutParameter":{"classname":null,"name":null,"align":9,"gravity":0,"layoutEageType":0,"layoutNormalHorizontal":0,"layoutNormalVertical":0,"layoutParentHorizontal":0,"layoutParentVertical":0,"marginDown":226,"marginLeft":0,"marginRight":127,"marginTop":0,"relativeName":"Button_5","relativeToName":"root_panel","type":2},"opacity":255,"positionPercentX":0.814389,"positionPercentY":0.406445324,"positionType":0,"rotation":0,"scaleX":1.08080029,"scaleY":1.08080029,"sizePercentX":0.141725346,"sizePercentY":0.0984375,"sizeType":0,"tag":6,"touchAble":true,"useMergedTexture":false,"visible":true,"width":161,"x":925,"y":260,"capInsetsHeight":1,"capInsetsWidth":1,"capInsetsX":0,"capInsetsY":0,"disabled":null,"disabledData":{"path":null,"plistFile":null,"resourceType":0},"fontName":"微软雅黑","fontSize":28,"fontType":0,"normal":null,"normalData":{"path":"cka001-23.png","plistFile":"","resourceType":0},"pressed":null,"pressedData":{"path":"cka001-24.png","plistFile":"","resourceType":0},"scale9Enable":false,"scale9Height":63,"scale9Width":161,"text":"扫  荡","textColorB":0,"textColorG":255,"textColorR":255}},{"classname":"Button","name":null,"children":[{"classname":"Label","name":null,"children":[],"options":{"__type":"LabelSurrogate:#EditorCommon.JsonModel.Component.GUI","classname":"Label","name":"Label_17","ZOrder":0,"actiontag":17,"anchorPointX":0.5,"anchorPointY":0.5,"classType":"CocoStudio.EngineAdapterWrap.CSLabel","colorB":0,"colorG":255,"colorR":255,"customProperty":"","flipX":false,"flipY":false,"height":30,"ignoreSize":true,"layoutParameter":null,"opacity":255,"positionPercentX":0.0559006222,"positionPercentY":0,"positionType":0,"rotation":0,"scaleX":1,"scaleY":1,"sizePercentX":0.161490679,"sizePercentY":0.476190478,"sizeType":0,"tag":5955,"touchAble":false,"useMergedTexture":false,"visible":true,"width":26,"x":9,"y":0,"areaHeight":0,"areaWidth":0,"fontFile":null,"fontName":"微软雅黑","fontSize":23,"hAlignment":0,"text":"10","touchScaleEnable":false,"vAlignment":0}}],"options":{"__type":"ButtonSurrogate:#EditorCommon.JsonModel.Component.GUI","classname":"Button","name":"Button_5_0","ZOrder":1,"actiontag":14,"anchorPointX":0.5,"anchorPointY":0.5,"classType":"CocoStudio.EngineAdapterWrap.CSButton","colorB":255,"colorG":255,"colorR":255,"customProperty":"","flipX":false,"flipY":false,"height":63,"ignoreSize":true,"layoutParameter":{"classname":null,"name":null,"align":1,"gravity":0,"layoutEageType":0,"layoutNormalHorizontal":0,"layoutNormalVertical":0,"layoutParentHorizontal":0,"layoutParentVertical":0,"marginDown":0,"marginLeft":850,"marginRight":0,"marginTop":281,"relativeName":"Button_5_0","relativeToName":"root_panel","type":2},"opacity":255,"positionPercentX":0.8191021,"positionPercentY":0.51171875,"positionType":0,"rotation":0,"scaleX":1.12634683,"scaleY":1.12634683,"sizePercentX":0.141725346,"sizePercentY":0.0984375,"sizeType":0,"tag":8,"touchAble":true,"useMergedTexture":false,"visible":true,"width":161,"x":930,"y":327,"capInsetsHeight":1,"capInsetsWidth":1,"capInsetsX":0,"capInsetsY":0,"disabled":null,"disabledData":{"path":null,"plistFile":null,"resourceType":0},"fontName":"微软雅黑","fontSize":22,"fontType":0,"normal":null,"normalData":{"path":"cka001-23.png","plistFile":"","resourceType":0},"pressed":null,"pressedData":{"path":"cka001-24.png","plistFile":"","resourceType":0},"scale9Enable":false,"scale9Height":63,"scale9Width":161,"text":"扫荡     次","textColorB":0,"textColorG":255,"textColorR":255}},{"classname":"Button","name":null,"children":[],"options":{"__type":"ButtonSurrogate:#EditorCommon.JsonModel.Component.GUI","classname":"Button","name":"Button_8","ZOrder":1,"actiontag":15,"anchorPointX":0.5,"anchorPointY":0.5,"classType":"CocoStudio.EngineAdapterWrap.CSButton","colorB":255,"colorG":255,"colorR":255,"customProperty":"","flipX":false,"flipY":false,"height":175,"ignoreSize":true,"layoutParameter":{"classname":null,"name":null,"align":9,"gravity":0,"layoutEageType":0,"layoutNormalHorizontal":0,"layoutNormalVertical":0,"layoutParentHorizontal":0,"layoutParentVertical":0,"marginDown":52,"marginLeft":0,"marginRight":103,"marginTop":0,"relativeName":"Button_8","relativeToName":"root_panel","type":2},"opacity":255,"positionPercentX":0.8257042,"positionPercentY":0.217968747,"positionType":0,"rotation":0,"scaleX":0.7797828,"scaleY":0.7797828,"sizePercentX":0.167253524,"sizePercentY":0.2734375,"sizeType":0,"tag":9,"touchAble":true,"useMergedTexture":false,"visible":true,"width":190,"x":938,"y":139,"capInsetsHeight":1,"capInsetsWidth":1,"capInsetsX":0,"capInsetsY":0,"disabled":null,"disabledData":{"path":null,"plistFile":null,"resourceType":0},"fontName":"微软雅黑","fontSize":14,"fontType":0,"normal":null,"normalData":{"path":"zsgzksko001.png","plistFile":"","resourceType":0},"pressed":null,"pressedData":{"path":"zsgzksko01.png","plistFile":"","resourceType":0},"scale9Enable":false,"scale9Height":175,"scale9Width":190,"text":"","textColorB":255,"textColorG":255,"textColorR":255}},{"classname":"Label","name":null,"children":[],"options":{"__type":"LabelSurrogate:#EditorCommon.JsonModel.Component.GUI","classname":"Label","name":"Label_12","ZOrder":1,"actiontag":1,"anchorPointX":0.5,"anchorPointY":0.5,"classType":"CocoStudio.EngineAdapterWrap.CSLabel","colorB":150,"colorG":211,"colorR":252,"customProperty":"","flipX":false,"flipY":false,"height":41,"ignoreSize":true,"layoutParameter":{"classname":null,"name":null,"align":1,"gravity":0,"layoutEageType":0,"layoutNormalHorizontal":0,"layoutNormalVertical":0,"layoutParentHorizontal":0,"layoutParentVertical":0,"marginDown":0,"marginLeft":85,"marginRight":0,"marginTop":494,"relativeName":"Label_12","relativeToName":"root_panel","type":2},"opacity":255,"positionPercentX":0.1346831,"positionPercentY":0.196093753,"positionType":0,"rotation":0,"scaleX":1,"scaleY":1,"sizePercentX":0.119718313,"sizePercentY":0.0640625,"sizeType":0,"tag":13,"touchAble":false,"useMergedTexture":false,"visible":true,"width":136,"x":153,"y":125,"areaHeight":0,"areaWidth":0,"fontFile":null,"fontName":"微软雅黑","fontSize":32,"hAlignment":0,"text":"可能获得:","touchScaleEnable":false,"vAlignment":0}},{"classname":"Label","name":null,"children":[],"options":{"__type":"LabelSurrogate:#EditorCommon.JsonModel.Component.GUI","classname":"Label","name":"Label_12_2","ZOrder":1,"actiontag":20,"anchorPointX":0.5,"anchorPointY":0.5,"classType":"CocoStudio.EngineAdapterWrap.CSLabel","colorB":150,"colorG":211,"colorR":252,"customProperty":"","flipX":false,"flipY":false,"height":41,"ignoreSize":true,"layoutParameter":{"classname":null,"name":null,"align":1,"gravity":0,"layoutEageType":0,"layoutNormalHorizontal":0,"layoutNormalVertical":0,"layoutParentHorizontal":0,"layoutParentVertical":0,"marginDown":0,"marginLeft":84,"marginRight":0,"marginTop":373,"relativeName":"Label_12_2","relativeToName":"root_panel","type":2},"opacity":255,"positionPercentX":0.133802816,"positionPercentY":0.385156244,"positionType":0,"rotation":0,"scaleX":1,"scaleY":1,"sizePercentX":0.119718313,"sizePercentY":0.0640625,"sizeType":0,"tag":19,"touchAble":false,"useMergedTexture":false,"visible":true,"width":136,"x":152,"y":246,"areaHeight":0,"areaWidth":0,"fontFile":null,"fontName":"微软雅黑","fontSize":32,"hAlignment":0,"text":"敌方阵容:","touchScaleEnable":false,"vAlignment":0}},{"classname":"Label","name":null,"children":[],"options":{"__type":"LabelSurrogate:#EditorCommon.JsonModel.Component.GUI","classname":"Label","name":"Label_12_1_2","ZOrder":1,"actiontag":21,"anchorPointX":0.5,"anchorPointY":0.5,"classType":"CocoStudio.EngineAdapterWrap.CSLabel","colorB":3,"colorG":220,"colorR":255,"customProperty":"","flipX":false,"flipY":false,"height":50,"ignoreSize":true,"layoutParameter":{"classname":null,"name":null,"align":1,"gravity":0,"layoutEageType":0,"layoutNormalHorizontal":0,"layoutNormalVertical":0,"layoutParentHorizontal":0,"layoutParentVertical":0,"marginDown":0,"marginLeft":422,"marginRight":0,"marginTop":86,"relativeName":"Label_12_1_2","relativeToName":"root_panel","type":2},"opacity":255,"positionPercentX":0.475792259,"positionPercentY":0.8265625,"positionType":0,"rotation":0,"scaleX":1,"scaleY":1,"sizePercentX":0.208626762,"sizePercentY":0.078125,"sizeType":0,"tag":21,"touchAble":false,"useMergedTexture":false,"visible":true,"width":237,"x":540,"y":529,"areaHeight":0,"areaWidth":0,"fontFile":null,"fontName":"微软雅黑","fontSize":38,"hAlignment":0,"text":"黄军之乱.野外","touchScaleEnable":false,"vAlignment":0}},{"classname":"Label","name":null,"children":[{"classname":"Label","name":null,"children":[],"options":{"__type":"LabelSurrogate:#EditorCommon.JsonModel.Component.GUI","classname":"Label","name":"Label_9","ZOrder":1,"actiontag":4,"anchorPointX":0,"anchorPointY":0.479166657,"classType":"CocoStudio.EngineAdapterWrap.CSLabel","colorB":150,"colorG":211,"colorR":252,"customProperty":"","flipX":false,"flipY":false,"height":41,"ignoreSize":true,"layoutParameter":null,"opacity":255,"positionPercentX":0.504464269,"positionPercentY":-0.024390243,"positionType":0,"rotation":0,"scaleX":1,"scaleY":1,"sizePercentX":0.0848214254,"sizePercentY":1,"sizeType":0,"tag":5947,"touchAble":false,"useMergedTexture":false,"visible":true,"width":19,"x":113,"y":-1,"areaHeight":0,"areaWidth":0,"fontFile":null,"fontName":"微软雅黑","fontSize":32,"hAlignment":0,"text":"0","touchScaleEnable":false,"vAlignment":0}},{"classname":"Label","name":null,"children":[],"options":{"__type":"LabelSurrogate:#EditorCommon.JsonModel.Component.GUI","classname":"Label","name":"Label_10","ZOrder":1,"actiontag":10,"anchorPointX":0.5,"anchorPointY":0.5,"classType":"CocoStudio.EngineAdapterWrap.CSLabel","colorB":150,"colorG":211,"colorR":252,"customProperty":"","flipX":false,"flipY":false,"height":41,"ignoreSize":true,"layoutParameter":null,"opacity":255,"positionPercentX":0.6651786,"positionPercentY":0,"positionType":0,"rotation":0,"scaleX":1,"scaleY":1,"sizePercentX":0.147321433,"sizePercentY":1,"sizeType":0,"tag":5948,"touchAble":false,"useMergedTexture":false,"visible":true,"width":33,"x":149,"y":0,"areaHeight":0,"areaWidth":0,"fontFile":null,"fontName":"微软雅黑","fontSize":32,"hAlignment":0,"text":"\/3","touchScaleEnable":false,"vAlignment":0}},{"classname":"Button","name":null,"children":[],"options":{"__type":"ButtonSurrogate:#EditorCommon.JsonModel.Component.GUI","classname":"Button","name":"Button_2","ZOrder":1,"actiontag":5,"anchorPointX":0.5,"anchorPointY":0.5,"classType":"CocoStudio.EngineAdapterWrap.CSButton","colorB":255,"colorG":255,"colorR":255,"customProperty":"","flipX":false,"flipY":false,"height":63,"ignoreSize":true,"layoutParameter":null,"opacity":255,"positionPercentX":1.11160719,"positionPercentY":0.048780486,"positionType":0,"rotation":0,"scaleX":1.10746336,"scaleY":1.10746336,"sizePercentX":0.71875,"sizePercentY":1.53658533,"sizeType":0,"tag":6339,"touchAble":true,"useMergedTexture":false,"visible":true,"width":161,"x":249,"y":2,"capInsetsHeight":1,"capInsetsWidth":1,"capInsetsX":0,"capInsetsY":0,"disabled":null,"disabledData":{"path":null,"plistFile":null,"resourceType":0},"fontName":"微软雅黑","fontSize":28,"fontType":0,"normal":null,"normalData":{"path":"cka001-23.png","plistFile":"","resourceType":0},"pressed":null,"pressedData":{"path":"cka001-24.png","plistFile":"","resourceType":0},"scale9Enable":false,"scale9Height":63,"scale9Width":161,"text":"购  买","textColorB":0,"textColorG":255,"textColorR":255}}],"options":{"__type":"LabelSurrogate:#EditorCommon.JsonModel.Component.GUI","classname":"Label","name":"Label_12_1_2_3","ZOrder":1,"actiontag":22,"anchorPointX":0.5,"anchorPointY":0.5,"classType":"CocoStudio.EngineAdapterWrap.CSLabel","colorB":150,"colorG":211,"colorR":252,"customProperty":"","flipX":false,"flipY":false,"height":41,"ignoreSize":true,"layoutParameter":{"classname":null,"name":null,"align":1,"gravity":0,"layoutEageType":0,"layoutNormalHorizontal":0,"layoutNormalVertical":0,"layoutParentHorizontal":0,"layoutParentVertical":0,"marginDown":0,"marginLeft":348,"marginRight":0,"marginTop":273,"relativeName":"Label_12_1_2_3","relativeToName":"root_panel","type":2},"opacity":255,"positionPercentX":0.404929578,"positionPercentY":0.5414063,"positionType":0,"rotation":0,"scaleX":1,"scaleY":1,"sizePercentX":0.1971831,"sizePercentY":0.0640625,"sizeType":0,"tag":23,"touchAble":false,"useMergedTexture":false,"visible":true,"width":224,"x":460,"y":346,"areaHeight":0,"areaWidth":0,"fontFile":null,"fontName":"微软雅黑","fontSize":32,"hAlignment":0,"text":"今日剩余次数：","touchScaleEnable":false,"vAlignment":0}},{"classname":"ImageView","name":null,"children":[],"options":{"__type":"ImageViewSurrogate:#EditorCommon.JsonModel.Component.GUI","classname":"ImageView","name":"Image_23","ZOrder":1,"actiontag":25,"anchorPointX":0.5,"anchorPointY":0.5,"classType":"CocoStudio.EngineAdapterWrap.CSImageView","colorB":255,"colorG":255,"colorR":255,"customProperty":"","flipX":false,"flipY":false,"height":62,"ignoreSize":true,"layoutParameter":{"classname":null,"name":null,"align":1,"gravity":0,"layoutEageType":0,"layoutNormalHorizontal":0,"layoutNormalVertical":0,"layoutParentHorizontal":0,"layoutParentVertical":0,"marginDown":0,"marginLeft":909,"marginRight":0,"marginTop":90,"relativeName":"Image_23","relativeToName":"root_panel","type":2},"opacity":255,"positionPercentX":0.82834506,"positionPercentY":0.8109375,"positionType":0,"rotation":0,"scaleX":1.06608391,"scaleY":1.06608391,"sizePercentX":0.0563380271,"sizePercentY":0.096875,"sizeType":0,"tag":24,"touchAble":false,"useMergedTexture":false,"visible":true,"width":64,"x":941,"y":519,"capInsetsHeight":1,"capInsetsWidth":1,"capInsetsX":0,"capInsetsY":0,"fileName":null,"fileNameData":{"path":"daxx01.png","plistFile":"","resourceType":0},"scale9Enable":false,"scale9Height":62,"scale9Width":64}},{"classname":"ImageView","name":null,"children":[],"options":{"__type":"ImageViewSurrogate:#EditorCommon.JsonModel.Component.GUI","classname":"ImageView","name":"Image_23_0","ZOrder":1,"actiontag":26,"anchorPointX":0.5,"anchorPointY":0.5,"classType":"CocoStudio.EngineAdapterWrap.CSImageView","colorB":255,"colorG":255,"colorR":255,"customProperty":"","flipX":false,"flipY":false,"height":62,"ignoreSize":true,"layoutParameter":{"classname":null,"name":null,"align":1,"gravity":0,"layoutEageType":0,"layoutNormalHorizontal":0,"layoutNormalVertical":0,"layoutParentHorizontal":0,"layoutParentVertical":0,"marginDown":0,"marginLeft":836,"marginRight":0,"marginTop":90,"relativeName":"Image_23_0","relativeToName":"root_panel","type":2},"opacity":255,"positionPercentX":0.7640845,"positionPercentY":0.8109375,"positionType":0,"rotation":0,"scaleX":1.06608391,"scaleY":1.06608391,"sizePercentX":0.0563380271,"sizePercentY":0.096875,"sizeType":0,"tag":26,"touchAble":false,"useMergedTexture":false,"visible":true,"width":64,"x":868,"y":519,"capInsetsHeight":1,"capInsetsWidth":1,"capInsetsX":0,"capInsetsY":0,"fileName":null,"fileNameData":{"path":"daxx01.png","plistFile":"","resourceType":0},"scale9Enable":false,"scale9Height":62,"scale9Width":64}},{"classname":"ImageView","name":null,"children":[],"options":{"__type":"ImageViewSurrogate:#EditorCommon.JsonModel.Component.GUI","classname":"ImageView","name":"Image_23_1","ZOrder":1,"actiontag":27,"anchorPointX":0.5,"anchorPointY":0.5,"classType":"CocoStudio.EngineAdapterWrap.CSImageView","colorB":255,"colorG":255,"colorR":255,"customProperty":"","flipX":false,"flipY":false,"height":62,"ignoreSize":true,"layoutParameter":{"classname":null,"name":null,"align":1,"gravity":0,"layoutEageType":0,"layoutNormalHorizontal":0,"layoutNormalVertical":0,"layoutParentHorizontal":0,"layoutParentVertical":0,"marginDown":0,"marginLeft":765,"marginRight":0,"marginTop":89,"relativeName":"Image_23_1","relativeToName":"root_panel","type":2},"opacity":255,"positionPercentX":0.7015845,"positionPercentY":0.8125,"positionType":0,"rotation":0,"scaleX":1.06608391,"scaleY":1.06608391,"sizePercentX":0.0563380271,"sizePercentY":0.096875,"sizeType":0,"tag":27,"touchAble":false,"useMergedTexture":false,"visible":true,"width":64,"x":797,"y":520,"capInsetsHeight":1,"capInsetsWidth":1,"capInsetsX":0,"capInsetsY":0,"fileName":null,"fileNameData":{"path":"daxx01.png","plistFile":"","resourceType":0},"scale9Enable":false,"scale9Height":62,"scale9Width":64}},{"classname":"Label","name":null,"children":[{"classname":"ImageView","name":null,"children":[],"options":{"__type":"ImageViewSurrogate:#EditorCommon.JsonModel.Component.GUI","classname":"ImageView","name":"Image_4","ZOrder":1,"actiontag":8,"anchorPointX":0.5,"anchorPointY":0.5,"classType":"CocoStudio.EngineAdapterWrap.CSImageView","colorB":255,"colorG":255,"colorR":255,"customProperty":"","flipX":false,"flipY":false,"height":42,"ignoreSize":true,"layoutParameter":null,"opacity":255,"positionPercentX":1.04411769,"positionPercentY":0,"positionType":0,"rotation":0,"scaleX":1,"scaleY":1,"sizePercentX":0.330882341,"sizePercentY":1.02439022,"sizeType":0,"tag":5945,"touchAble":false,"useMergedTexture":false,"visible":true,"width":45,"x":142,"y":0,"capInsetsHeight":1,"capInsetsWidth":1,"capInsetsX":0,"capInsetsY":0,"fileName":null,"fileNameData":{"path":"baozi01.png","plistFile":"","resourceType":0},"scale9Enable":false,"scale9Height":42,"scale9Width":45}},{"classname":"Label","name":null,"children":[],"options":{"__type":"LabelSurrogate:#EditorCommon.JsonModel.Component.GUI","classname":"Label","name":"Label_11","ZOrder":1,"actiontag":11,"anchorPointX":0.5,"anchorPointY":0.5,"classType":"CocoStudio.EngineAdapterWrap.CSLabel","colorB":255,"colorG":255,"colorR":255,"customProperty":"","flipX":false,"flipY":false,"height":41,"ignoreSize":true,"layoutParameter":null,"opacity":255,"positionPercentX":0.6985294,"positionPercentY":0,"positionType":0,"rotation":0,"scaleX":1,"scaleY":1,"sizePercentX":0.279411763,"sizePercentY":1,"sizeType":0,"tag":5949,"touchAble":false,"useMergedTexture":false,"visible":true,"width":38,"x":95,"y":0,"areaHeight":0,"areaWidth":0,"fontFile":null,"fontName":"微软雅黑","fontSize":32,"hAlignment":0,"text":"12","touchScaleEnable":false,"vAlignment":0}}],"options":{"__type":"LabelSurrogate:#EditorCommon.JsonModel.Component.GUI","classname":"Label","name":"Label_12_1_2_3_0","ZOrder":1,"actiontag":6,"anchorPointX":0.5,"anchorPointY":0.5,"classType":"CocoStudio.EngineAdapterWrap.CSLabel","colorB":150,"colorG":211,"colorR":252,"customProperty":"","flipX":false,"flipY":false,"height":41,"ignoreSize":true,"layoutParameter":{"classname":null,"name":null,"align":1,"gravity":0,"layoutEageType":0,"layoutNormalHorizontal":0,"layoutNormalVertical":0,"layoutParentHorizontal":0,"layoutParentVertical":0,"marginDown":0,"marginLeft":88,"marginRight":0,"marginTop":276,"relativeName":"Label_12_1_2_3_0","relativeToName":"root_panel","type":2},"opacity":255,"positionPercentX":0.137323946,"positionPercentY":0.5367187,"positionType":0,"rotation":0,"scaleX":1,"scaleY":1,"sizePercentX":0.119718313,"sizePercentY":0.0640625,"sizeType":0,"tag":5944,"touchAble":false,"useMergedTexture":false,"visible":true,"width":136,"x":156,"y":343,"areaHeight":0,"areaWidth":0,"fontFile":null,"fontName":"微软雅黑","fontSize":32,"hAlignment":0,"text":"体力消耗:","touchScaleEnable":false,"vAlignment":0}},{"classname":"Label","name":null,"children":[{"classname":"TextField","name":null,"children":[],"options":{"__type":"TextFieldSurrogate:#EditorCommon.JsonModel.Component.GUI","classname":"TextField","name":"TextField_15","ZOrder":1,"actiontag":18,"anchorPointX":0,"anchorPointY":0.479166657,"classType":"CocoStudio.EngineAdapterWrap.CSTextField","colorB":187,"colorG":250,"colorR":252,"customProperty":"","flipX":false,"flipY":false,"height":31,"ignoreSize":true,"layoutParameter":null,"opacity":255,"positionPercentX":0.5202703,"positionPercentY":-0.0322580636,"positionType":0,"rotation":0,"scaleX":1,"scaleY":1,"sizePercentX":0.2837838,"sizePercentY":1,"sizeType":0,"tag":5953,"touchAble":true,"useMergedTexture":false,"visible":true,"width":42,"x":77,"y":-1,"areaHeight":0,"areaWidth":0,"fontFile":null,"fontName":"微软雅黑","fontSize":24,"maxLength":10,"maxLengthEnable":false,"passwordEnable":false,"passwordStyleText":"*","placeHolder":"input words here","text":"854"}},{"classname":"ImageView","name":null,"children":[],"options":{"__type":"ImageViewSurrogate:#EditorCommon.JsonModel.Component.GUI","classname":"ImageView","name":"Image_16","ZOrder":0,"actiontag":23,"anchorPointX":0.5,"anchorPointY":0.5,"classType":"CocoStudio.EngineAdapterWrap.CSImageView","colorB":255,"colorG":255,"colorR":255,"customProperty":"","flipX":false,"flipY":false,"height":77,"ignoreSize":true,"layoutParameter":null,"opacity":255,"positionPercentX":0.209459454,"positionPercentY":0,"positionType":0,"rotation":-0.316855222,"scaleX":0.794893444,"scaleY":0.794893444,"sizePercentX":0.4662162,"sizePercentY":2.483871,"sizeType":0,"tag":5954,"touchAble":false,"useMergedTexture":false,"visible":true,"width":69,"x":31,"y":0,"capInsetsHeight":1,"capInsetsWidth":1,"capInsetsX":0,"capInsetsY":0,"fileName":null,"fileNameData":{"path":"sdk2.png","plistFile":"","resourceType":0},"scale9Enable":false,"scale9Height":77,"scale9Width":69}}],"options":{"__type":"LabelSurrogate:#EditorCommon.JsonModel.Component.GUI","classname":"Label","name":"Label_12_1_2_0","ZOrder":1,"actiontag":16,"anchorPointX":0.5,"anchorPointY":0.5,"classType":"CocoStudio.EngineAdapterWrap.CSLabel","colorB":150,"colorG":211,"colorR":252,"customProperty":"","flipX":false,"flipY":false,"height":31,"ignoreSize":true,"layoutParameter":{"classname":null,"name":null,"align":1,"gravity":0,"layoutEageType":0,"layoutNormalHorizontal":0,"layoutNormalVertical":0,"layoutParentHorizontal":0,"layoutParentVertical":0,"marginDown":0,"marginLeft":827,"marginRight":0,"marginTop":234,"relativeName":"Label_12_1_2_0","relativeToName":"root_panel","type":2},"opacity":255,"positionPercentX":0.7931338,"positionPercentY":0.610156238,"positionType":0,"rotation":0,"scaleX":1,"scaleY":1,"sizePercentX":0.130281687,"sizePercentY":0.0484375,"sizeType":0,"tag":5952,"touchAble":false,"useMergedTexture":false,"visible":true,"width":148,"x":901,"y":390,"areaHeight":0,"areaWidth":0,"fontFile":null,"fontName":"微软雅黑","fontSize":24,"hAlignment":0,"text":"扫荡牌          :","touchScaleEnable":false,"vAlignment":0}},{"classname":"ScrollView","name":null,"children":[],"options":{"__type":"ScrollViewSurrogate:#EditorCommon.JsonModel.Component.GUI","classname":"ScrollView","name":"ScrollView_2_0","ZOrder":1,"actiontag":4,"anchorPointX":0,"anchorPointY":0,"classType":"CocoStudio.EngineAdapterWrap.CSScrollView","colorB":255,"colorG":255,"colorR":255,"customProperty":"","flipX":false,"flipY":false,"height":111,"ignoreSize":false,"layoutParameter":{"classname":null,"name":null,"align":1,"gravity":0,"layoutEageType":0,"layoutNormalHorizontal":0,"layoutNormalVertical":0,"layoutParentHorizontal":0,"layoutParentVertical":0,"marginDown":0,"marginLeft":221,"marginRight":0,"marginTop":455,"relativeName":"ScrollView_2_0","relativeToName":"root_panel","type":2},"opacity":255,"positionPercentX":0.194542259,"positionPercentY":0.115625,"positionType":0,"rotation":0,"scaleX":1,"scaleY":1,"sizePercentX":0.528169036,"sizePercentY":0.1734375,"sizeType":0,"tag":7077,"touchAble":true,"useMergedTexture":false,"visible":true,"width":600,"x":221,"y":74,"backGroundImage":null,"backGroundImageData":null,"backGroundScale9Enable":false,"bgColorB":100,"bgColorG":150,"bgColorOpacity":100,"bgColorR":255,"bgEndColorB":100,"bgEndColorG":150,"bgEndColorR":255,"bgStartColorB":255,"bgStartColorG":255,"bgStartColorR":255,"bounceEnable":false,"capInsetsHeight":1,"capInsetsWidth":1,"capInsetsX":0,"capInsetsY":0,"clipAble":true,"colorType":0,"direction":2,"editorClipAble":true,"innerHeight":117,"innerWidth":600,"layoutType":0,"vectorX":0,"vectorY":-0.5}},{"classname":"Button","name":null,"children":[],"options":{"__type":"ButtonSurrogate:#EditorCommon.JsonModel.Component.GUI","classname":"Button","name":"button_back_0_0","ZOrder":1,"actiontag":15977722,"anchorPointX":0.5,"anchorPointY":0.5,"classType":"CocoStudio.EngineAdapterWrap.CSButton","colorB":255,"colorG":255,"colorR":255,"customProperty":"","flipX":false,"flipY":false,"height":121,"ignoreSize":true,"layoutParameter":{"classname":null,"name":null,"align":1,"gravity":0,"layoutEageType":0,"layoutNormalHorizontal":0,"layoutNormalVertical":0,"layoutParentHorizontal":0,"layoutParentVertical":0,"marginDown":0,"marginLeft":-22,"marginRight":0,"marginTop":-21,"relativeName":"button_back_0_0","relativeToName":"root_panel","type":2},"opacity":255,"positionPercentX":0.0356514081,"positionPercentY":0.938281238,"positionType":0,"rotation":0,"scaleX":0.7748277,"scaleY":0.7748277,"sizePercentX":0.110035211,"sizePercentY":0.1890625,"sizeType":0,"tag":13456,"touchAble":true,"useMergedTexture":false,"visible":true,"width":125,"x":40,"y":600,"capInsetsHeight":1,"capInsetsWidth":1,"capInsetsX":0,"capInsetsY":0,"disabled":null,"disabledData":{"path":null,"plistFile":null,"resourceType":0},"fontName":"微软雅黑","fontSize":14,"fontType":0,"normal":null,"normalData":{"path":"zsgzdxzyx04-1.png","plistFile":"","resourceType":0},"pressed":null,"pressedData":{"path":"zsgzdxzyx04.png","plistFile":"","resourceType":0},"scale9Enable":false,"scale9Height":121,"scale9Width":125,"text":"","textColorB":255,"textColorG":255,"textColorR":255}},{"classname":"ImageView","name":null,"children":[],"options":{"__type":"ImageViewSurrogate:#EditorCommon.JsonModel.Component.GUI","classname":"ImageView","name":"Image_19","ZOrder":0,"actiontag":50799476,"anchorPointX":0.5,"anchorPointY":0.5,"classType":"CocoStudio.EngineAdapterWrap.CSImageView","colorB":255,"colorG":255,"colorR":255,"customProperty":"","flipX":false,"flipY":false,"height":94,"ignoreSize":true,"layoutParameter":{"classname":null,"name":null,"align":1,"gravity":0,"layoutEageType":0,"layoutNormalHorizontal":0,"layoutNormalVertical":0,"layoutParentHorizontal":0,"layoutParentVertical":0,"marginDown":0,"marginLeft":467,"marginRight":0,"marginTop":286,"relativeName":"Image_19","relativeToName":"root_panel","type":2},"opacity":193,"positionPercentX":0.490757048,"positionPercentY":0.4796875,"positionType":0,"rotation":0,"scaleX":5.466875,"scaleY":5.42885447,"sizePercentX":0.159330979,"sizePercentY":0.146875,"sizeType":0,"tag":18991,"touchAble":false,"useMergedTexture":false,"visible":true,"width":181,"x":557,"y":307,"capInsetsHeight":1,"capInsetsWidth":1,"capInsetsX":0,"capInsetsY":0,"fileName":null,"fileNameData":{"path":"cka001-21-1-2.png","plistFile":"","resourceType":0},"scale9Enable":false,"scale9Height":94,"scale9Width":181}},{"classname":"ImageView","name":null,"children":[],"options":{"__type":"ImageViewSurrogate:#EditorCommon.JsonModel.Component.GUI","classname":"ImageView","name":"Image_26","ZOrder":0,"actiontag":46572521,"anchorPointX":0.5,"anchorPointY":0.5,"classType":"CocoStudio.EngineAdapterWrap.CSImageView","colorB":255,"colorG":255,"colorR":255,"customProperty":"","flipX":true,"flipY":false,"height":39,"ignoreSize":true,"layoutParameter":{"classname":null,"name":null,"align":1,"gravity":0,"layoutEageType":0,"layoutNormalHorizontal":0,"layoutNormalVertical":0,"layoutParentHorizontal":0,"layoutParentVertical":0,"marginDown":0,"marginLeft":637,"marginRight":0,"marginTop":93,"relativeName":"Image_26","relativeToName":"root_panel","type":2},"opacity":255,"positionPercentX":0.6131162,"positionPercentY":0.82421875,"positionType":0,"rotation":0,"scaleX":1,"scaleY":1,"sizePercentX":0.104753524,"sizePercentY":0.0609375,"sizeType":0,"tag":18998,"touchAble":false,"useMergedTexture":false,"visible":true,"width":119,"x":696,"y":527,"capInsetsHeight":1,"capInsetsWidth":1,"capInsetsX":0,"capInsetsY":0,"fileName":null,"fileNameData":{"path":"yun0.png","plistFile":"","resourceType":0},"scale9Enable":false,"scale9Height":39,"scale9Width":119}},{"classname":"ImageView","name":null,"children":[],"options":{"__type":"ImageViewSurrogate:#EditorCommon.JsonModel.Component.GUI","classname":"ImageView","name":"Image_26_0","ZOrder":0,"actiontag":31889939,"anchorPointX":0.5,"anchorPointY":0.5,"classType":"CocoStudio.EngineAdapterWrap.CSImageView","colorB":255,"colorG":255,"colorR":255,"customProperty":"","flipX":false,"flipY":false,"height":39,"ignoreSize":true,"layoutParameter":{"classname":null,"name":null,"align":1,"gravity":0,"layoutEageType":0,"layoutNormalHorizontal":0,"layoutNormalVertical":0,"layoutParentHorizontal":0,"layoutParentVertical":0,"marginDown":0,"marginLeft":313,"marginRight":0,"marginTop":96,"relativeName":"Image_26_0","relativeToName":"root_panel","type":2},"opacity":255,"positionPercentX":0.32790494,"positionPercentY":0.819531262,"positionType":0,"rotation":0,"scaleX":1,"scaleY":1,"sizePercentX":0.104753524,"sizePercentY":0.0609375,"sizeType":0,"tag":19000,"touchAble":false,"useMergedTexture":false,"visible":true,"width":119,"x":372,"y":524,"capInsetsHeight":1,"capInsetsWidth":1,"capInsetsX":0,"capInsetsY":0,"fileName":null,"fileNameData":{"path":"yun0.png","plistFile":"","resourceType":0},"scale9Enable":false,"scale9Height":39,"scale9Width":119}}],"options":{"__type":"PanelSurrogate:#EditorCommon.JsonModel.Component.GUI","classname":"Panel","name":"root_panel","ZOrder":0,"actiontag":-1,"anchorPointX":0,"anchorPointY":0,"classType":"CocoStudio.EngineAdapterWrap.CSPanel","colorB":255,"colorG":255,"colorR":255,"customProperty":"","flipX":false,"flipY":false,"height":640,"ignoreSize":false,"layoutParameter":null,"opacity":255,"positionPercentX":0,"positionPercentY":0,"positionType":0,"rotation":0,"scaleX":1,"scaleY":1,"sizePercentX":1,"sizePercentY":1,"sizeType":0,"tag":126,"touchAble":true,"useMergedTexture":false,"visible":true,"width":1136,"x":0,"y":0,"adaptScreen":true,"backGroundImage":null,"backGroundImageData":{"path":"cwxzbj01-4.png","plistFile":"","resourceType":0},"backGroundScale9Enable":false,"bgColorB":0,"bgColorG":0,"bgColorOpacity":255,"bgColorR":0,"bgEndColorB":255,"bgEndColorG":200,"bgEndColorR":150,"bgStartColorB":255,"bgStartColorG":255,"bgStartColorR":255,"capInsetsHeight":1,"capInsetsWidth":1,"capInsetsX":0,"capInsetsY":0,"clipAble":false,"colorType":1,"layoutType":3,"vectorX":0,"vectorY":-0.5}}}