{"classname":null,"name":null,"animation":{"classname":null,"name":"AnimationManager","actionlist":[{"classname":null,"name":"Animation0","actionnodelist":[],"loop":true,"unittime":0.1}]},"dataScale":1,"designHeight":640,"designWidth":1136,"textures":[],"texturesPng":["cwxzbj01-4.png","cka001-21-1-1.png","cka001-22-1.png","cka001-23.png","cka001-24.png","zsgzksko001.png","zsgzksko01.png","daxx01.png","baozi01.png","sdk2.png","zsgzdxzyx04-1.png","zsgzdxzyx04.png","cka001-21-1-2.png","yun0.png","zs008.png","zs0011.png","yxsxann02.png","yxsxann02-1.png","grensx0011-4.png","grensx0011-1.png","grensx0011-2.png","grensx0011-3.png","yxsxann02.png","yxsxann02-1.png","hyyjn4.png","zs0012.png","hyyjn2.png","zs0013.png","hyyjn1.png","hyyjn3.png","zs008.png","cwxzbj01-4.png","hk01.png","next01.png","hk02.png","hk03.png","hk01-2.png","hk01-1.png","jy01-1.png","jy01-2.png","zsgzdxzyx04-1.png","zsgzdxzyx04.png","cwxzbj01-4.png","zsgzdxzyx04-1.png","zsgzdxzyx04.png","zs0014-3.png","zs008.png","zs003.png","zs005.png","zs004.png","zs0014.png","zs0014-2.png","zs0014-1.png","yun0.png","jh1.png","jh2.png","zduix-1.png","jy01-2-0.png","jy01-2-1.png","cwxzbj01-4.png","sl01_2.png","sl01.png","sl01_3.png","cka001-23.png","cka001-24.png","zsgzksko001.png","zsgzksko01.png","sl01_4.png","sl01_5.png","zb05.png","zs005-1.png","rwxt01.png","rwxt03_1.png","zb01.png","zb04.png","zb02.png","zb03.png","bjguang.png","cka001-21-1-2.png","cka001-21-1-1.png","cwxzbj01-4.png","sb01_1.png","sb01_2.png","tyonganiu01.png","tyonganiu00-1.png","zsgzdxzyx04-1.png","zsgzdxzyx04.png","bl01.png","jia000.png","jia02-1.png","baozi01.png","jia00.png","jb01.png","zs01.png","hk07-1.png","hk07.png","cz01.png","jd01.png","txshux01.png","txshux02.png","txshux00.png","txshux03.png","cwxzbj01-4.png","cka001-21-1-1.png","cka001.png","cka001-19.png","cka001-14.png","zs008.png","grensx0011-4.png","zs01.png","cka001-8.png","sl01_1.png","yxtxxiaoq.png","zs005-1.png","zhili01.png","cka001-11.png","cka001-12.png","jb01.png","cka001-2.png","cka001-18.png","cka001-13.png","cka001-7.png","cka001-22-1.png","yun0.png","zduix-3.png","zsgzdxzyx04-1.png","zsgzdxzyx04.png","cka001-15.png","cka001-16.png","cka001-17.png","cka001-21-1-2.png","cka001-21.png","cka001-22.png","cka001-2.png","cka001-23.png","cka001-24.png","cka001-25.png","jb01.png","cka001-21.png","cka001-22.png","cka001-7.png","cka001-23.png","cka001-24.png","cka001-25.png","zs01.png","cka001-21.png","cka001-22.png","cka001-8.png","cka001-23.png","cka001-24.png","cka001-25.png","zs01.png","yxtxxiaoq.png","zs005-1.png","zhili01.png","cwxzbj01-4.png","XG01.png","XZXX01-1.png","xiaoq-1.png","lv.png","XZXX01.png","XZ0-12.png","bjguang.png","XZ0-13.png","XZ0-14.png","XZ0-15.png","hudie24.png","shui001.png","cwxzbj01-5.png"],"version":"1.6.0.0","widgetTree":{"classname":"Panel","name":null,"children":[{"classname":"ImageView","name":null,"children":[{"classname":"ImageView","name":null,"children":[{"classname":"ImageView","name":null,"children":[],"options":{"__type":"ImageViewSurrogate:#EditorCommon.JsonModel.Component.GUI","classname":"ImageView","name":"Image_10","ZOrder":0,"actiontag":33790110,"anchorPointX":0.5,"anchorPointY":0.5,"classType":"CocoStudio.EngineAdapterWrap.CSImageView","colorB":255,"colorG":255,"colorR":255,"customProperty":"","flipX":false,"flipY":false,"height":69,"ignoreSize":true,"layoutParameter":null,"opacity":255,"positionPercentX":-0.207547173,"positionPercentY":0.0333333351,"positionType":0,"rotation":0,"scaleX":0.383761823,"scaleY":0.383761823,"sizePercentX":0.615094364,"sizePercentY":1.15,"sizeType":0,"tag":7578,"touchAble":false,"useMergedTexture":false,"visible":true,"width":163,"x":-55,"y":2,"capInsetsHeight":1,"capInsetsWidth":1,"capInsetsX":0,"capInsetsY":0,"fileName":null,"fileNameData":{"path":"xiaoq-1.png","plistFile":"","resourceType":0},"scale9Enable":false,"scale9Height":69,"scale9Width":163}},{"classname":"ImageView","name":null,"children":[],"options":{"__type":"ImageViewSurrogate:#EditorCommon.JsonModel.Component.GUI","classname":"ImageView","name":"Image_20","ZOrder":0,"actiontag":23410136,"anchorPointX":0.5,"anchorPointY":0.5,"classType":"CocoStudio.EngineAdapterWrap.CSImageView","colorB":255,"colorG":255,"colorR":255,"customProperty":"","flipX":false,"flipY":false,"height":32,"ignoreSize":true,"layoutParameter":null,"opacity":255,"positionPercentX":0.0113207549,"positionPercentY":0.0333333351,"positionType":0,"rotation":0,"scaleX":0.744300842,"scaleY":0.7443005,"sizePercentX":0.192452833,"sizePercentY":0.533333361,"sizeType":0,"tag":15640,"touchAble":false,"useMergedTexture":false,"visible":true,"width":51,"x":3,"y":2,"capInsetsHeight":1,"capInsetsWidth":1,"capInsetsX":0,"capInsetsY":0,"fileName":null,"fileNameData":{"path":"lv.png","plistFile":"","resourceType":0},"scale9Enable":false,"scale9Height":32,"scale9Width":51}},{"classname":"LabelAtlas","name":null,"children":[],"options":{"__type":"LabelAtlasSurrogate:#EditorCommon.JsonModel.Component.GUI","classname":"LabelAtlas","name":"AtlasLabel_27","ZOrder":0,"actiontag":37534143,"anchorPointX":0.5,"anchorPointY":0.5,"classType":"CocoStudio.EngineAdapterWrap.CSLabelAtlas","colorB":255,"colorG":255,"colorR":255,"customProperty":"","flipX":false,"flipY":false,"height":32,"ignoreSize":true,"layoutParameter":null,"opacity":255,"positionPercentX":0.1509434,"positionPercentY":0.05,"positionType":0,"rotation":0,"scaleX":0.7784093,"scaleY":0.7784093,"sizePercentX":0.188679248,"sizePercentY":0.533333361,"sizeType":0,"tag":15647,"touchAble":false,"useMergedTexture":false,"visible":true,"width":50,"x":40,"y":3,"charMapFile":null,"charMapFileData":{"path":"lv01.png","plistFile":"","resourceType":0},"itemHeight":32,"itemWidth":25,"startCharMap":"0","stringValue":"14"}}],"options":{"__type":"ImageViewSurrogate:#EditorCommon.JsonModel.Component.GUI","classname":"ImageView","name":"Image_4","ZOrder":0,"actiontag":5137853,"anchorPointX":0.5,"anchorPointY":0.5,"classType":"CocoStudio.EngineAdapterWrap.CSImageView","colorB":255,"colorG":255,"colorR":255,"customProperty":"","flipX":false,"flipY":false,"height":60,"ignoreSize":true,"layoutParameter":null,"opacity":190,"positionPercentX":0.00358422939,"positionPercentY":-0.117878191,"positionType":0,"rotation":0,"scaleX":1,"scaleY":1,"sizePercentX":0.9498208,"sizePercentY":0.117878191,"sizeType":0,"tag":7572,"touchAble":false,"useMergedTexture":false,"visible":true,"width":265,"x":1,"y":-60,"capInsetsHeight":1,"capInsetsWidth":1,"capInsetsX":0,"capInsetsY":0,"fileName":null,"fileNameData":{"path":"XZXX01-1.png","plistFile":"","resourceType":0},"scale9Enable":false,"scale9Height":60,"scale9Width":265}},{"classname":"ImageView","name":null,"children":[],"options":{"__type":"ImageViewSurrogate:#EditorCommon.JsonModel.Component.GUI","classname":"ImageView","name":"Image_5","ZOrder":0,"actiontag":13381659,"anchorPointX":0.5,"anchorPointY":0.5,"classType":"CocoStudio.EngineAdapterWrap.CSImageView","colorB":255,"colorG":255,"colorR":255,"customProperty":"","flipX":false,"flipY":false,"height":53,"ignoreSize":true,"layoutParameter":null,"opacity":255,"positionPercentX":-0.30107528,"positionPercentY":-0.01178782,"positionType":0,"rotation":0,"scaleX":1,"scaleY":1,"sizePercentX":0.193548381,"sizePercentY":0.104125738,"sizeType":0,"tag":7573,"touchAble":false,"useMergedTexture":false,"visible":true,"width":54,"x":-84,"y":-6,"capInsetsHeight":1,"capInsetsWidth":1,"capInsetsX":0,"capInsetsY":0,"fileName":null,"fileNameData":{"path":"XZXX01.png","plistFile":"","resourceType":0},"scale9Enable":false,"scale9Height":53,"scale9Width":54}},{"classname":"ImageView","name":null,"children":[],"options":{"__type":"ImageViewSurrogate:#EditorCommon.JsonModel.Component.GUI","classname":"ImageView","name":"Image_5_0","ZOrder":0,"actiontag":30656221,"anchorPointX":0.5,"anchorPointY":0.5,"classType":"CocoStudio.EngineAdapterWrap.CSImageView","colorB":255,"colorG":255,"colorR":255,"customProperty":"","flipX":false,"flipY":false,"height":53,"ignoreSize":true,"layoutParameter":null,"opacity":255,"positionPercentX":-0.1218638,"positionPercentY":-0.01178782,"positionType":0,"rotation":0,"scaleX":1,"scaleY":1,"sizePercentX":0.193548381,"sizePercentY":0.104125738,"sizeType":0,"tag":7575,"touchAble":false,"useMergedTexture":false,"visible":true,"width":54,"x":-34,"y":-6,"capInsetsHeight":1,"capInsetsWidth":1,"capInsetsX":0,"capInsetsY":0,"fileName":null,"fileNameData":{"path":"XZXX01.png","plistFile":"","resourceType":0},"scale9Enable":false,"scale9Height":53,"scale9Width":54}},{"classname":"ImageView","name":null,"children":[],"options":{"__type":"ImageViewSurrogate:#EditorCommon.JsonModel.Component.GUI","classname":"ImageView","name":"Image_5_1","ZOrder":0,"actiontag":46533044,"anchorPointX":0.5,"anchorPointY":0.5,"classType":"CocoStudio.EngineAdapterWrap.CSImageView","colorB":255,"colorG":255,"colorR":255,"customProperty":"","flipX":false,"flipY":false,"height":53,"ignoreSize":true,"layoutParameter":null,"opacity":255,"positionPercentX":0.05376344,"positionPercentY":-0.009823183,"positionType":0,"rotation":0,"scaleX":1,"scaleY":1,"sizePercentX":0.193548381,"sizePercentY":0.104125738,"sizeType":0,"tag":7576,"touchAble":false,"useMergedTexture":false,"visible":true,"width":54,"x":15,"y":-5,"capInsetsHeight":1,"capInsetsWidth":1,"capInsetsX":0,"capInsetsY":0,"fileName":null,"fileNameData":{"path":"XZXX01.png","plistFile":"","resourceType":0},"scale9Enable":false,"scale9Height":53,"scale9Width":54}},{"classname":"ImageView","name":null,"children":[],"options":{"__type":"ImageViewSurrogate:#EditorCommon.JsonModel.Component.GUI","classname":"ImageView","name":"Image_5_2","ZOrder":0,"actiontag":52964937,"anchorPointX":0.5,"anchorPointY":0.5,"classType":"CocoStudio.EngineAdapterWrap.CSImageView","colorB":255,"colorG":255,"colorR":255,"customProperty":"","flipX":false,"flipY":false,"height":53,"ignoreSize":true,"layoutParameter":null,"opacity":255,"positionPercentX":0.229390681,"positionPercentY":-0.009823183,"positionType":0,"rotation":0,"scaleX":1,"scaleY":1,"sizePercentX":0.193548381,"sizePercentY":0.104125738,"sizeType":0,"tag":7577,"touchAble":false,"useMergedTexture":false,"visible":true,"width":54,"x":64,"y":-5,"capInsetsHeight":1,"capInsetsWidth":1,"capInsetsX":0,"capInsetsY":0,"fileName":null,"fileNameData":{"path":"XZXX01.png","plistFile":"","resourceType":0},"scale9Enable":false,"scale9Height":53,"scale9Width":54}}],"options":{"__type":"ImageViewSurrogate:#EditorCommon.JsonModel.Component.GUI","classname":"ImageView","name":"Image_3","ZOrder":0,"actiontag":23907090,"anchorPointX":0.5,"anchorPointY":0,"classType":"CocoStudio.EngineAdapterWrap.CSImageView","colorB":255,"colorG":255,"colorR":255,"customProperty":"","flipX":false,"flipY":false,"height":509,"ignoreSize":true,"layoutParameter":{"classname":null,"name":null,"align":7,"gravity":0,"layoutEageType":0,"layoutNormalHorizontal":0,"layoutNormalVertical":0,"layoutParentHorizontal":0,"layoutParentVertical":0,"marginDown":86,"marginLeft":447,"marginRight":0,"marginTop":0,"relativeName":"Image_3","relativeToName":"root_panel","type":2},"opacity":255,"positionPercentX":0.516285241,"positionPercentY":0.134375,"positionType":0,"rotation":0,"scaleX":1,"scaleY":1,"sizePercentX":0.245598584,"sizePercentY":0.7953125,"sizeType":0,"tag":7571,"touchAble":false,"useMergedTexture":false,"visible":true,"width":279,"x":586,"y":86,"capInsetsHeight":1,"capInsetsWidth":1,"capInsetsX":0,"capInsetsY":0,"fileName":null,"fileNameData":{"path":"XG01.png","plistFile":"","resourceType":0},"scale9Enable":false,"scale9Height":509,"scale9Width":279}},{"classname":"ImageView","name":null,"children":[],"options":{"__type":"ImageViewSurrogate:#EditorCommon.JsonModel.Component.GUI","classname":"ImageView","name":"Image_21_0_0","ZOrder":0,"actiontag":13827409,"anchorPointX":0.5,"anchorPointY":0.5,"classType":"CocoStudio.EngineAdapterWrap.CSImageView","colorB":255,"colorG":255,"colorR":255,"customProperty":"","flipX":false,"flipY":false,"height":137,"ignoreSize":true,"layoutParameter":{"classname":null,"name":null,"align":1,"gravity":0,"layoutEageType":0,"layoutNormalHorizontal":0,"layoutNormalVertical":0,"layoutParentHorizontal":0,"layoutParentVertical":0,"marginDown":0,"marginLeft":6,"marginRight":0,"marginTop":493,"relativeName":"Image_21_0_0","relativeToName":"root_panel","type":2},"opacity":255,"positionPercentX":0.06294014,"positionPercentY":0.122656249,"positionType":0,"rotation":-1.7274657E-06,"scaleX":1.28275859,"scaleY":1.28275859,"sizePercentX":0.115316905,"sizePercentY":0.2140625,"sizeType":0,"tag":11704,"touchAble":false,"useMergedTexture":false,"visible":true,"width":131,"x":71,"y":78,"capInsetsHeight":1,"capInsetsWidth":1,"capInsetsX":0,"capInsetsY":0,"fileName":null,"fileNameData":{"path":"XZ0-12.png","plistFile":"","resourceType":0},"scale9Enable":false,"scale9Height":137,"scale9Width":131}},{"classname":"ImageView","name":null,"children":[],"options":{"__type":"ImageViewSurrogate:#EditorCommon.JsonModel.Component.GUI","classname":"ImageView","name":"Image_28","ZOrder":0,"actiontag":8223298,"anchorPointX":0.5,"anchorPointY":0.5,"classType":"CocoStudio.EngineAdapterWrap.CSImageView","colorB":255,"colorG":255,"colorR":255,"customProperty":"","flipX":false,"flipY":false,"height":600,"ignoreSize":true,"layoutParameter":{"classname":null,"name":null,"align":1,"gravity":0,"layoutEageType":0,"layoutNormalHorizontal":0,"layoutNormalVertical":0,"layoutParentHorizontal":0,"layoutParentVertical":0,"marginDown":0,"marginLeft":311,"marginRight":0,"marginTop":-278,"relativeName":"Image_28","relativeToName":"root_panel","type":2},"opacity":255,"positionPercentX":0.5246479,"positionPercentY":0.965625,"positionType":0,"rotation":-1.01049292,"scaleX":1.41344976,"scaleY":1.41344976,"sizePercentX":0.501760542,"sizePercentY":0.9375,"sizeType":0,"tag":14421,"touchAble":false,"useMergedTexture":false,"visible":true,"width":570,"x":596,"y":618,"capInsetsHeight":1,"capInsetsWidth":1,"capInsetsX":0,"capInsetsY":0,"fileName":null,"fileNameData":{"path":"bjguang.png","plistFile":"","resourceType":0},"scale9Enable":false,"scale9Height":600,"scale9Width":570}},{"classname":"ImageView","name":null,"children":[],"options":{"__type":"ImageViewSurrogate:#EditorCommon.JsonModel.Component.GUI","classname":"ImageView","name":"Image_22","ZOrder":0,"actiontag":51913221,"anchorPointX":0.5,"anchorPointY":0.5,"classType":"CocoStudio.EngineAdapterWrap.CSImageView","colorB":255,"colorG":255,"colorR":255,"customProperty":"","flipX":false,"flipY":false,"height":41,"ignoreSize":true,"layoutParameter":{"classname":null,"name":null,"align":1,"gravity":0,"layoutEageType":0,"layoutNormalHorizontal":0,"layoutNormalVertical":0,"layoutParentHorizontal":0,"layoutParentVertical":0,"marginDown":0,"marginLeft":23,"marginRight":0,"marginTop":597,"relativeName":"Image_22","relativeToName":"root_panel","type":2},"opacity":255,"positionPercentX":0.06117958,"positionPercentY":0.03515625,"positionType":0,"rotation":0,"scaleX":0.912590146,"scaleY":0.912590146,"sizePercentX":0.0818662,"sizePercentY":0.0640625,"sizeType":0,"tag":11705,"touchAble":false,"useMergedTexture":false,"visible":true,"width":93,"x":69,"y":22,"capInsetsHeight":1,"capInsetsWidth":1,"capInsetsX":0,"capInsetsY":0,"fileName":null,"fileNameData":{"path":"XZ0-13.png","plistFile":"","resourceType":0},"scale9Enable":false,"scale9Height":41,"scale9Width":93}},{"classname":"Button","name":null,"children":[],"options":{"__type":"ButtonSurrogate:#EditorCommon.JsonModel.Component.GUI","classname":"Button","name":"Button_20","ZOrder":0,"actiontag":44221409,"anchorPointX":0.5,"anchorPointY":0.5,"classType":"CocoStudio.EngineAdapterWrap.CSButton","colorB":255,"colorG":255,"colorR":255,"customProperty":"","flipX":false,"flipY":false,"height":75,"ignoreSize":true,"layoutParameter":{"classname":null,"name":null,"align":1,"gravity":0,"layoutEageType":0,"layoutNormalHorizontal":0,"layoutNormalVertical":0,"layoutParentHorizontal":0,"layoutParentVertical":0,"marginDown":0,"marginLeft":30,"marginRight":0,"marginTop":522,"relativeName":"Button_20","relativeToName":"root_panel","type":2},"opacity":255,"positionPercentX":0.0625,"positionPercentY":0.125781253,"positionType":0,"rotation":0,"scaleX":1,"scaleY":1,"sizePercentX":0.0721830949,"sizePercentY":0.1171875,"sizeType":0,"tag":11706,"touchAble":true,"useMergedTexture":false,"visible":true,"width":82,"x":71,"y":80,"capInsetsHeight":1,"capInsetsWidth":1,"capInsetsX":0,"capInsetsY":0,"disabled":null,"disabledData":{"path":null,"plistFile":null,"resourceType":0},"fontName":"微软雅黑","fontSize":14,"fontType":0,"normal":null,"normalData":{"path":"XZ0-14.png","plistFile":"","resourceType":0},"pressed":null,"pressedData":{"path":"XZ0-15.png","plistFile":"","resourceType":0},"scale9Enable":false,"scale9Height":75,"scale9Width":82,"text":"","textColorB":255,"textColorG":255,"textColorR":255}},{"classname":"ImageView","name":null,"children":[],"options":{"__type":"ImageViewSurrogate:#EditorCommon.JsonModel.Component.GUI","classname":"ImageView","name":"Image_21","ZOrder":0,"actiontag":63685038,"anchorPointX":0.5,"anchorPointY":0.5,"classType":"CocoStudio.EngineAdapterWrap.CSImageView","colorB":255,"colorG":255,"colorR":255,"customProperty":"","flipX":false,"flipY":false,"height":189,"ignoreSize":true,"layoutParameter":{"classname":null,"name":null,"align":1,"gravity":0,"layoutEageType":0,"layoutNormalHorizontal":0,"layoutNormalVertical":0,"layoutParentHorizontal":0,"layoutParentVertical":0,"marginDown":0,"marginLeft":909,"marginRight":0,"marginTop":450,"relativeName":"Image_21","relativeToName":"root_panel","type":2},"opacity":255,"positionPercentX":0.8860035,"positionPercentY":0.149218753,"positionType":0,"rotation":0,"scaleX":1,"scaleY":1,"sizePercentX":0.171654925,"sizePercentY":0.2953125,"sizeType":0,"tag":14820,"touchAble":false,"useMergedTexture":false,"visible":true,"width":195,"x":1006,"y":95,"capInsetsHeight":1,"capInsetsWidth":1,"capInsetsX":0,"capInsetsY":0,"fileName":null,"fileNameData":{"path":"hudie24.png","plistFile":"","resourceType":0},"scale9Enable":false,"scale9Height":189,"scale9Width":195}},{"classname":"ImageView","name":null,"children":[],"options":{"__type":"ImageViewSurrogate:#EditorCommon.JsonModel.Component.GUI","classname":"ImageView","name":"Image_20_1","ZOrder":0,"actiontag":59855715,"anchorPointX":0.5,"anchorPointY":0.5,"classType":"CocoStudio.EngineAdapterWrap.CSImageView","colorB":255,"colorG":255,"colorR":255,"customProperty":"","flipX":true,"flipY":false,"height":200,"ignoreSize":true,"layoutParameter":{"classname":null,"name":null,"align":1,"gravity":0,"layoutEageType":0,"layoutNormalHorizontal":0,"layoutNormalVertical":0,"layoutParentHorizontal":0,"layoutParentVertical":0,"marginDown":0,"marginLeft":755,"marginRight":0,"marginTop":198,"relativeName":"Image_20_1","relativeToName":"root_panel","type":2},"opacity":255,"positionPercentX":0.752640843,"positionPercentY":0.534375,"positionType":0,"rotation":0,"scaleX":1,"scaleY":1,"sizePercentX":0.17605634,"sizePercentY":0.3125,"sizeType":0,"tag":18317,"touchAble":false,"useMergedTexture":false,"visible":true,"width":200,"x":855,"y":342,"capInsetsHeight":1,"capInsetsWidth":1,"capInsetsX":0,"capInsetsY":0,"fileName":null,"fileNameData":{"path":"shui001.png","plistFile":"","resourceType":0},"scale9Enable":false,"scale9Height":200,"scale9Width":200}},{"classname":"ImageView","name":null,"children":[],"options":{"__type":"ImageViewSurrogate:#EditorCommon.JsonModel.Component.GUI","classname":"ImageView","name":"Image_20_0","ZOrder":0,"actiontag":15224096,"anchorPointX":0.5,"anchorPointY":0.5,"classType":"CocoStudio.EngineAdapterWrap.CSImageView","colorB":255,"colorG":255,"colorR":255,"customProperty":"","flipX":false,"flipY":false,"height":200,"ignoreSize":true,"layoutParameter":{"classname":null,"name":null,"align":1,"gravity":0,"layoutEageType":0,"layoutNormalHorizontal":0,"layoutNormalVertical":0,"layoutParentHorizontal":0,"layoutParentVertical":0,"marginDown":0,"marginLeft":178,"marginRight":0,"marginTop":197,"relativeName":"Image_20_0","relativeToName":"root_panel","type":2},"opacity":255,"positionPercentX":0.244718313,"positionPercentY":0.5359375,"positionType":0,"rotation":0,"scaleX":1,"scaleY":1,"sizePercentX":0.17605634,"sizePercentY":0.3125,"sizeType":0,"tag":18319,"touchAble":false,"useMergedTexture":false,"visible":true,"width":200,"x":278,"y":343,"capInsetsHeight":1,"capInsetsWidth":1,"capInsetsX":0,"capInsetsY":0,"fileName":null,"fileNameData":{"path":"shui001.png","plistFile":"","resourceType":0},"scale9Enable":false,"scale9Height":200,"scale9Width":200}},{"classname":"ImageView","name":null,"children":[],"options":{"__type":"ImageViewSurrogate:#EditorCommon.JsonModel.Component.GUI","classname":"ImageView","name":"z05","ZOrder":0,"actiontag":11029000,"anchorPointX":0.5,"anchorPointY":0.5,"classType":"CocoStudio.EngineAdapterWrap.CSImageView","colorB":255,"colorG":255,"colorR":255,"customProperty":"","flipX":false,"flipY":false,"height":217,"ignoreSize":true,"layoutParameter":{"classname":null,"name":null,"align":1,"gravity":0,"layoutEageType":0,"layoutNormalHorizontal":0,"layoutNormalVertical":0,"layoutParentHorizontal":0,"layoutParentVertical":0,"marginDown":0,"marginLeft":667,"marginRight":0,"marginTop":314,"relativeName":"z05","relativeToName":"root_panel","type":2},"opacity":255,"positionPercentX":0.6540493,"positionPercentY":0.33984375,"positionType":0,"rotation":0,"scaleX":0.8775772,"scaleY":0.8775772,"sizePercentX":0.133802816,"sizePercentY":0.3390625,"sizeType":0,"tag":18678,"touchAble":false,"useMergedTexture":false,"visible":true,"width":152,"x":743,"y":217,"capInsetsHeight":1,"capInsetsWidth":1,"capInsetsX":0,"capInsetsY":0,"fileName":null,"fileNameData":{"path":"cwxzbj01-5.png","plistFile":"","resourceType":0},"scale9Enable":false,"scale9Height":217,"scale9Width":152}},{"classname":"ImageView","name":null,"children":[],"options":{"__type":"ImageViewSurrogate:#EditorCommon.JsonModel.Component.GUI","classname":"ImageView","name":"z04","ZOrder":0,"actiontag":65502269,"anchorPointX":0.5,"anchorPointY":0.5,"classType":"CocoStudio.EngineAdapterWrap.CSImageView","colorB":255,"colorG":255,"colorR":255,"customProperty":"","flipX":false,"flipY":false,"height":217,"ignoreSize":true,"layoutParameter":{"classname":null,"name":null,"align":1,"gravity":0,"layoutEageType":0,"layoutNormalHorizontal":0,"layoutNormalVertical":0,"layoutParentHorizontal":0,"layoutParentVertical":0,"marginDown":0,"marginLeft":509,"marginRight":0,"marginTop":303,"relativeName":"z04","relativeToName":"root_panel","type":2},"opacity":255,"positionPercentX":0.514964759,"positionPercentY":0.357031256,"positionType":0,"rotation":0,"scaleX":1,"scaleY":1,"sizePercentX":0.133802816,"sizePercentY":0.3390625,"sizeType":0,"tag":18680,"touchAble":false,"useMergedTexture":false,"visible":true,"width":152,"x":585,"y":228,"capInsetsHeight":1,"capInsetsWidth":1,"capInsetsX":0,"capInsetsY":0,"fileName":null,"fileNameData":{"path":"cwxzbj01-5.png","plistFile":"","resourceType":0},"scale9Enable":false,"scale9Height":217,"scale9Width":152}},{"classname":"ImageView","name":null,"children":[],"options":{"__type":"ImageViewSurrogate:#EditorCommon.JsonModel.Component.GUI","classname":"ImageView","name":"z06","ZOrder":0,"actiontag":15463264,"anchorPointX":0.5,"anchorPointY":0.5,"classType":"CocoStudio.EngineAdapterWrap.CSImageView","colorB":255,"colorG":255,"colorR":255,"customProperty":"","flipX":false,"flipY":false,"height":217,"ignoreSize":true,"layoutParameter":{"classname":null,"name":null,"align":1,"gravity":0,"layoutEageType":0,"layoutNormalHorizontal":0,"layoutNormalVertical":0,"layoutParentHorizontal":0,"layoutParentVertical":0,"marginDown":0,"marginLeft":802,"marginRight":0,"marginTop":298,"relativeName":"z06","relativeToName":"root_panel","type":2},"opacity":255,"positionPercentX":0.772887349,"positionPercentY":0.364843756,"positionType":0,"rotation":0,"scaleX":0.7419962,"scaleY":0.7419962,"sizePercentX":0.133802816,"sizePercentY":0.3390625,"sizeType":0,"tag":18832,"touchAble":false,"useMergedTexture":false,"visible":true,"width":152,"x":878,"y":233,"capInsetsHeight":1,"capInsetsWidth":1,"capInsetsX":0,"capInsetsY":0,"fileName":null,"fileNameData":{"path":"cwxzbj01-5.png","plistFile":"","resourceType":0},"scale9Enable":false,"scale9Height":217,"scale9Width":152}},{"classname":"ImageView","name":null,"children":[],"options":{"__type":"ImageViewSurrogate:#EditorCommon.JsonModel.Component.GUI","classname":"ImageView","name":"z03","ZOrder":0,"actiontag":11214619,"anchorPointX":0.5,"anchorPointY":0.5,"classType":"CocoStudio.EngineAdapterWrap.CSImageView","colorB":255,"colorG":255,"colorR":255,"customProperty":"","flipX":false,"flipY":false,"height":217,"ignoreSize":true,"layoutParameter":{"classname":null,"name":null,"align":1,"gravity":0,"layoutEageType":0,"layoutNormalHorizontal":0,"layoutNormalVertical":0,"layoutParentHorizontal":0,"layoutParentVertical":0,"marginDown":0,"marginLeft":343,"marginRight":0,"marginTop":315,"relativeName":"z03","relativeToName":"root_panel","type":2},"opacity":255,"positionPercentX":0.368838042,"positionPercentY":0.338281244,"positionType":0,"rotation":0,"scaleX":0.8775772,"scaleY":0.8775772,"sizePercentX":0.133802816,"sizePercentY":0.3390625,"sizeType":0,"tag":18834,"touchAble":false,"useMergedTexture":false,"visible":true,"width":152,"x":419,"y":216,"capInsetsHeight":1,"capInsetsWidth":1,"capInsetsX":0,"capInsetsY":0,"fileName":null,"fileNameData":{"path":"cwxzbj01-5.png","plistFile":"","resourceType":0},"scale9Enable":false,"scale9Height":217,"scale9Width":152}},{"classname":"ImageView","name":null,"children":[],"options":{"__type":"ImageViewSurrogate:#EditorCommon.JsonModel.Component.GUI","classname":"ImageView","name":"z07","ZOrder":0,"actiontag":49134899,"anchorPointX":0.5,"anchorPointY":0.5,"classType":"CocoStudio.EngineAdapterWrap.CSImageView","colorB":255,"colorG":255,"colorR":255,"customProperty":"","flipX":false,"flipY":false,"height":217,"ignoreSize":true,"layoutParameter":{"classname":null,"name":null,"align":1,"gravity":0,"layoutEageType":0,"layoutNormalHorizontal":0,"layoutNormalVertical":0,"layoutParentHorizontal":0,"layoutParentVertical":0,"marginDown":0,"marginLeft":901,"marginRight":0,"marginTop":282,"relativeName":"z07","relativeToName":"root_panel","type":2},"opacity":255,"positionPercentX":0.860035241,"positionPercentY":0.389843762,"positionType":0,"rotation":0,"scaleX":0.598820865,"scaleY":0.598820865,"sizePercentX":0.133802816,"sizePercentY":0.3390625,"sizeType":0,"tag":18836,"touchAble":false,"useMergedTexture":false,"visible":true,"width":152,"x":977,"y":249,"capInsetsHeight":1,"capInsetsWidth":1,"capInsetsX":0,"capInsetsY":0,"fileName":null,"fileNameData":{"path":"cwxzbj01-5.png","plistFile":"","resourceType":0},"scale9Enable":false,"scale9Height":217,"scale9Width":152}},{"classname":"ImageView","name":null,"children":[],"options":{"__type":"ImageViewSurrogate:#EditorCommon.JsonModel.Component.GUI","classname":"ImageView","name":"z02","ZOrder":0,"actiontag":817002,"anchorPointX":0.5,"anchorPointY":0.5,"classType":"CocoStudio.EngineAdapterWrap.CSImageView","colorB":255,"colorG":255,"colorR":255,"customProperty":"","flipX":false,"flipY":false,"height":217,"ignoreSize":true,"layoutParameter":{"classname":null,"name":null,"align":1,"gravity":0,"layoutEageType":0,"layoutNormalHorizontal":0,"layoutNormalVertical":0,"layoutParentHorizontal":0,"layoutParentVertical":0,"marginDown":0,"marginLeft":212,"marginRight":0,"marginTop":298,"relativeName":"z02","relativeToName":"root_panel","type":2},"opacity":255,"positionPercentX":0.2535211,"positionPercentY":0.364843756,"positionType":0,"rotation":0,"scaleX":0.7419962,"scaleY":0.7419962,"sizePercentX":0.133802816,"sizePercentY":0.3390625,"sizeType":0,"tag":18838,"touchAble":false,"useMergedTexture":false,"visible":true,"width":152,"x":288,"y":233,"capInsetsHeight":1,"capInsetsWidth":1,"capInsetsX":0,"capInsetsY":0,"fileName":null,"fileNameData":{"path":"cwxzbj01-5.png","plistFile":"","resourceType":0},"scale9Enable":false,"scale9Height":217,"scale9Width":152}},{"classname":"ImageView","name":null,"children":[],"options":{"__type":"ImageViewSurrogate:#EditorCommon.JsonModel.Component.GUI","classname":"ImageView","name":"z01","ZOrder":0,"actiontag":19509492,"anchorPointX":0.5,"anchorPointY":0.5,"classType":"CocoStudio.EngineAdapterWrap.CSImageView","colorB":255,"colorG":255,"colorR":255,"customProperty":"","flipX":false,"flipY":false,"height":217,"ignoreSize":true,"layoutParameter":{"classname":null,"name":null,"align":1,"gravity":0,"layoutEageType":0,"layoutNormalHorizontal":0,"layoutNormalVertical":0,"layoutParentHorizontal":0,"layoutParentVertical":0,"marginDown":0,"marginLeft":97,"marginRight":0,"marginTop":284,"relativeName":"z01","relativeToName":"root_panel","type":2},"opacity":255,"positionPercentX":0.152288735,"positionPercentY":0.38671875,"positionType":0,"rotation":0,"scaleX":0.598820865,"scaleY":0.598820865,"sizePercentX":0.133802816,"sizePercentY":0.3390625,"sizeType":0,"tag":18840,"touchAble":false,"useMergedTexture":false,"visible":true,"width":152,"x":173,"y":247,"capInsetsHeight":1,"capInsetsWidth":1,"capInsetsX":0,"capInsetsY":0,"fileName":null,"fileNameData":{"path":"cwxzbj01-5.png","plistFile":"","resourceType":0},"scale9Enable":false,"scale9Height":217,"scale9Width":152}}],"options":{"__type":"PanelSurrogate:#EditorCommon.JsonModel.Component.GUI","classname":"Panel","name":"root_panel","ZOrder":0,"actiontag":-1,"anchorPointX":0,"anchorPointY":0,"classType":"CocoStudio.EngineAdapterWrap.CSPanel","colorB":255,"colorG":255,"colorR":255,"customProperty":"","flipX":false,"flipY":false,"height":640,"ignoreSize":false,"layoutParameter":null,"opacity":255,"positionPercentX":0,"positionPercentY":0,"positionType":0,"rotation":0,"scaleX":1,"scaleY":1,"sizePercentX":1,"sizePercentY":1,"sizeType":0,"tag":7473,"touchAble":true,"useMergedTexture":false,"visible":true,"width":1136,"x":0,"y":0,"adaptScreen":true,"backGroundImage":null,"backGroundImageData":{"path":"cwxzbj01-4.png","plistFile":"","resourceType":0},"backGroundScale9Enable":false,"bgColorB":255,"bgColorG":200,"bgColorOpacity":0,"bgColorR":150,"bgEndColorB":255,"bgEndColorG":200,"bgEndColorR":150,"bgStartColorB":255,"bgStartColorG":255,"bgStartColorR":255,"capInsetsHeight":1,"capInsetsWidth":1,"capInsetsX":0,"capInsetsY":0,"clipAble":false,"colorType":1,"layoutType":3,"vectorX":0,"vectorY":-0.5}}}