{"classname":null,"name":null,"animation":{"classname":null,"name":"AnimationManager","actionlist":[]},"dataScale":1,"designHeight":308,"designWidth":471,"textures":[],"texturesPng":["cwxzbj01-4.png","cka001-21-1-1.png","cka001-22-1.png","cka001-23.png","cka001-24.png","zsgzksko001.png","zsgzksko01.png","daxx01.png","baozi01.png","sdk2.png","zsgzdxzyx04-1.png","zsgzdxzyx04.png","cka001-21-1-2.png","yun0.png","zs008.png","zs0011.png","yxsxann02.png","yxsxann02-1.png","grensx0011-4.png","grensx0011-1.png","grensx0011-2.png","grensx0011-3.png","yxsxann02.png","yxsxann02-1.png","hyyjn4.png","zs0012.png","hyyjn2.png","zs0013.png","hyyjn1.png","hyyjn3.png","zs008.png","cwxzbj01-4.png","hk01.png","next01.png","hk02.png","hk03.png","hk01-2.png","hk01-1.png","jy01-1.png","jy01-2.png","zsgzdxzyx04-1.png","zsgzdxzyx04.png","cwxzbj01-4.png","zsgzdxzyx04-1.png","zsgzdxzyx04.png","zs0014-3.png","zs008.png","zs003.png","zs005.png","zs004.png","zs0014.png","zs0014-2.png","zs0014-1.png","yun0.png","jh1.png","jh2.png","zduix-1.png","jy01-2-0.png","jy01-2-1.png","cwxzbj01-4.png","sl01_2.png","sl01.png","sl01_3.png","cka001-23.png","cka001-24.png","zsgzksko001.png","zsgzksko01.png","sl01_4.png","sl01_5.png","zb05.png","zs005-1.png","rwxt01.png","rwxt03_1.png","zb01.png","zb04.png","zb02.png","zb03.png","bjguang.png","cka001-21-1-2.png","cka001-21-1-1.png","cwxzbj01-4.png","sb01_1.png","sb01_2.png","tyonganiu01.png","tyonganiu00-1.png","zsgzdxzyx04-1.png","zsgzdxzyx04.png","bl01.png","jia000.png","jia02-1.png","baozi01.png","jia00.png","jb01.png","zs01.png","hk07-1.png","hk07.png","cz01.png","jd01.png","txshux01.png","txshux02.png","txshux00.png","txshux03.png","cwxzbj01-4.png","cka001-21-1-1.png","cka001.png","cka001-19.png","cka001-14.png","zs008.png","grensx0011-4.png","zs01.png","cka001-8.png","sl01_1.png","yxtxxiaoq.png","zs005-1.png","zhili01.png","cka001-11.png","cka001-12.png","jb01.png","cka001-2.png","cka001-18.png","cka001-13.png","cka001-7.png","cka001-22-1.png","yun0.png","zduix-3.png","zsgzdxzyx04-1.png","zsgzdxzyx04.png","cka001-15.png","cka001-16.png","cka001-17.png","cka001-21-1-2.png","cka001-21.png","cka001-22.png","cka001-2.png","cka001-23.png","cka001-24.png","cka001-25.png","jb01.png","cka001-21.png","cka001-22.png","cka001-7.png","cka001-23.png","cka001-24.png","cka001-25.png","zs01.png"],"version":"1.6.0.0","widgetTree":{"classname":"Panel","name":null,"children":[{"classname":"ImageView","name":null,"children":[{"classname":"ImageView","name":null,"children":[],"options":{"__type":"ImageViewSurrogate:#EditorCommon.JsonModel.Component.GUI","classname":"ImageView","name":"Image_2","ZOrder":0,"actiontag":53768708,"anchorPointX":0.5,"anchorPointY":0.5,"classType":"CocoStudio.EngineAdapterWrap.CSImageView","colorB":255,"colorG":255,"colorR":255,"customProperty":"","flipX":false,"flipY":false,"height":58,"ignoreSize":true,"layoutParameter":null,"opacity":255,"positionPercentX":0,"positionPercentY":0.3538961,"positionType":0,"rotation":0,"scaleX":1,"scaleY":1,"sizePercentX":0.813163459,"sizePercentY":0.188311681,"sizeType":0,"tag":10898,"touchAble":false,"useMergedTexture":false,"visible":true,"width":383,"x":0,"y":109,"capInsetsHeight":1,"capInsetsWidth":1,"capInsetsX":0,"capInsetsY":0,"fileName":null,"fileNameData":{"path":"cka001-22.png","plistFile":"","resourceType":0},"scale9Enable":false,"scale9Height":58,"scale9Width":383}},{"classname":"ImageView","name":null,"children":[],"options":{"__type":"ImageViewSurrogate:#EditorCommon.JsonModel.Component.GUI","classname":"ImageView","name":"Image_3","ZOrder":0,"actiontag":28949261,"anchorPointX":0.5,"anchorPointY":0.5,"classType":"CocoStudio.EngineAdapterWrap.CSImageView","colorB":255,"colorG":255,"colorR":255,"customProperty":"","flipX":false,"flipY":false,"height":45,"ignoreSize":true,"layoutParameter":null,"opacity":255,"positionPercentX":0.00212314236,"positionPercentY":0.3474026,"positionType":0,"rotation":0,"scaleX":1,"scaleY":1,"sizePercentX":0.566879,"sizePercentY":0.146103889,"sizeType":0,"tag":10899,"touchAble":false,"useMergedTexture":false,"visible":true,"width":267,"x":1,"y":107,"capInsetsHeight":1,"capInsetsWidth":1,"capInsetsX":0,"capInsetsY":0,"fileName":null,"fileNameData":{"path":"cka001-7.png","plistFile":"","resourceType":0},"scale9Enable":false,"scale9Height":45,"scale9Width":267}},{"classname":"Button","name":null,"children":[{"classname":"Label","name":null,"children":[],"options":{"__type":"LabelSurrogate:#EditorCommon.JsonModel.Component.GUI","classname":"Label","name":"Label_26","ZOrder":0,"actiontag":47862199,"anchorPointX":0.5,"anchorPointY":0.5,"classType":"CocoStudio.EngineAdapterWrap.CSLabel","colorB":255,"colorG":255,"colorR":255,"customProperty":"","flipX":false,"flipY":false,"height":30,"ignoreSize":true,"layoutParameter":null,"opacity":255,"positionPercentX":0.00621118024,"positionPercentY":0,"positionType":0,"rotation":0,"scaleX":1,"scaleY":1,"sizePercentX":0.590062141,"sizePercentY":0.476190478,"sizeType":0,"tag":13994,"touchAble":false,"useMergedTexture":false,"visible":true,"width":95,"x":1,"y":0,"areaHeight":0,"areaWidth":0,"fontFile":null,"fontName":"微软雅黑","fontSize":23,"hAlignment":0,"text":"购买10次","touchScaleEnable":false,"vAlignment":0}}],"options":{"__type":"ButtonSurrogate:#EditorCommon.JsonModel.Component.GUI","classname":"Button","name":"Button_4","ZOrder":0,"actiontag":18900705,"anchorPointX":0.5,"anchorPointY":0.5,"classType":"CocoStudio.EngineAdapterWrap.CSButton","colorB":255,"colorG":255,"colorR":255,"customProperty":"","flipX":false,"flipY":false,"height":63,"ignoreSize":true,"layoutParameter":null,"opacity":255,"positionPercentX":0.227176219,"positionPercentY":-0.1396104,"positionType":0,"rotation":0,"scaleX":1,"scaleY":1,"sizePercentX":0.3418259,"sizePercentY":0.204545453,"sizeType":0,"tag":10900,"touchAble":true,"useMergedTexture":false,"visible":true,"width":161,"x":107,"y":-43,"capInsetsHeight":1,"capInsetsWidth":1,"capInsetsX":0,"capInsetsY":0,"disabled":null,"disabledData":{"path":null,"plistFile":null,"resourceType":0},"fontName":"微软雅黑","fontSize":14,"fontType":0,"normal":null,"normalData":{"path":"cka001-23.png","plistFile":"","resourceType":0},"pressed":null,"pressedData":{"path":"cka001-24.png","plistFile":"","resourceType":0},"scale9Enable":false,"scale9Height":63,"scale9Width":161,"text":"","textColorB":255,"textColorG":255,"textColorR":255}},{"classname":"Button","name":null,"children":[{"classname":"Label","name":null,"children":[],"options":{"__type":"LabelSurrogate:#EditorCommon.JsonModel.Component.GUI","classname":"Label","name":"Label_25","ZOrder":0,"actiontag":36732559,"anchorPointX":0.5,"anchorPointY":0.5,"classType":"CocoStudio.EngineAdapterWrap.CSLabel","colorB":255,"colorG":255,"colorR":255,"customProperty":"","flipX":false,"flipY":false,"height":32,"ignoreSize":true,"layoutParameter":null,"opacity":255,"positionPercentX":-0.00621118024,"positionPercentY":0.0158730168,"positionType":0,"rotation":0,"scaleX":1,"scaleY":1,"sizePercentX":0.5590062,"sizePercentY":0.507936537,"sizeType":0,"tag":13993,"touchAble":false,"useMergedTexture":false,"visible":true,"width":90,"x":-1,"y":1,"areaHeight":0,"areaWidth":0,"fontFile":null,"fontName":"微软雅黑","fontSize":25,"hAlignment":0,"text":"购买1次","touchScaleEnable":false,"vAlignment":0}}],"options":{"__type":"ButtonSurrogate:#EditorCommon.JsonModel.Component.GUI","classname":"Button","name":"Button_4_0","ZOrder":0,"actiontag":26389441,"anchorPointX":0.5,"anchorPointY":0.5,"classType":"CocoStudio.EngineAdapterWrap.CSButton","colorB":255,"colorG":255,"colorR":255,"customProperty":"","flipX":false,"flipY":false,"height":63,"ignoreSize":true,"layoutParameter":null,"opacity":255,"positionPercentX":-0.24203822,"positionPercentY":-0.1396104,"positionType":0,"rotation":0,"scaleX":1,"scaleY":1,"sizePercentX":0.3418259,"sizePercentY":0.204545453,"sizeType":0,"tag":10904,"touchAble":true,"useMergedTexture":false,"visible":true,"width":161,"x":-114,"y":-43,"capInsetsHeight":1,"capInsetsWidth":1,"capInsetsX":0,"capInsetsY":0,"disabled":null,"disabledData":{"path":null,"plistFile":null,"resourceType":0},"fontName":"微软雅黑","fontSize":14,"fontType":0,"normal":null,"normalData":{"path":"cka001-23.png","plistFile":"","resourceType":0},"pressed":null,"pressedData":{"path":"cka001-24.png","plistFile":"","resourceType":0},"scale9Enable":false,"scale9Height":63,"scale9Width":161,"text":"","textColorB":255,"textColorG":255,"textColorR":255}},{"classname":"Label","name":null,"children":[],"options":{"__type":"LabelSurrogate:#EditorCommon.JsonModel.Component.GUI","classname":"Label","name":"Label_10","ZOrder":0,"actiontag":6368963,"anchorPointX":0.5,"anchorPointY":0.5,"classType":"CocoStudio.EngineAdapterWrap.CSLabel","colorB":209,"colorG":217,"colorR":4,"customProperty":"","flipX":false,"flipY":false,"height":31,"ignoreSize":true,"layoutParameter":null,"opacity":255,"positionPercentX":0.0148619954,"positionPercentY":-0.327922076,"positionType":0,"rotation":0,"scaleX":1,"scaleY":1,"sizePercentX":0.554140151,"sizePercentY":0.100649349,"sizeType":0,"tag":10906,"touchAble":false,"useMergedTexture":false,"visible":true,"width":261,"x":7,"y":-101,"areaHeight":0,"areaWidth":0,"fontFile":null,"fontName":"微软雅黑","fontSize":24,"hAlignment":0,"text":"20:13:23 后免费购买1次","touchScaleEnable":false,"vAlignment":0}},{"classname":"ImageView","name":null,"children":[{"classname":"ImageView","name":null,"children":[],"options":{"__type":"ImageViewSurrogate:#EditorCommon.JsonModel.Component.GUI","classname":"ImageView","name":"Image_11","ZOrder":0,"actiontag":57583308,"anchorPointX":0.5,"anchorPointY":0.5,"classType":"CocoStudio.EngineAdapterWrap.CSImageView","colorB":255,"colorG":255,"colorR":255,"customProperty":"","flipX":false,"flipY":false,"height":41,"ignoreSize":true,"layoutParameter":null,"opacity":255,"positionPercentX":-0.3216783,"positionPercentY":0,"positionType":0,"rotation":0,"scaleX":1,"scaleY":1,"sizePercentX":0.356643349,"sizePercentY":0.95348835,"sizeType":0,"tag":10908,"touchAble":false,"useMergedTexture":false,"visible":true,"width":51,"x":-46,"y":0,"capInsetsHeight":1,"capInsetsWidth":1,"capInsetsX":0,"capInsetsY":0,"fileName":null,"fileNameData":{"path":"zs01.png","plistFile":"","resourceType":0},"scale9Enable":false,"scale9Height":41,"scale9Width":51}},{"classname":"Label","name":null,"children":[],"options":{"__type":"LabelSurrogate:#EditorCommon.JsonModel.Component.GUI","classname":"Label","name":"Label_12","ZOrder":0,"actiontag":65863871,"anchorPointX":0.5,"anchorPointY":0.5,"classType":"CocoStudio.EngineAdapterWrap.CSLabel","colorB":255,"colorG":255,"colorR":255,"customProperty":"","flipX":false,"flipY":false,"height":31,"ignoreSize":true,"layoutParameter":null,"opacity":255,"positionPercentX":0.04895105,"positionPercentY":0,"positionType":0,"rotation":0,"scaleX":1,"scaleY":1,"sizePercentX":0.3916084,"sizePercentY":0.7209302,"sizeType":0,"tag":10909,"touchAble":false,"useMergedTexture":false,"visible":true,"width":56,"x":7,"y":0,"areaHeight":0,"areaWidth":0,"fontFile":null,"fontName":"微软雅黑","fontSize":24,"hAlignment":0,"text":"2590","touchScaleEnable":false,"vAlignment":0}}],"options":{"__type":"ImageViewSurrogate:#EditorCommon.JsonModel.Component.GUI","classname":"ImageView","name":"Image_10","ZOrder":0,"actiontag":50413755,"anchorPointX":0.5,"anchorPointY":0.5,"classType":"CocoStudio.EngineAdapterWrap.CSImageView","colorB":255,"colorG":255,"colorR":255,"customProperty":"","flipX":false,"flipY":false,"height":43,"ignoreSize":true,"layoutParameter":null,"opacity":255,"positionPercentX":0.227176219,"positionPercentY":0.077922076,"positionType":0,"rotation":0,"scaleX":1,"scaleY":1,"sizePercentX":0.303609341,"sizePercentY":0.1396104,"sizeType":0,"tag":10907,"touchAble":false,"useMergedTexture":false,"visible":true,"width":143,"x":107,"y":24,"capInsetsHeight":1,"capInsetsWidth":1,"capInsetsX":0,"capInsetsY":0,"fileName":null,"fileNameData":{"path":"cka001-25.png","plistFile":"","resourceType":0},"scale9Enable":false,"scale9Height":43,"scale9Width":143}},{"classname":"ImageView","name":null,"children":[{"classname":"ImageView","name":null,"children":[],"options":{"__type":"ImageViewSurrogate:#EditorCommon.JsonModel.Component.GUI","classname":"ImageView","name":"Image_11","ZOrder":0,"actiontag":6546613,"anchorPointX":0.5,"anchorPointY":0.5,"classType":"CocoStudio.EngineAdapterWrap.CSImageView","colorB":255,"colorG":255,"colorR":255,"customProperty":"","flipX":false,"flipY":false,"height":41,"ignoreSize":true,"layoutParameter":null,"opacity":255,"positionPercentX":-0.3146853,"positionPercentY":0,"positionType":0,"rotation":0,"scaleX":1,"scaleY":1,"sizePercentX":0.356643349,"sizePercentY":0.95348835,"sizeType":0,"tag":10914,"touchAble":false,"useMergedTexture":false,"visible":true,"width":51,"x":-45,"y":0,"capInsetsHeight":1,"capInsetsWidth":1,"capInsetsX":0,"capInsetsY":0,"fileName":null,"fileNameData":{"path":"zs01.png","plistFile":"","resourceType":0},"scale9Enable":false,"scale9Height":41,"scale9Width":51}},{"classname":"Label","name":null,"children":[],"options":{"__type":"LabelSurrogate:#EditorCommon.JsonModel.Component.GUI","classname":"Label","name":"Label_12","ZOrder":0,"actiontag":58919521,"anchorPointX":0.5,"anchorPointY":0.5,"classType":"CocoStudio.EngineAdapterWrap.CSLabel","colorB":255,"colorG":255,"colorR":255,"customProperty":"","flipX":false,"flipY":false,"height":31,"ignoreSize":true,"layoutParameter":null,"opacity":255,"positionPercentX":0.062937066,"positionPercentY":-0.0232558139,"positionType":0,"rotation":0,"scaleX":1,"scaleY":1,"sizePercentX":0.2937063,"sizePercentY":0.7209302,"sizeType":0,"tag":10915,"touchAble":false,"useMergedTexture":false,"visible":true,"width":42,"x":9,"y":-1,"areaHeight":0,"areaWidth":0,"fontFile":null,"fontName":"微软雅黑","fontSize":24,"hAlignment":0,"text":"288","touchScaleEnable":false,"vAlignment":0}}],"options":{"__type":"ImageViewSurrogate:#EditorCommon.JsonModel.Component.GUI","classname":"ImageView","name":"Image_10_0","ZOrder":0,"actiontag":30553563,"anchorPointX":0.5,"anchorPointY":0.5,"classType":"CocoStudio.EngineAdapterWrap.CSImageView","colorB":255,"colorG":255,"colorR":255,"customProperty":"","flipX":false,"flipY":false,"height":43,"ignoreSize":true,"layoutParameter":null,"opacity":255,"positionPercentX":-0.237791926,"positionPercentY":0.07467532,"positionType":0,"rotation":0,"scaleX":1,"scaleY":1,"sizePercentX":0.303609341,"sizePercentY":0.1396104,"sizeType":0,"tag":10913,"touchAble":false,"useMergedTexture":false,"visible":true,"width":143,"x":-112,"y":23,"capInsetsHeight":1,"capInsetsWidth":1,"capInsetsX":0,"capInsetsY":0,"fileName":null,"fileNameData":{"path":"cka001-25.png","plistFile":"","resourceType":0},"scale9Enable":false,"scale9Height":43,"scale9Width":143}}],"options":{"__type":"ImageViewSurrogate:#EditorCommon.JsonModel.Component.GUI","classname":"ImageView","name":"Image_1","ZOrder":0,"actiontag":11403863,"anchorPointX":0.5,"anchorPointY":0.5,"classType":"CocoStudio.EngineAdapterWrap.CSImageView","colorB":255,"colorG":255,"colorR":255,"customProperty":"","flipX":false,"flipY":false,"height":308,"ignoreSize":true,"layoutParameter":null,"opacity":255,"positionPercentX":0.4968153,"positionPercentY":0.5032467,"positionType":0,"rotation":0,"scaleX":1,"scaleY":1,"sizePercentX":1,"sizePercentY":1,"sizeType":0,"tag":10897,"touchAble":false,"useMergedTexture":false,"visible":true,"width":471,"x":234,"y":155,"capInsetsHeight":1,"capInsetsWidth":1,"capInsetsX":0,"capInsetsY":0,"fileName":null,"fileNameData":{"path":"cka001-21.png","plistFile":"","resourceType":0},"scale9Enable":false,"scale9Height":308,"scale9Width":471}}],"options":{"__type":"PanelSurrogate:#EditorCommon.JsonModel.Component.GUI","classname":"Panel","name":"Panel_2","ZOrder":0,"actiontag":-1,"anchorPointX":0,"anchorPointY":0,"classType":"CocoStudio.EngineAdapterWrap.CSPanel","colorB":255,"colorG":255,"colorR":255,"customProperty":"","flipX":false,"flipY":false,"height":308,"ignoreSize":false,"layoutParameter":null,"opacity":255,"positionPercentX":0,"positionPercentY":0,"positionType":0,"rotation":0,"scaleX":1,"scaleY":1,"sizePercentX":1,"sizePercentY":1,"sizeType":0,"tag":10896,"touchAble":true,"useMergedTexture":false,"visible":true,"width":471,"x":0,"y":0,"adaptScreen":false,"backGroundImage":null,"backGroundImageData":null,"backGroundScale9Enable":false,"bgColorB":255,"bgColorG":200,"bgColorOpacity":0,"bgColorR":150,"bgEndColorB":255,"bgEndColorG":200,"bgEndColorR":150,"bgStartColorB":255,"bgStartColorG":255,"bgStartColorR":255,"capInsetsHeight":1,"capInsetsWidth":1,"capInsetsX":0,"capInsetsY":0,"clipAble":false,"colorType":1,"layoutType":0,"vectorX":0,"vectorY":-0.5}}}