{"classname":null,"name":null,"animation":{"classname":null,"name":"AnimationManager","actionlist":[]},"dataScale":1,"designHeight":308,"designWidth":471,"textures":[],"texturesPng":["cwxzbj01-4.png","cka001-21-1-1.png","cka001-22-1.png","cka001-23.png","cka001-24.png","zsgzksko001.png","zsgzksko01.png","daxx01.png","baozi01.png","sdk2.png","zsgzdxzyx04-1.png","zsgzdxzyx04.png","cka001-21-1-2.png","yun0.png","zs008.png","zs0011.png","yxsxann02.png","yxsxann02-1.png","grensx0011-4.png","grensx0011-1.png","grensx0011-2.png","grensx0011-3.png","yxsxann02.png","yxsxann02-1.png","hyyjn4.png","zs0012.png","hyyjn2.png","zs0013.png","hyyjn1.png","hyyjn3.png","zs008.png","cwxzbj01-4.png","hk01.png","next01.png","hk02.png","hk03.png","hk01-2.png","hk01-1.png","jy01-1.png","jy01-2.png","zsgzdxzyx04-1.png","zsgzdxzyx04.png","cwxzbj01-4.png","zsgzdxzyx04-1.png","zsgzdxzyx04.png","zs0014-3.png","zs008.png","zs003.png","zs005.png","zs004.png","zs0014.png","zs0014-2.png","zs0014-1.png","yun0.png","jh1.png","jh2.png","zduix-1.png","jy01-2-0.png","jy01-2-1.png","cwxzbj01-4.png","sl01_2.png","sl01.png","sl01_3.png","cka001-23.png","cka001-24.png","zsgzksko001.png","zsgzksko01.png","sl01_4.png","sl01_5.png","zb05.png","zs005-1.png","rwxt01.png","rwxt03_1.png","zb01.png","zb04.png","zb02.png","zb03.png","bjguang.png","cka001-21-1-2.png","cka001-21-1-1.png","cwxzbj01-4.png","sb01_1.png","sb01_2.png","tyonganiu01.png","tyonganiu00-1.png","zsgzdxzyx04-1.png","zsgzdxzyx04.png","bl01.png","jia000.png","jia02-1.png","baozi01.png","jia00.png","jb01.png","zs01.png","hk07-1.png","hk07.png","cz01.png","jd01.png","txshux01.png","txshux02.png","txshux00.png","txshux03.png","cwxzbj01-4.png","cka001-21-1-1.png","cka001.png","cka001-19.png","cka001-14.png","zs008.png","grensx0011-4.png","zs01.png","cka001-8.png","sl01_1.png","yxtxxiaoq.png","zs005-1.png","zhili01.png","cka001-11.png","cka001-12.png","jb01.png","cka001-2.png","cka001-18.png","cka001-13.png","cka001-7.png","cka001-22-1.png","yun0.png","zduix-3.png","zsgzdxzyx04-1.png","zsgzdxzyx04.png","cka001-15.png","cka001-16.png","cka001-17.png","cka001-21-1-2.png","cka001-21.png","cka001-22.png","cka001-2.png","cka001-23.png","cka001-24.png","cka001-25.png","jb01.png","cka001-21.png","cka001-22.png","cka001-7.png","cka001-23.png","cka001-24.png","cka001-25.png","zs01.png","cka001-21.png","cka001-22.png","cka001-8.png","cka001-23.png","cka001-24.png","cka001-25.png","zs01.png","yxtxxiaoq.png","zs005-1.png","zhili01.png"],"version":"1.6.0.0","widgetTree":{"classname":"Panel","name":null,"children":[{"classname":"ImageView","name":null,"children":[{"classname":"ImageView","name":null,"children":[],"options":{"__type":"ImageViewSurrogate:#EditorCommon.JsonModel.Component.GUI","classname":"ImageView","name":"Image_2","ZOrder":0,"actiontag":53768708,"anchorPointX":0.5,"anchorPointY":0.5,"classType":"CocoStudio.EngineAdapterWrap.CSImageView","colorB":255,"colorG":255,"colorR":255,"customProperty":"","flipX":false,"flipY":false,"height":58,"ignoreSize":true,"layoutParameter":null,"opacity":255,"positionPercentX":0,"positionPercentY":0.373376638,"positionType":0,"rotation":0,"scaleX":0.996270061,"scaleY":0.802955568,"sizePercentX":0.813163459,"sizePercentY":0.188311681,"sizeType":0,"tag":10898,"touchAble":false,"useMergedTexture":false,"visible":true,"width":383,"x":0,"y":115,"capInsetsHeight":1,"capInsetsWidth":1,"capInsetsX":0,"capInsetsY":0,"fileName":null,"fileNameData":{"path":"cka001-22.png","plistFile":"","resourceType":0},"scale9Enable":false,"scale9Height":58,"scale9Width":383}},{"classname":"ImageView","name":null,"children":[],"options":{"__type":"ImageViewSurrogate:#EditorCommon.JsonModel.Component.GUI","classname":"ImageView","name":"Image_3","ZOrder":0,"actiontag":28949261,"anchorPointX":0.5,"anchorPointY":0.5,"classType":"CocoStudio.EngineAdapterWrap.CSImageView","colorB":255,"colorG":255,"colorR":255,"customProperty":"","flipX":false,"flipY":false,"height":49,"ignoreSize":true,"layoutParameter":null,"opacity":255,"positionPercentX":0.00212314236,"positionPercentY":0.376623362,"positionType":0,"rotation":0,"scaleX":0.965953052,"scaleY":0.965953052,"sizePercentX":0.619957566,"sizePercentY":0.1590909,"sizeType":0,"tag":10899,"touchAble":false,"useMergedTexture":false,"visible":true,"width":292,"x":1,"y":116,"capInsetsHeight":1,"capInsetsWidth":1,"capInsetsX":0,"capInsetsY":0,"fileName":null,"fileNameData":{"path":"cka001-8.png","plistFile":"","resourceType":0},"scale9Enable":false,"scale9Height":49,"scale9Width":292}},{"classname":"Button","name":null,"children":[{"classname":"Label","name":null,"children":[],"options":{"__type":"LabelSurrogate:#EditorCommon.JsonModel.Component.GUI","classname":"Label","name":"Label_24","ZOrder":0,"actiontag":18610709,"anchorPointX":0.5,"anchorPointY":0.5,"classType":"CocoStudio.EngineAdapterWrap.CSLabel","colorB":255,"colorG":255,"colorR":255,"customProperty":"","flipX":false,"flipY":false,"height":35,"ignoreSize":true,"layoutParameter":null,"opacity":255,"positionPercentX":0,"positionPercentY":0.0158730168,"positionType":0,"rotation":0,"scaleX":1,"scaleY":1,"sizePercentX":0.422360241,"sizePercentY":0.5555556,"sizeType":0,"tag":13992,"touchAble":false,"useMergedTexture":false,"visible":true,"width":68,"x":0,"y":1,"areaHeight":0,"areaWidth":0,"fontFile":null,"fontName":"微软雅黑","fontSize":26,"hAlignment":0,"text":"刷  新","touchScaleEnable":false,"vAlignment":0}}],"options":{"__type":"ButtonSurrogate:#EditorCommon.JsonModel.Component.GUI","classname":"Button","name":"Button_4_0","ZOrder":0,"actiontag":26389441,"anchorPointX":0.5,"anchorPointY":0.5,"classType":"CocoStudio.EngineAdapterWrap.CSButton","colorB":255,"colorG":255,"colorR":255,"customProperty":"","flipX":false,"flipY":false,"height":63,"ignoreSize":true,"layoutParameter":null,"opacity":255,"positionPercentX":0.212314218,"positionPercentY":-0.357142866,"positionType":0,"rotation":0,"scaleX":1,"scaleY":1,"sizePercentX":0.3418259,"sizePercentY":0.204545453,"sizeType":0,"tag":10904,"touchAble":true,"useMergedTexture":false,"visible":true,"width":161,"x":100,"y":-110,"capInsetsHeight":1,"capInsetsWidth":1,"capInsetsX":0,"capInsetsY":0,"disabled":null,"disabledData":{"path":null,"plistFile":null,"resourceType":0},"fontName":"微软雅黑","fontSize":14,"fontType":0,"normal":null,"normalData":{"path":"cka001-23.png","plistFile":"","resourceType":0},"pressed":null,"pressedData":{"path":"cka001-24.png","plistFile":"","resourceType":0},"scale9Enable":false,"scale9Height":63,"scale9Width":161,"text":"","textColorB":255,"textColorG":255,"textColorR":255}},{"classname":"ImageView","name":null,"children":[{"classname":"ImageView","name":null,"children":[],"options":{"__type":"ImageViewSurrogate:#EditorCommon.JsonModel.Component.GUI","classname":"ImageView","name":"Image_11","ZOrder":0,"actiontag":57583308,"anchorPointX":0.5,"anchorPointY":0.5,"classType":"CocoStudio.EngineAdapterWrap.CSImageView","colorB":255,"colorG":255,"colorR":255,"customProperty":"","flipX":false,"flipY":false,"height":41,"ignoreSize":true,"layoutParameter":null,"opacity":255,"positionPercentX":-0.328671336,"positionPercentY":0,"positionType":0,"rotation":0,"scaleX":0.9073724,"scaleY":0.9073724,"sizePercentX":0.356643349,"sizePercentY":0.95348835,"sizeType":0,"tag":10908,"touchAble":false,"useMergedTexture":false,"visible":true,"width":51,"x":-47,"y":0,"capInsetsHeight":1,"capInsetsWidth":1,"capInsetsX":0,"capInsetsY":0,"fileName":null,"fileNameData":{"path":"zs01.png","plistFile":"","resourceType":0},"scale9Enable":false,"scale9Height":41,"scale9Width":51}},{"classname":"Label","name":null,"children":[],"options":{"__type":"LabelSurrogate:#EditorCommon.JsonModel.Component.GUI","classname":"Label","name":"Label_12","ZOrder":0,"actiontag":65863871,"anchorPointX":0.5,"anchorPointY":0.5,"classType":"CocoStudio.EngineAdapterWrap.CSLabel","colorB":255,"colorG":255,"colorR":255,"customProperty":"","flipX":false,"flipY":false,"height":30,"ignoreSize":true,"layoutParameter":null,"opacity":255,"positionPercentX":0.04895105,"positionPercentY":0,"positionType":0,"rotation":0,"scaleX":1,"scaleY":1,"sizePercentX":0.272727281,"sizePercentY":0.6976744,"sizeType":0,"tag":10909,"touchAble":false,"useMergedTexture":false,"visible":true,"width":39,"x":7,"y":0,"areaHeight":0,"areaWidth":0,"fontFile":null,"fontName":"微软雅黑","fontSize":22,"hAlignment":0,"text":"800","touchScaleEnable":false,"vAlignment":0}}],"options":{"__type":"ImageViewSurrogate:#EditorCommon.JsonModel.Component.GUI","classname":"ImageView","name":"Image_10","ZOrder":0,"actiontag":50413755,"anchorPointX":0.5,"anchorPointY":0.5,"classType":"CocoStudio.EngineAdapterWrap.CSImageView","colorB":255,"colorG":255,"colorR":255,"customProperty":"","flipX":false,"flipY":false,"height":43,"ignoreSize":true,"layoutParameter":null,"opacity":255,"positionPercentX":0.00424628472,"positionPercentY":-0.019480519,"positionType":0,"rotation":0,"scaleX":0.7837045,"scaleY":0.7837045,"sizePercentX":0.303609341,"sizePercentY":0.1396104,"sizeType":0,"tag":10907,"touchAble":false,"useMergedTexture":false,"visible":true,"width":143,"x":2,"y":-6,"capInsetsHeight":1,"capInsetsWidth":1,"capInsetsX":0,"capInsetsY":0,"fileName":null,"fileNameData":{"path":"cka001-25.png","plistFile":"","resourceType":0},"scale9Enable":false,"scale9Height":43,"scale9Width":143}},{"classname":"Label","name":null,"children":[],"options":{"__type":"LabelSurrogate:#EditorCommon.JsonModel.Component.GUI","classname":"Label","name":"Label_82","ZOrder":0,"actiontag":14304161,"anchorPointX":0.5,"anchorPointY":0.5,"classType":"CocoStudio.EngineAdapterWrap.CSLabel","colorB":218,"colorG":6,"colorR":237,"customProperty":"","flipX":false,"flipY":false,"height":25,"ignoreSize":true,"layoutParameter":null,"opacity":255,"positionPercentX":0,"positionPercentY":0.0649350658,"positionType":0,"rotation":0,"scaleX":1,"scaleY":1,"sizePercentX":0.24203822,"sizePercentY":0.08116883,"sizeType":0,"tag":11014,"touchAble":false,"useMergedTexture":false,"visible":true,"width":114,"x":0,"y":20,"areaHeight":0,"areaWidth":0,"fontFile":null,"fontName":"微软雅黑","fontSize":19,"hAlignment":0,"text":"特定的灵魂石","touchScaleEnable":false,"vAlignment":0}},{"classname":"Button","name":null,"children":[{"classname":"Label","name":null,"children":[],"options":{"__type":"LabelSurrogate:#EditorCommon.JsonModel.Component.GUI","classname":"Label","name":"Label_23","ZOrder":0,"actiontag":12480486,"anchorPointX":0.5,"anchorPointY":0.5,"classType":"CocoStudio.EngineAdapterWrap.CSLabel","colorB":255,"colorG":255,"colorR":255,"customProperty":"","flipX":false,"flipY":false,"height":35,"ignoreSize":true,"layoutParameter":null,"opacity":255,"positionPercentX":0.00621118024,"positionPercentY":0.0158730168,"positionType":0,"rotation":0,"scaleX":1,"scaleY":1,"sizePercentX":0.422360241,"sizePercentY":0.5555556,"sizeType":0,"tag":13991,"touchAble":false,"useMergedTexture":false,"visible":true,"width":68,"x":1,"y":1,"areaHeight":0,"areaWidth":0,"fontFile":null,"fontName":"微软雅黑","fontSize":26,"hAlignment":0,"text":"购  买","touchScaleEnable":false,"vAlignment":0}}],"options":{"__type":"ButtonSurrogate:#EditorCommon.JsonModel.Component.GUI","classname":"Button","name":"Button_4_0_0","ZOrder":0,"actiontag":60557318,"anchorPointX":0.5,"anchorPointY":0.5,"classType":"CocoStudio.EngineAdapterWrap.CSButton","colorB":255,"colorG":255,"colorR":255,"customProperty":"","flipX":false,"flipY":false,"height":63,"ignoreSize":true,"layoutParameter":null,"opacity":255,"positionPercentX":-0.214437366,"positionPercentY":-0.36038962,"positionType":0,"rotation":0,"scaleX":1,"scaleY":1,"sizePercentX":0.3418259,"sizePercentY":0.204545453,"sizeType":0,"tag":11017,"touchAble":true,"useMergedTexture":false,"visible":true,"width":161,"x":-101,"y":-111,"capInsetsHeight":1,"capInsetsWidth":1,"capInsetsX":0,"capInsetsY":0,"disabled":null,"disabledData":{"path":null,"plistFile":null,"resourceType":0},"fontName":"微软雅黑","fontSize":14,"fontType":0,"normal":null,"normalData":{"path":"cka001-23.png","plistFile":"","resourceType":0},"pressed":null,"pressedData":{"path":"cka001-24.png","plistFile":"","resourceType":0},"scale9Enable":false,"scale9Height":63,"scale9Width":161,"text":"","textColorB":255,"textColorG":255,"textColorR":255}}],"options":{"__type":"ImageViewSurrogate:#EditorCommon.JsonModel.Component.GUI","classname":"ImageView","name":"Image_1","ZOrder":0,"actiontag":11403863,"anchorPointX":0.5,"anchorPointY":0.5,"classType":"CocoStudio.EngineAdapterWrap.CSImageView","colorB":255,"colorG":255,"colorR":255,"customProperty":"","flipX":false,"flipY":false,"height":308,"ignoreSize":true,"layoutParameter":null,"opacity":255,"positionPercentX":0.4968153,"positionPercentY":0.5032467,"positionType":0,"rotation":0,"scaleX":1,"scaleY":1,"sizePercentX":1,"sizePercentY":1,"sizeType":0,"tag":10897,"touchAble":false,"useMergedTexture":false,"visible":true,"width":471,"x":234,"y":155,"capInsetsHeight":1,"capInsetsWidth":1,"capInsetsX":0,"capInsetsY":0,"fileName":null,"fileNameData":{"path":"cka001-21.png","plistFile":"","resourceType":0},"scale9Enable":false,"scale9Height":308,"scale9Width":471}},{"classname":"ImageView","name":null,"children":[],"options":{"__type":"ImageViewSurrogate:#EditorCommon.JsonModel.Component.GUI","classname":"ImageView","name":"Image_83_0_0","ZOrder":0,"actiontag":9187268,"anchorPointX":0.5,"anchorPointY":0.5,"classType":"CocoStudio.EngineAdapterWrap.CSImageView","colorB":255,"colorG":255,"colorR":255,"customProperty":"","flipX":false,"flipY":false,"height":118,"ignoreSize":true,"layoutParameter":null,"opacity":255,"positionPercentX":0.360934168,"positionPercentY":0.334415585,"positionType":0,"rotation":0,"scaleX":0.43471247,"scaleY":0.43471247,"sizePercentX":0.2611465,"sizePercentY":0.383116871,"sizeType":0,"tag":10951,"touchAble":false,"useMergedTexture":false,"visible":true,"width":123,"x":170,"y":103,"capInsetsHeight":1,"capInsetsWidth":1,"capInsetsX":0,"capInsetsY":0,"fileName":null,"fileNameData":{"path":"yxtxxiaoq.png","plistFile":"","resourceType":0},"scale9Enable":false,"scale9Height":118,"scale9Width":123}},{"classname":"ImageView","name":null,"children":[{"classname":"ImageView","name":null,"children":[],"options":{"__type":"ImageViewSurrogate:#EditorCommon.JsonModel.Component.GUI","classname":"ImageView","name":"Image_84","ZOrder":0,"actiontag":33790442,"anchorPointX":0.5,"anchorPointY":0.5,"classType":"CocoStudio.EngineAdapterWrap.CSImageView","colorB":255,"colorG":255,"colorR":255,"customProperty":"","flipX":false,"flipY":false,"height":122,"ignoreSize":true,"layoutParameter":null,"opacity":255,"positionPercentX":0.358208954,"positionPercentY":0.3129771,"positionType":0,"rotation":0,"scaleX":0.3954917,"scaleY":0.3954917,"sizePercentX":0.9104478,"sizePercentY":0.9312977,"sizeType":0,"tag":10953,"touchAble":false,"useMergedTexture":false,"visible":true,"width":122,"x":48,"y":41,"capInsetsHeight":1,"capInsetsWidth":1,"capInsetsX":0,"capInsetsY":0,"fileName":null,"fileNameData":{"path":"zhili01.png","plistFile":"","resourceType":0},"scale9Enable":false,"scale9Height":122,"scale9Width":122}}],"options":{"__type":"ImageViewSurrogate:#EditorCommon.JsonModel.Component.GUI","classname":"ImageView","name":"Image_82_0_0","ZOrder":1,"actiontag":41037195,"anchorPointX":0.5,"anchorPointY":0.5,"classType":"CocoStudio.EngineAdapterWrap.CSImageView","colorB":255,"colorG":255,"colorR":255,"customProperty":"","flipX":false,"flipY":false,"height":131,"ignoreSize":true,"layoutParameter":null,"opacity":255,"positionPercentX":0.360934168,"positionPercentY":0.337662339,"positionType":0,"rotation":0,"scaleX":0.43471247,"scaleY":0.43471247,"sizePercentX":0.284501076,"sizePercentY":0.425324678,"sizeType":0,"tag":10952,"touchAble":false,"useMergedTexture":false,"visible":true,"width":134,"x":170,"y":104,"capInsetsHeight":1,"capInsetsWidth":1,"capInsetsX":0,"capInsetsY":0,"fileName":null,"fileNameData":{"path":"zs005-1.png","plistFile":"","resourceType":0},"scale9Enable":false,"scale9Height":131,"scale9Width":134}},{"classname":"ImageView","name":null,"children":[],"options":{"__type":"ImageViewSurrogate:#EditorCommon.JsonModel.Component.GUI","classname":"ImageView","name":"Image_83_0_0_1","ZOrder":0,"actiontag":7077291,"anchorPointX":0.5,"anchorPointY":0.5,"classType":"CocoStudio.EngineAdapterWrap.CSImageView","colorB":255,"colorG":255,"colorR":255,"customProperty":"","flipX":false,"flipY":false,"height":118,"ignoreSize":true,"layoutParameter":null,"opacity":255,"positionPercentX":0.490445852,"positionPercentY":0.6980519,"positionType":0,"rotation":0,"scaleX":0.43471247,"scaleY":0.43471247,"sizePercentX":0.2611465,"sizePercentY":0.383116871,"sizeType":0,"tag":10967,"touchAble":false,"useMergedTexture":false,"visible":true,"width":123,"x":231,"y":215,"capInsetsHeight":1,"capInsetsWidth":1,"capInsetsX":0,"capInsetsY":0,"fileName":null,"fileNameData":{"path":"yxtxxiaoq.png","plistFile":"","resourceType":0},"scale9Enable":false,"scale9Height":118,"scale9Width":123}},{"classname":"ImageView","name":null,"children":[{"classname":"ImageView","name":null,"children":[],"options":{"__type":"ImageViewSurrogate:#EditorCommon.JsonModel.Component.GUI","classname":"ImageView","name":"Image_84","ZOrder":0,"actiontag":4276297,"anchorPointX":0.5,"anchorPointY":0.5,"classType":"CocoStudio.EngineAdapterWrap.CSImageView","colorB":255,"colorG":255,"colorR":255,"customProperty":"","flipX":false,"flipY":false,"height":122,"ignoreSize":true,"layoutParameter":null,"opacity":255,"positionPercentX":0.358208954,"positionPercentY":0.3129771,"positionType":0,"rotation":0,"scaleX":0.3954917,"scaleY":0.3954917,"sizePercentX":0.9104478,"sizePercentY":0.9312977,"sizeType":0,"tag":10969,"touchAble":false,"useMergedTexture":false,"visible":true,"width":122,"x":48,"y":41,"capInsetsHeight":1,"capInsetsWidth":1,"capInsetsX":0,"capInsetsY":0,"fileName":null,"fileNameData":{"path":"zhili01.png","plistFile":"","resourceType":0},"scale9Enable":false,"scale9Height":122,"scale9Width":122}}],"options":{"__type":"ImageViewSurrogate:#EditorCommon.JsonModel.Component.GUI","classname":"ImageView","name":"Image_82_0_0_1","ZOrder":1,"actiontag":61882777,"anchorPointX":0.5,"anchorPointY":0.5,"classType":"CocoStudio.EngineAdapterWrap.CSImageView","colorB":255,"colorG":255,"colorR":255,"customProperty":"","flipX":false,"flipY":false,"height":131,"ignoreSize":true,"layoutParameter":null,"opacity":255,"positionPercentX":0.490445852,"positionPercentY":0.7012987,"positionType":0,"rotation":0,"scaleX":0.43471247,"scaleY":0.43471247,"sizePercentX":0.284501076,"sizePercentY":0.425324678,"sizeType":0,"tag":10968,"touchAble":false,"useMergedTexture":false,"visible":true,"width":134,"x":231,"y":216,"capInsetsHeight":1,"capInsetsWidth":1,"capInsetsX":0,"capInsetsY":0,"fileName":null,"fileNameData":{"path":"zs005-1.png","plistFile":"","resourceType":0},"scale9Enable":false,"scale9Height":131,"scale9Width":134}},{"classname":"ImageView","name":null,"children":[],"options":{"__type":"ImageViewSurrogate:#EditorCommon.JsonModel.Component.GUI","classname":"ImageView","name":"Image_83_0_0_2","ZOrder":0,"actiontag":6849025,"anchorPointX":0.5,"anchorPointY":0.5,"classType":"CocoStudio.EngineAdapterWrap.CSImageView","colorB":255,"colorG":255,"colorR":255,"customProperty":"","flipX":false,"flipY":false,"height":118,"ignoreSize":true,"layoutParameter":null,"opacity":255,"positionPercentX":0.796178341,"positionPercentY":0.33116883,"positionType":0,"rotation":0,"scaleX":0.43471247,"scaleY":0.43471247,"sizePercentX":0.2611465,"sizePercentY":0.383116871,"sizeType":0,"tag":10973,"touchAble":false,"useMergedTexture":false,"visible":true,"width":123,"x":375,"y":102,"capInsetsHeight":1,"capInsetsWidth":1,"capInsetsX":0,"capInsetsY":0,"fileName":null,"fileNameData":{"path":"yxtxxiaoq.png","plistFile":"","resourceType":0},"scale9Enable":false,"scale9Height":118,"scale9Width":123}},{"classname":"ImageView","name":null,"children":[{"classname":"ImageView","name":null,"children":[],"options":{"__type":"ImageViewSurrogate:#EditorCommon.JsonModel.Component.GUI","classname":"ImageView","name":"Image_84","ZOrder":0,"actiontag":6213777,"anchorPointX":0.5,"anchorPointY":0.5,"classType":"CocoStudio.EngineAdapterWrap.CSImageView","colorB":255,"colorG":255,"colorR":255,"customProperty":"","flipX":false,"flipY":false,"height":122,"ignoreSize":true,"layoutParameter":null,"opacity":255,"positionPercentX":0.402985066,"positionPercentY":0.335877866,"positionType":0,"rotation":0,"scaleX":0.3954917,"scaleY":0.3954917,"sizePercentX":0.9104478,"sizePercentY":0.9312977,"sizeType":0,"tag":10975,"touchAble":false,"useMergedTexture":false,"visible":true,"width":122,"x":54,"y":44,"capInsetsHeight":1,"capInsetsWidth":1,"capInsetsX":0,"capInsetsY":0,"fileName":null,"fileNameData":{"path":"zhili01.png","plistFile":"","resourceType":0},"scale9Enable":false,"scale9Height":122,"scale9Width":122}}],"options":{"__type":"ImageViewSurrogate:#EditorCommon.JsonModel.Component.GUI","classname":"ImageView","name":"Image_82_0_0_2","ZOrder":1,"actiontag":40628352,"anchorPointX":0.5,"anchorPointY":0.5,"classType":"CocoStudio.EngineAdapterWrap.CSImageView","colorB":255,"colorG":255,"colorR":255,"customProperty":"","flipX":false,"flipY":false,"height":131,"ignoreSize":true,"layoutParameter":null,"opacity":255,"positionPercentX":0.7940552,"positionPercentY":0.334415585,"positionType":0,"rotation":0,"scaleX":0.43471247,"scaleY":0.43471247,"sizePercentX":0.284501076,"sizePercentY":0.425324678,"sizeType":0,"tag":10974,"touchAble":false,"useMergedTexture":false,"visible":true,"width":134,"x":374,"y":103,"capInsetsHeight":1,"capInsetsWidth":1,"capInsetsX":0,"capInsetsY":0,"fileName":null,"fileNameData":{"path":"zs005-1.png","plistFile":"","resourceType":0},"scale9Enable":false,"scale9Height":131,"scale9Width":134}},{"classname":"ImageView","name":null,"children":[],"options":{"__type":"ImageViewSurrogate:#EditorCommon.JsonModel.Component.GUI","classname":"ImageView","name":"Image_83_0_0_2_3","ZOrder":0,"actiontag":24546362,"anchorPointX":0.5,"anchorPointY":0.5,"classType":"CocoStudio.EngineAdapterWrap.CSImageView","colorB":255,"colorG":255,"colorR":255,"customProperty":"","flipX":false,"flipY":false,"height":118,"ignoreSize":true,"layoutParameter":null,"opacity":255,"positionPercentX":0.210191086,"positionPercentY":0.334415585,"positionType":0,"rotation":0,"scaleX":0.4300697,"scaleY":0.4300697,"sizePercentX":0.2611465,"sizePercentY":0.383116871,"sizeType":0,"tag":10987,"touchAble":false,"useMergedTexture":false,"visible":true,"width":123,"x":99,"y":103,"capInsetsHeight":1,"capInsetsWidth":1,"capInsetsX":0,"capInsetsY":0,"fileName":null,"fileNameData":{"path":"yxtxxiaoq.png","plistFile":"","resourceType":0},"scale9Enable":false,"scale9Height":118,"scale9Width":123}},{"classname":"ImageView","name":null,"children":[{"classname":"ImageView","name":null,"children":[],"options":{"__type":"ImageViewSurrogate:#EditorCommon.JsonModel.Component.GUI","classname":"ImageView","name":"Image_84","ZOrder":0,"actiontag":43340713,"anchorPointX":0.5,"anchorPointY":0.5,"classType":"CocoStudio.EngineAdapterWrap.CSImageView","colorB":255,"colorG":255,"colorR":255,"customProperty":"","flipX":false,"flipY":false,"height":122,"ignoreSize":true,"layoutParameter":null,"opacity":255,"positionPercentX":0.358208954,"positionPercentY":0.3129771,"positionType":0,"rotation":0,"scaleX":0.3954917,"scaleY":0.3954917,"sizePercentX":0.9104478,"sizePercentY":0.9312977,"sizeType":0,"tag":10989,"touchAble":false,"useMergedTexture":false,"visible":true,"width":122,"x":48,"y":41,"capInsetsHeight":1,"capInsetsWidth":1,"capInsetsX":0,"capInsetsY":0,"fileName":null,"fileNameData":{"path":"zhili01.png","plistFile":"","resourceType":0},"scale9Enable":false,"scale9Height":122,"scale9Width":122}}],"options":{"__type":"ImageViewSurrogate:#EditorCommon.JsonModel.Component.GUI","classname":"ImageView","name":"Image_82_0_0_2_3","ZOrder":1,"actiontag":42098337,"anchorPointX":0.5,"anchorPointY":0.5,"classType":"CocoStudio.EngineAdapterWrap.CSImageView","colorB":255,"colorG":255,"colorR":255,"customProperty":"","flipX":false,"flipY":false,"height":131,"ignoreSize":true,"layoutParameter":null,"opacity":255,"positionPercentX":0.210191086,"positionPercentY":0.337662339,"positionType":0,"rotation":0,"scaleX":0.4300697,"scaleY":0.4300697,"sizePercentX":0.284501076,"sizePercentY":0.425324678,"sizeType":0,"tag":10988,"touchAble":false,"useMergedTexture":false,"visible":true,"width":134,"x":99,"y":104,"capInsetsHeight":1,"capInsetsWidth":1,"capInsetsX":0,"capInsetsY":0,"fileName":null,"fileNameData":{"path":"zs005-1.png","plistFile":"","resourceType":0},"scale9Enable":false,"scale9Height":131,"scale9Width":134}},{"classname":"ImageView","name":null,"children":[],"options":{"__type":"ImageViewSurrogate:#EditorCommon.JsonModel.Component.GUI","classname":"ImageView","name":"Image_83_0_0_2_4","ZOrder":0,"actiontag":1784723,"anchorPointX":0.5,"anchorPointY":0.5,"classType":"CocoStudio.EngineAdapterWrap.CSImageView","colorB":255,"colorG":255,"colorR":255,"customProperty":"","flipX":false,"flipY":false,"height":118,"ignoreSize":true,"layoutParameter":null,"opacity":255,"positionPercentX":0.505307853,"positionPercentY":0.334415585,"positionType":0,"rotation":0,"scaleX":0.4300697,"scaleY":0.4300697,"sizePercentX":0.2611465,"sizePercentY":0.383116871,"sizeType":0,"tag":10999,"touchAble":false,"useMergedTexture":false,"visible":true,"width":123,"x":238,"y":103,"capInsetsHeight":1,"capInsetsWidth":1,"capInsetsX":0,"capInsetsY":0,"fileName":null,"fileNameData":{"path":"yxtxxiaoq.png","plistFile":"","resourceType":0},"scale9Enable":false,"scale9Height":118,"scale9Width":123}},{"classname":"ImageView","name":null,"children":[{"classname":"ImageView","name":null,"children":[],"options":{"__type":"ImageViewSurrogate:#EditorCommon.JsonModel.Component.GUI","classname":"ImageView","name":"Image_84","ZOrder":0,"actiontag":25995073,"anchorPointX":0.5,"anchorPointY":0.5,"classType":"CocoStudio.EngineAdapterWrap.CSImageView","colorB":255,"colorG":255,"colorR":255,"customProperty":"","flipX":false,"flipY":false,"height":122,"ignoreSize":true,"layoutParameter":null,"opacity":255,"positionPercentX":0.358208954,"positionPercentY":0.3129771,"positionType":0,"rotation":0,"scaleX":0.3954917,"scaleY":0.3954917,"sizePercentX":0.9104478,"sizePercentY":0.9312977,"sizeType":0,"tag":11001,"touchAble":false,"useMergedTexture":false,"visible":true,"width":122,"x":48,"y":41,"capInsetsHeight":1,"capInsetsWidth":1,"capInsetsX":0,"capInsetsY":0,"fileName":null,"fileNameData":{"path":"zhili01.png","plistFile":"","resourceType":0},"scale9Enable":false,"scale9Height":122,"scale9Width":122}}],"options":{"__type":"ImageViewSurrogate:#EditorCommon.JsonModel.Component.GUI","classname":"ImageView","name":"Image_82_0_0_2_4","ZOrder":1,"actiontag":10344881,"anchorPointX":0.5,"anchorPointY":0.5,"classType":"CocoStudio.EngineAdapterWrap.CSImageView","colorB":255,"colorG":255,"colorR":255,"customProperty":"","flipX":false,"flipY":false,"height":131,"ignoreSize":true,"layoutParameter":null,"opacity":255,"positionPercentX":0.505307853,"positionPercentY":0.337662339,"positionType":0,"rotation":0,"scaleX":0.4300697,"scaleY":0.4300697,"sizePercentX":0.284501076,"sizePercentY":0.425324678,"sizeType":0,"tag":11000,"touchAble":false,"useMergedTexture":false,"visible":true,"width":134,"x":238,"y":104,"capInsetsHeight":1,"capInsetsWidth":1,"capInsetsX":0,"capInsetsY":0,"fileName":null,"fileNameData":{"path":"zs005-1.png","plistFile":"","resourceType":0},"scale9Enable":false,"scale9Height":131,"scale9Width":134}},{"classname":"ImageView","name":null,"children":[],"options":{"__type":"ImageViewSurrogate:#EditorCommon.JsonModel.Component.GUI","classname":"ImageView","name":"Image_83_0_0_2_5","ZOrder":0,"actiontag":2645006,"anchorPointX":0.5,"anchorPointY":0.5,"classType":"CocoStudio.EngineAdapterWrap.CSImageView","colorB":255,"colorG":255,"colorR":255,"customProperty":"","flipX":false,"flipY":false,"height":118,"ignoreSize":true,"layoutParameter":null,"opacity":255,"positionPercentX":0.6496815,"positionPercentY":0.33116883,"positionType":0,"rotation":0,"scaleX":0.4300697,"scaleY":0.4300697,"sizePercentX":0.2611465,"sizePercentY":0.383116871,"sizeType":0,"tag":11028,"touchAble":false,"useMergedTexture":false,"visible":true,"width":123,"x":306,"y":102,"capInsetsHeight":1,"capInsetsWidth":1,"capInsetsX":0,"capInsetsY":0,"fileName":null,"fileNameData":{"path":"yxtxxiaoq.png","plistFile":"","resourceType":0},"scale9Enable":false,"scale9Height":118,"scale9Width":123}},{"classname":"ImageView","name":null,"children":[{"classname":"ImageView","name":null,"children":[],"options":{"__type":"ImageViewSurrogate:#EditorCommon.JsonModel.Component.GUI","classname":"ImageView","name":"Image_84","ZOrder":0,"actiontag":49161866,"anchorPointX":0.5,"anchorPointY":0.5,"classType":"CocoStudio.EngineAdapterWrap.CSImageView","colorB":255,"colorG":255,"colorR":255,"customProperty":"","flipX":false,"flipY":false,"height":122,"ignoreSize":true,"layoutParameter":null,"opacity":255,"positionPercentX":0.358208954,"positionPercentY":0.3129771,"positionType":0,"rotation":0,"scaleX":0.3954917,"scaleY":0.3954917,"sizePercentX":0.9104478,"sizePercentY":0.9312977,"sizeType":0,"tag":11030,"touchAble":false,"useMergedTexture":false,"visible":true,"width":122,"x":48,"y":41,"capInsetsHeight":1,"capInsetsWidth":1,"capInsetsX":0,"capInsetsY":0,"fileName":null,"fileNameData":{"path":"zhili01.png","plistFile":"","resourceType":0},"scale9Enable":false,"scale9Height":122,"scale9Width":122}}],"options":{"__type":"ImageViewSurrogate:#EditorCommon.JsonModel.Component.GUI","classname":"ImageView","name":"Image_82_0_0_2_5","ZOrder":1,"actiontag":12918970,"anchorPointX":0.5,"anchorPointY":0.5,"classType":"CocoStudio.EngineAdapterWrap.CSImageView","colorB":255,"colorG":255,"colorR":255,"customProperty":"","flipX":false,"flipY":false,"height":131,"ignoreSize":true,"layoutParameter":null,"opacity":255,"positionPercentX":0.6496815,"positionPercentY":0.334415585,"positionType":0,"rotation":0,"scaleX":0.4300697,"scaleY":0.4300697,"sizePercentX":0.284501076,"sizePercentY":0.425324678,"sizeType":0,"tag":11029,"touchAble":false,"useMergedTexture":false,"visible":true,"width":134,"x":306,"y":103,"capInsetsHeight":1,"capInsetsWidth":1,"capInsetsX":0,"capInsetsY":0,"fileName":null,"fileNameData":{"path":"zs005-1.png","plistFile":"","resourceType":0},"scale9Enable":false,"scale9Height":131,"scale9Width":134}}],"options":{"__type":"PanelSurrogate:#EditorCommon.JsonModel.Component.GUI","classname":"Panel","name":"Panel_2","ZOrder":0,"actiontag":-1,"anchorPointX":0,"anchorPointY":0,"classType":"CocoStudio.EngineAdapterWrap.CSPanel","colorB":255,"colorG":255,"colorR":255,"customProperty":"","flipX":false,"flipY":false,"height":308,"ignoreSize":false,"layoutParameter":null,"opacity":255,"positionPercentX":0,"positionPercentY":0,"positionType":0,"rotation":0,"scaleX":1,"scaleY":1,"sizePercentX":1,"sizePercentY":1,"sizeType":0,"tag":10896,"touchAble":true,"useMergedTexture":false,"visible":true,"width":471,"x":0,"y":0,"adaptScreen":false,"backGroundImage":null,"backGroundImageData":null,"backGroundScale9Enable":false,"bgColorB":255,"bgColorG":200,"bgColorOpacity":0,"bgColorR":150,"bgEndColorB":255,"bgEndColorG":200,"bgEndColorR":150,"bgStartColorB":255,"bgStartColorG":255,"bgStartColorR":255,"capInsetsHeight":1,"capInsetsWidth":1,"capInsetsX":0,"capInsetsY":0,"clipAble":false,"colorType":1,"layoutType":0,"vectorX":0,"vectorY":-0.5}}}