{"classname":null,"name":null,"animation":{"classname":null,"name":"AnimationManager","actionlist":[]},"dataScale":1,"designHeight":640,"designWidth":1136,"textures":[],"texturesPng":["cwxzbj01-4.png","cka001-21-1-1.png","cka001-22-1.png","cka001-23.png","cka001-24.png","zsgzksko001.png","zsgzksko01.png","daxx01.png","baozi01.png","sdk2.png","zsgzdxzyx04-1.png","zsgzdxzyx04.png","cka001-21-1-2.png","yun0.png","zs008.png","zs0011.png","yxsxann02.png","yxsxann02-1.png","grensx0011-4.png","grensx0011-1.png","grensx0011-2.png","grensx0011-3.png","yxsxann02.png","yxsxann02-1.png","hyyjn4.png","zs0012.png","hyyjn2.png","zs0013.png","hyyjn1.png","hyyjn3.png","zs008.png","cwxzbj01-4.png","hk01.png","next01.png","hk02.png","hk03.png","hk01-2.png","hk01-1.png","jy01-1.png","jy01-2.png","zsgzdxzyx04-1.png","zsgzdxzyx04.png","cwxzbj01-4.png","zsgzdxzyx04-1.png","zsgzdxzyx04.png","zs0014-3.png","zs008.png","zs003.png","zs005.png","zs004.png","zs0014.png","zs0014-2.png","zs0014-1.png","yun0.png","jh1.png","jh2.png","zduix-1.png","jy01-2-0.png","jy01-2-1.png","cwxzbj01-4.png","sl01_2.png","sl01.png","sl01_3.png","cka001-23.png","cka001-24.png","zsgzksko001.png","zsgzksko01.png","sl01_4.png","sl01_5.png","zb05.png","zs005-1.png","rwxt01.png","rwxt03_1.png","zb01.png","zb04.png","zb02.png","zb03.png","bjguang.png","cka001-21-1-2.png","cka001-21-1-1.png","cwxzbj01-4.png","sb01_1.png","sb01_2.png","tyonganiu01.png","tyonganiu00-1.png","zsgzdxzyx04-1.png","zsgzdxzyx04.png","bl01.png","jia000.png","jia02-1.png","baozi01.png","jia00.png","jb01.png","zs01.png","hk07-1.png","hk07.png","cz01.png","jd01.png","txshux01.png","txshux02.png","txshux00.png","txshux03.png","cwxzbj01-4.png","cka001-21-1-1.png","cka001.png","cka001-19.png","cka001-14.png","zs008.png","grensx0011-4.png","zs01.png","cka001-8.png","sl01_1.png","yxtxxiaoq.png","zs005-1.png","zhili01.png","cka001-11.png","cka001-12.png","jb01.png","cka001-2.png","cka001-18.png","cka001-13.png","cka001-7.png","cka001-22-1.png","yun0.png","zduix-3.png","zsgzdxzyx04-1.png","zsgzdxzyx04.png","cka001-15.png","cka001-16.png","cka001-17.png","cka001-21-1-2.png","cka001-21.png","cka001-22.png","cka001-2.png","cka001-23.png","cka001-24.png","cka001-25.png","jb01.png","cka001-21.png","cka001-22.png","cka001-7.png","cka001-23.png","cka001-24.png","cka001-25.png","zs01.png","cka001-21.png","cka001-22.png","cka001-8.png","cka001-23.png","cka001-24.png","cka001-25.png","zs01.png","yxtxxiaoq.png","zs005-1.png","zhili01.png","cwxzbj01-4.png","XG01.png","XZXX01-1.png","xiaoq-1.png","lv.png","XZXX01.png","XZ0-12.png","bjguang.png","XZ0-13.png","XZ0-14.png","XZ0-15.png","hudie24.png","shui001.png","cwxzbj01-5.png","zs003.png","zs008.png","zs009.png","zs010.png","zb04.png","zb01.png","zb03.png","zb02.png","zb05.png","yxsxann02.png","yxsxann02-1.png","grensx0011-1.png","cwxzbj01-4.png","XZXX01-1.png","xiaoq-1.png","lv.png","zs007.png","zs006.png","XG01.png","cwxzbj01-5.png","zhili01.png","zs001.png","zs002.png","XZXX01.png","yxsxann00.png","yxsxann01.png","yxsxann02.png","yxsxann02-1.png","grensx0011-5.png","zduix-2.png","zsgzdxzyx04-1.png","zsgzdxzyx04.png","hk01-4.png","hk01-3.png","hk05.png","hk001.png","hk001_1.png","hk002.png","hk002_1.png","hk003.png","hk003_1.png","hk004.png","hk004-1.png","hk005.png","hk005_1.png","hk006.png","hk006_1.png","hk007.png","hk007_1.png","rw.png","cwxzbj01-4.png","zs007.png","zs006.png","yun0.png","XZXX01-1.png","xiaomlong.png","lv.png","zs0011.png","XG01.png","cw.png","zs001.png","zs002.png","XZXX01.png","zsgzdxzyx04-1.png","zsgzdxzyx04.png"],"version":"1.6.0.0","widgetTree":{"classname":"Panel","name":null,"children":[{"classname":"ImageView","name":null,"children":[],"options":{"__type":"ImageViewSurrogate:#EditorCommon.JsonModel.Component.GUI","classname":"ImageView","name":"Image_17","ZOrder":0,"actiontag":41866219,"anchorPointX":0.5,"anchorPointY":0.5,"classType":"CocoStudio.EngineAdapterWrap.CSImageView","colorB":255,"colorG":255,"colorR":255,"customProperty":"","flipX":false,"flipY":false,"height":569,"ignoreSize":true,"layoutParameter":null,"opacity":255,"positionPercentX":0.2931338,"positionPercentY":0.5109375,"positionType":0,"rotation":0,"scaleX":1,"scaleY":1,"sizePercentX":0.4427817,"sizePercentY":0.8890625,"sizeType":0,"tag":7810,"touchAble":false,"useMergedTexture":false,"visible":true,"width":503,"x":333,"y":327,"capInsetsHeight":1,"capInsetsWidth":1,"capInsetsX":0,"capInsetsY":0,"fileName":null,"fileNameData":{"path":"zs007.png","plistFile":"","resourceType":0},"scale9Enable":false,"scale9Height":569,"scale9Width":503}},{"classname":"ImageView","name":null,"children":[{"classname":"ImageView","name":null,"children":[],"options":{"__type":"ImageViewSurrogate:#EditorCommon.JsonModel.Component.GUI","classname":"ImageView","name":"Image_104_0_0","ZOrder":1,"actiontag":11757528,"anchorPointX":0.5,"anchorPointY":0.5,"classType":"CocoStudio.EngineAdapterWrap.CSImageView","colorB":255,"colorG":255,"colorR":255,"customProperty":"","flipX":false,"flipY":false,"height":39,"ignoreSize":true,"layoutParameter":null,"opacity":126,"positionPercentX":0.3447619,"positionPercentY":0.0133555923,"positionType":0,"rotation":0,"scaleX":0.6492462,"scaleY":0.6492462,"sizePercentX":0.113333337,"sizePercentY":0.0651085153,"sizeType":0,"tag":15827,"touchAble":false,"useMergedTexture":false,"visible":true,"width":119,"x":362,"y":8,"capInsetsHeight":1,"capInsetsWidth":1,"capInsetsX":0,"capInsetsY":0,"fileName":null,"fileNameData":{"path":"yun0.png","plistFile":"","resourceType":0},"scale9Enable":false,"scale9Height":39,"scale9Width":119}},{"classname":"ImageView","name":null,"children":[{"classname":"ImageView","name":null,"children":[],"options":{"__type":"ImageViewSurrogate:#EditorCommon.JsonModel.Component.GUI","classname":"ImageView","name":"Image_10","ZOrder":0,"actiontag":20198506,"anchorPointX":0.5,"anchorPointY":0.5,"classType":"CocoStudio.EngineAdapterWrap.CSImageView","colorB":255,"colorG":255,"colorR":255,"customProperty":"","flipX":false,"flipY":false,"height":80,"ignoreSize":true,"layoutParameter":null,"opacity":255,"positionPercentX":-0.2754717,"positionPercentY":0,"positionType":0,"rotation":0,"scaleX":0.478715867,"scaleY":0.523747,"sizePercentX":0.8679245,"sizePercentY":1.33333337,"sizeType":0,"tag":15677,"touchAble":false,"useMergedTexture":false,"visible":true,"width":230,"x":-73,"y":0,"capInsetsHeight":1,"capInsetsWidth":1,"capInsetsX":0,"capInsetsY":0,"fileName":null,"fileNameData":{"path":"xiaomlong.png","plistFile":"","resourceType":0},"scale9Enable":false,"scale9Height":80,"scale9Width":230}},{"classname":"ImageView","name":null,"children":[],"options":{"__type":"ImageViewSurrogate:#EditorCommon.JsonModel.Component.GUI","classname":"ImageView","name":"Image_20","ZOrder":0,"actiontag":47568834,"anchorPointX":0.5,"anchorPointY":0.5,"classType":"CocoStudio.EngineAdapterWrap.CSImageView","colorB":255,"colorG":255,"colorR":255,"customProperty":"","flipX":false,"flipY":false,"height":32,"ignoreSize":true,"layoutParameter":null,"opacity":255,"positionPercentX":0.02264151,"positionPercentY":0.0166666675,"positionType":0,"rotation":0,"scaleX":0.744300842,"scaleY":0.7443005,"sizePercentX":0.192452833,"sizePercentY":0.533333361,"sizeType":0,"tag":15678,"touchAble":false,"useMergedTexture":false,"visible":true,"width":51,"x":6,"y":1,"capInsetsHeight":1,"capInsetsWidth":1,"capInsetsX":0,"capInsetsY":0,"fileName":null,"fileNameData":{"path":"lv.png","plistFile":"","resourceType":0},"scale9Enable":false,"scale9Height":32,"scale9Width":51}},{"classname":"LabelAtlas","name":null,"children":[],"options":{"__type":"LabelAtlasSurrogate:#EditorCommon.JsonModel.Component.GUI","classname":"LabelAtlas","name":"AtlasLabel_27","ZOrder":0,"actiontag":25466328,"anchorPointX":0.5,"anchorPointY":0.5,"classType":"CocoStudio.EngineAdapterWrap.CSLabelAtlas","colorB":255,"colorG":255,"colorR":255,"customProperty":"","flipX":false,"flipY":false,"height":32,"ignoreSize":true,"layoutParameter":null,"opacity":255,"positionPercentX":0.173584908,"positionPercentY":0,"positionType":0,"rotation":0,"scaleX":0.7784093,"scaleY":0.7784093,"sizePercentX":0.188679248,"sizePercentY":0.533333361,"sizeType":0,"tag":15679,"touchAble":false,"useMergedTexture":false,"visible":true,"width":50,"x":46,"y":0,"charMapFile":null,"charMapFileData":{"path":"lv01.png","plistFile":"","resourceType":0},"itemHeight":32,"itemWidth":25,"startCharMap":"0","stringValue":"20"}}],"options":{"__type":"ImageViewSurrogate:#EditorCommon.JsonModel.Component.GUI","classname":"ImageView","name":"Image_4_0","ZOrder":1,"actiontag":45004589,"anchorPointX":0.5,"anchorPointY":0.5,"classType":"CocoStudio.EngineAdapterWrap.CSImageView","colorB":255,"colorG":255,"colorR":255,"customProperty":"","flipX":false,"flipY":false,"height":60,"ignoreSize":true,"layoutParameter":null,"opacity":194,"positionPercentX":-0.22857143,"positionPercentY":-0.387312174,"positionType":0,"rotation":0,"scaleX":1.04280853,"scaleY":0.8625399,"sizePercentX":0.252380967,"sizePercentY":0.100166947,"sizeType":0,"tag":15676,"touchAble":false,"useMergedTexture":false,"visible":true,"width":265,"x":-240,"y":-232,"capInsetsHeight":1,"capInsetsWidth":1,"capInsetsX":0,"capInsetsY":0,"fileName":null,"fileNameData":{"path":"XZXX01-1.png","plistFile":"","resourceType":0},"scale9Enable":false,"scale9Height":60,"scale9Width":265}},{"classname":"ImageView","name":null,"children":[{"classname":"Label","name":null,"children":[],"options":{"__type":"LabelSurrogate:#EditorCommon.JsonModel.Component.GUI","classname":"Label","name":"Label_28","ZOrder":0,"actiontag":20532748,"anchorPointX":0.5,"anchorPointY":0.5,"classType":"CocoStudio.EngineAdapterWrap.CSLabel","colorB":133,"colorG":255,"colorR":235,"customProperty":"","flipX":false,"flipY":false,"height":31,"ignoreSize":true,"layoutParameter":null,"opacity":255,"positionPercentX":0,"positionPercentY":0.0303030312,"positionType":0,"rotation":0,"scaleX":1,"scaleY":1,"sizePercentX":0.384,"sizePercentY":0.469696969,"sizeType":0,"tag":15823,"touchAble":false,"useMergedTexture":false,"visible":true,"width":96,"x":0,"y":2,"areaHeight":0,"areaWidth":0,"fontFile":null,"fontName":"微软雅黑","fontSize":24,"hAlignment":0,"text":"宠物介绍","touchScaleEnable":false,"vAlignment":0}}],"options":{"__type":"ImageViewSurrogate:#EditorCommon.JsonModel.Component.GUI","classname":"ImageView","name":"Image_27_0","ZOrder":1,"actiontag":50602835,"anchorPointX":0.5,"anchorPointY":0.5,"classType":"CocoStudio.EngineAdapterWrap.CSImageView","colorB":255,"colorG":255,"colorR":255,"customProperty":"","flipX":false,"flipY":false,"height":66,"ignoreSize":true,"layoutParameter":null,"opacity":255,"positionPercentX":0.236190483,"positionPercentY":0.372287154,"positionType":0,"rotation":0,"scaleX":1,"scaleY":1,"sizePercentX":0.238095239,"sizePercentY":0.110183641,"sizeType":0,"tag":15822,"touchAble":false,"useMergedTexture":false,"visible":true,"width":250,"x":248,"y":223,"capInsetsHeight":1,"capInsetsWidth":1,"capInsetsX":0,"capInsetsY":0,"fileName":null,"fileNameData":{"path":"zs0011.png","plistFile":"","resourceType":0},"scale9Enable":false,"scale9Height":66,"scale9Width":250}},{"classname":"ImageView","name":null,"children":[{"classname":"ImageView","name":null,"children":[],"options":{"__type":"ImageViewSurrogate:#EditorCommon.JsonModel.Component.GUI","classname":"ImageView","name":"Image_19","ZOrder":0,"actiontag":47561024,"anchorPointX":0.5,"anchorPointY":0.5,"classType":"CocoStudio.EngineAdapterWrap.CSImageView","colorB":255,"colorG":255,"colorR":255,"customProperty":"","flipX":true,"flipY":false,"height":182,"ignoreSize":true,"layoutParameter":null,"opacity":255,"positionPercentX":-0.0143369175,"positionPercentY":-0.21807465,"positionType":0,"rotation":0,"scaleX":1,"scaleY":1,"sizePercentX":0.4516129,"sizePercentY":0.357563853,"sizeType":0,"tag":7812,"touchAble":false,"useMergedTexture":false,"visible":true,"width":126,"x":-4,"y":-111,"capInsetsHeight":1,"capInsetsWidth":1,"capInsetsX":0,"capInsetsY":0,"fileName":null,"fileNameData":{"path":"cw.png","plistFile":"","resourceType":0},"scale9Enable":false,"scale9Height":182,"scale9Width":126}}],"options":{"__type":"ImageViewSurrogate:#EditorCommon.JsonModel.Component.GUI","classname":"ImageView","name":"Image_18","ZOrder":1,"actiontag":9838885,"anchorPointX":0.5,"anchorPointY":0.5,"classType":"CocoStudio.EngineAdapterWrap.CSImageView","colorB":255,"colorG":255,"colorR":255,"customProperty":"","flipX":false,"flipY":false,"height":509,"ignoreSize":true,"layoutParameter":null,"opacity":255,"positionPercentX":-0.242857143,"positionPercentY":0.130217031,"positionType":0,"rotation":0,"scaleX":1,"scaleY":1,"sizePercentX":0.2657143,"sizePercentY":0.849749565,"sizeType":0,"tag":7811,"touchAble":false,"useMergedTexture":false,"visible":true,"width":279,"x":-255,"y":78,"capInsetsHeight":1,"capInsetsWidth":1,"capInsetsX":0,"capInsetsY":0,"fileName":null,"fileNameData":{"path":"XG01.png","plistFile":"","resourceType":0},"scale9Enable":false,"scale9Height":509,"scale9Width":279}},{"classname":"ImageView","name":null,"children":[],"options":{"__type":"ImageViewSurrogate:#EditorCommon.JsonModel.Component.GUI","classname":"ImageView","name":"Image_76","ZOrder":0,"actiontag":36590901,"anchorPointX":0.5,"anchorPointY":0.5,"classType":"CocoStudio.EngineAdapterWrap.CSImageView","colorB":255,"colorG":255,"colorR":255,"customProperty":"","flipX":false,"flipY":false,"height":335,"ignoreSize":true,"layoutParameter":null,"opacity":255,"positionPercentX":-0.465714276,"positionPercentY":-0.136894822,"positionType":0,"rotation":0,"scaleX":1,"scaleY":1,"sizePercentX":0.118095241,"sizePercentY":0.559265435,"sizeType":0,"tag":8530,"touchAble":false,"useMergedTexture":false,"visible":true,"width":124,"x":-489,"y":-82,"capInsetsHeight":1,"capInsetsWidth":1,"capInsetsX":0,"capInsetsY":0,"fileName":null,"fileNameData":{"path":"zs001.png","plistFile":"","resourceType":0},"scale9Enable":false,"scale9Height":335,"scale9Width":124}},{"classname":"ImageView","name":null,"children":[],"options":{"__type":"ImageViewSurrogate:#EditorCommon.JsonModel.Component.GUI","classname":"ImageView","name":"Image_77","ZOrder":0,"actiontag":53898647,"anchorPointX":0.5,"anchorPointY":0.5,"classType":"CocoStudio.EngineAdapterWrap.CSImageView","colorB":255,"colorG":255,"colorR":255,"customProperty":"","flipX":false,"flipY":false,"height":352,"ignoreSize":true,"layoutParameter":null,"opacity":255,"positionPercentX":0.487619042,"positionPercentY":-0.1903172,"positionType":0,"rotation":0,"scaleX":1,"scaleY":1,"sizePercentX":0.086666666,"sizePercentY":0.587646067,"sizeType":0,"tag":8531,"touchAble":false,"useMergedTexture":false,"visible":true,"width":91,"x":512,"y":-114,"capInsetsHeight":1,"capInsetsWidth":1,"capInsetsX":0,"capInsetsY":0,"fileName":null,"fileNameData":{"path":"zs002.png","plistFile":"","resourceType":0},"scale9Enable":false,"scale9Height":352,"scale9Width":91}},{"classname":"ImageView","name":null,"children":[],"options":{"__type":"ImageViewSurrogate:#EditorCommon.JsonModel.Component.GUI","classname":"ImageView","name":"Image_86","ZOrder":0,"actiontag":28087822,"anchorPointX":0.5,"anchorPointY":0.5,"classType":"CocoStudio.EngineAdapterWrap.CSImageView","colorB":255,"colorG":255,"colorR":255,"customProperty":"","flipX":false,"flipY":false,"height":53,"ignoreSize":true,"layoutParameter":null,"opacity":255,"positionPercentX":-0.300952375,"positionPercentY":-0.2954925,"positionType":0,"rotation":0,"scaleX":1,"scaleY":1,"sizePercentX":0.05142857,"sizePercentY":0.0884808,"sizeType":0,"tag":8540,"touchAble":false,"useMergedTexture":false,"visible":true,"width":54,"x":-316,"y":-177,"capInsetsHeight":1,"capInsetsWidth":1,"capInsetsX":0,"capInsetsY":0,"fileName":null,"fileNameData":{"path":"XZXX01.png","plistFile":"","resourceType":0},"scale9Enable":false,"scale9Height":53,"scale9Width":54}},{"classname":"ImageView","name":null,"children":[],"options":{"__type":"ImageViewSurrogate:#EditorCommon.JsonModel.Component.GUI","classname":"ImageView","name":"Image_86_0","ZOrder":0,"actiontag":34920043,"anchorPointX":0.5,"anchorPointY":0.5,"classType":"CocoStudio.EngineAdapterWrap.CSImageView","colorB":255,"colorG":255,"colorR":255,"customProperty":"","flipX":false,"flipY":false,"height":53,"ignoreSize":true,"layoutParameter":null,"opacity":255,"positionPercentX":-0.199047625,"positionPercentY":-0.293823034,"positionType":0,"rotation":0,"scaleX":1,"scaleY":1,"sizePercentX":0.05142857,"sizePercentY":0.0884808,"sizeType":0,"tag":8542,"touchAble":false,"useMergedTexture":false,"visible":true,"width":54,"x":-209,"y":-176,"capInsetsHeight":1,"capInsetsWidth":1,"capInsetsX":0,"capInsetsY":0,"fileName":null,"fileNameData":{"path":"XZXX01.png","plistFile":"","resourceType":0},"scale9Enable":false,"scale9Height":53,"scale9Width":54}},{"classname":"Label","name":null,"children":[],"options":{"__type":"LabelSurrogate:#EditorCommon.JsonModel.Component.GUI","classname":"Label","name":"Label_60","ZOrder":0,"actiontag":32277215,"anchorPointX":0.5,"anchorPointY":0.5,"classType":"CocoStudio.EngineAdapterWrap.CSLabel","colorB":255,"colorG":255,"colorR":255,"customProperty":"","flipX":false,"flipY":false,"height":35,"ignoreSize":true,"layoutParameter":null,"opacity":255,"positionPercentX":0.0104761906,"positionPercentY":0.437395662,"positionType":0,"rotation":0,"scaleX":1,"scaleY":1,"sizePercentX":0.102857143,"sizePercentY":0.0584307164,"sizeType":0,"tag":15680,"touchAble":false,"useMergedTexture":false,"visible":true,"width":108,"x":11,"y":262,"areaHeight":0,"areaWidth":0,"fontFile":null,"fontName":"微软雅黑","fontSize":27,"hAlignment":0,"text":"宠物属性","touchScaleEnable":false,"vAlignment":0}},{"classname":"Label","name":null,"children":[],"options":{"__type":"LabelSurrogate:#EditorCommon.JsonModel.Component.GUI","classname":"Label","name":"Label_62_0","ZOrder":0,"actiontag":11178188,"anchorPointX":0.5,"anchorPointY":0.5,"classType":"CocoStudio.EngineAdapterWrap.CSLabel","colorB":71,"colorG":1,"colorR":69,"customProperty":"","flipX":false,"flipY":false,"height":36,"ignoreSize":true,"layoutParameter":null,"opacity":255,"positionPercentX":0.243809521,"positionPercentY":0.105175294,"positionType":0,"rotation":0,"scaleX":1,"scaleY":1,"sizePercentX":0.28,"sizePercentY":0.060100168,"sizeType":0,"tag":15825,"touchAble":false,"useMergedTexture":false,"visible":true,"width":294,"x":256,"y":63,"areaHeight":0,"areaWidth":0,"fontFile":null,"fontName":"微软雅黑","fontSize":28,"hAlignment":0,"text":"带上我......一起战斗吧。","touchScaleEnable":false,"vAlignment":0}},{"classname":"ImageView","name":null,"children":[],"options":{"__type":"ImageViewSurrogate:#EditorCommon.JsonModel.Component.GUI","classname":"ImageView","name":"Image_104_0_0_1","ZOrder":1,"actiontag":440324,"anchorPointX":0.5,"anchorPointY":0.5,"classType":"CocoStudio.EngineAdapterWrap.CSImageView","colorB":255,"colorG":255,"colorR":255,"customProperty":"","flipX":true,"flipY":false,"height":39,"ignoreSize":true,"layoutParameter":null,"opacity":126,"positionPercentX":0.136190474,"positionPercentY":0.0166944917,"positionType":0,"rotation":0,"scaleX":0.6492462,"scaleY":0.6492462,"sizePercentX":0.113333337,"sizePercentY":0.0651085153,"sizeType":0,"tag":15829,"touchAble":false,"useMergedTexture":false,"visible":true,"width":119,"x":143,"y":10,"capInsetsHeight":1,"capInsetsWidth":1,"capInsetsX":0,"capInsetsY":0,"fileName":null,"fileNameData":{"path":"yun0.png","plistFile":"","resourceType":0},"scale9Enable":false,"scale9Height":39,"scale9Width":119}},{"classname":"Label","name":null,"children":[],"options":{"__type":"LabelSurrogate:#EditorCommon.JsonModel.Component.GUI","classname":"Label","name":"Label_62_1","ZOrder":0,"actiontag":38343607,"anchorPointX":0.5,"anchorPointY":0.5,"classType":"CocoStudio.EngineAdapterWrap.CSLabel","colorB":0,"colorG":7,"colorR":36,"customProperty":"","flipX":false,"flipY":false,"height":39,"ignoreSize":true,"layoutParameter":null,"opacity":255,"positionPercentX":0.24,"positionPercentY":0.02003339,"positionType":0,"rotation":0,"scaleX":1,"scaleY":1,"sizePercentX":0.114285715,"sizePercentY":0.0651085153,"sizeType":0,"tag":15831,"touchAble":false,"useMergedTexture":false,"visible":true,"width":120,"x":252,"y":12,"areaHeight":0,"areaWidth":0,"fontFile":null,"fontName":"微软雅黑","fontSize":30,"hAlignment":0,"text":"属性成长","touchScaleEnable":false,"vAlignment":0}},{"classname":"Label","name":null,"children":[],"options":{"__type":"LabelSurrogate:#EditorCommon.JsonModel.Component.GUI","classname":"Label","name":"Label_62_0_0","ZOrder":0,"actiontag":11257801,"anchorPointX":0.5,"anchorPointY":0.5,"classType":"CocoStudio.EngineAdapterWrap.CSLabel","colorB":1,"colorG":20,"colorR":82,"customProperty":"","flipX":false,"flipY":false,"height":35,"ignoreSize":true,"layoutParameter":null,"opacity":255,"positionPercentX":0.08857143,"positionPercentY":0.2003339,"positionType":0,"rotation":0,"scaleX":1,"scaleY":1,"sizePercentX":0.07714286,"sizePercentY":0.0584307164,"sizeType":0,"tag":15854,"touchAble":false,"useMergedTexture":false,"visible":true,"width":81,"x":93,"y":120,"areaHeight":0,"areaWidth":0,"fontFile":null,"fontName":"微软雅黑","fontSize":27,"hAlignment":0,"text":"加成。","touchScaleEnable":false,"vAlignment":0}},{"classname":"Label","name":null,"children":[],"options":{"__type":"LabelSurrogate:#EditorCommon.JsonModel.Component.GUI","classname":"Label","name":"Label_62_0_0_1","ZOrder":0,"actiontag":66385511,"anchorPointX":0.5,"anchorPointY":0.5,"classType":"CocoStudio.EngineAdapterWrap.CSLabel","colorB":1,"colorG":20,"colorR":82,"customProperty":"","flipX":false,"flipY":false,"height":35,"ignoreSize":true,"layoutParameter":null,"opacity":255,"positionPercentX":0.237142861,"positionPercentY":0.2687813,"positionType":0,"rotation":0,"scaleX":1,"scaleY":1,"sizePercentX":0.3857143,"sizePercentY":0.0584307164,"sizeType":0,"tag":15856,"touchAble":false,"useMergedTexture":false,"visible":true,"width":405,"x":249,"y":161,"areaHeight":0,"areaWidth":0,"fontFile":null,"fontName":"微软雅黑","fontSize":27,"hAlignment":0,"text":"小萌龙介绍：非常不错的肉盾属性","touchScaleEnable":false,"vAlignment":0}},{"classname":"ImageView","name":null,"children":[],"options":{"__type":"ImageViewSurrogate:#EditorCommon.JsonModel.Component.GUI","classname":"ImageView","name":"Image_86_0_0","ZOrder":0,"actiontag":43308179,"anchorPointX":0.5,"anchorPointY":0.5,"classType":"CocoStudio.EngineAdapterWrap.CSImageView","colorB":255,"colorG":255,"colorR":255,"customProperty":"","flipX":false,"flipY":false,"height":53,"ignoreSize":true,"layoutParameter":null,"opacity":255,"positionPercentX":-0.2495238,"positionPercentY":-0.2954925,"positionType":0,"rotation":0,"scaleX":1,"scaleY":1,"sizePercentX":0.05142857,"sizePercentY":0.0884808,"sizeType":0,"tag":15858,"touchAble":false,"useMergedTexture":false,"visible":true,"width":54,"x":-262,"y":-177,"capInsetsHeight":1,"capInsetsWidth":1,"capInsetsX":0,"capInsetsY":0,"fileName":null,"fileNameData":{"path":"XZXX01.png","plistFile":"","resourceType":0},"scale9Enable":false,"scale9Height":53,"scale9Width":54}},{"classname":"ScrollView","name":null,"children":[{"classname":"Label","name":null,"children":[],"options":{"__type":"LabelSurrogate:#EditorCommon.JsonModel.Component.GUI","classname":"Label","name":"Label_62_4","ZOrder":0,"actiontag":44062367,"anchorPointX":0.5,"anchorPointY":0.5,"classType":"CocoStudio.EngineAdapterWrap.CSLabel","colorB":1,"colorG":20,"colorR":82,"customProperty":"","flipX":false,"flipY":false,"height":35,"ignoreSize":true,"layoutParameter":null,"opacity":255,"positionPercentX":0.475065619,"positionPercentY":0.519148946,"positionType":0,"rotation":0,"scaleX":1,"scaleY":1,"sizePercentX":0.5721785,"sizePercentY":0.148936167,"sizeType":0,"tag":15837,"touchAble":false,"useMergedTexture":false,"visible":true,"width":218,"x":181,"y":122,"areaHeight":0,"areaWidth":0,"fontFile":null,"fontName":"微软雅黑","fontSize":27,"hAlignment":0,"text":"增加攻击力：10%","touchScaleEnable":false,"vAlignment":0}},{"classname":"Label","name":null,"children":[],"options":{"__type":"LabelSurrogate:#EditorCommon.JsonModel.Component.GUI","classname":"Label","name":"Label_62","ZOrder":0,"actiontag":18028668,"anchorPointX":0.5,"anchorPointY":0.5,"classType":"CocoStudio.EngineAdapterWrap.CSLabel","colorB":1,"colorG":20,"colorR":82,"customProperty":"","flipX":false,"flipY":false,"height":35,"ignoreSize":true,"layoutParameter":null,"opacity":255,"positionPercentX":0.503937,"positionPercentY":0.174468085,"positionType":0,"rotation":0,"scaleX":1,"scaleY":1,"sizePercentX":0.6430446,"sizePercentY":0.148936167,"sizeType":0,"tag":15819,"touchAble":false,"useMergedTexture":false,"visible":true,"width":245,"x":192,"y":41,"areaHeight":0,"areaWidth":0,"fontFile":null,"fontName":"微软雅黑","fontSize":27,"hAlignment":0,"text":"治疗技能效果：11%","touchScaleEnable":false,"vAlignment":0}},{"classname":"Label","name":null,"children":[],"options":{"__type":"LabelSurrogate:#EditorCommon.JsonModel.Component.GUI","classname":"Label","name":"Label_62_5","ZOrder":0,"actiontag":8758762,"anchorPointX":0.5,"anchorPointY":0.5,"classType":"CocoStudio.EngineAdapterWrap.CSLabel","colorB":1,"colorG":20,"colorR":82,"customProperty":"","flipX":false,"flipY":false,"height":35,"ignoreSize":true,"layoutParameter":null,"opacity":255,"positionPercentX":0.5065617,"positionPercentY":0.3531915,"positionType":0,"rotation":0,"scaleX":1,"scaleY":1,"sizePercentX":0.6430446,"sizePercentY":0.148936167,"sizeType":0,"tag":15921,"touchAble":false,"useMergedTexture":false,"visible":true,"width":245,"x":193,"y":83,"areaHeight":0,"areaWidth":0,"fontFile":null,"fontName":"微软雅黑","fontSize":27,"hAlignment":0,"text":"增加攻击速度：11%","touchScaleEnable":false,"vAlignment":0}},{"classname":"Label","name":null,"children":[],"options":{"__type":"LabelSurrogate:#EditorCommon.JsonModel.Component.GUI","classname":"Label","name":"Label_62_3","ZOrder":0,"actiontag":10875123,"anchorPointX":0.5,"anchorPointY":0.5,"classType":"CocoStudio.EngineAdapterWrap.CSLabel","colorB":1,"colorG":20,"colorR":82,"customProperty":"","flipX":false,"flipY":false,"height":35,"ignoreSize":true,"layoutParameter":null,"opacity":255,"positionPercentX":0.488188982,"positionPercentY":0.702127635,"positionType":0,"rotation":0,"scaleX":1,"scaleY":1,"sizePercentX":0.5905512,"sizePercentY":0.148936167,"sizeType":0,"tag":15835,"touchAble":false,"useMergedTexture":false,"visible":true,"width":225,"x":186,"y":165,"areaHeight":0,"areaWidth":0,"fontFile":null,"fontName":"微软雅黑","fontSize":27,"hAlignment":0,"text":"增加法伤值：0.5%","touchScaleEnable":false,"vAlignment":0}},{"classname":"Label","name":null,"children":[],"options":{"__type":"LabelSurrogate:#EditorCommon.JsonModel.Component.GUI","classname":"Label","name":"Label_62_2","ZOrder":0,"actiontag":44116822,"anchorPointX":0.5,"anchorPointY":0.5,"classType":"CocoStudio.EngineAdapterWrap.CSLabel","colorB":1,"colorG":20,"colorR":82,"customProperty":"","flipX":false,"flipY":false,"height":35,"ignoreSize":true,"layoutParameter":null,"opacity":255,"positionPercentX":0.477690279,"positionPercentY":0.876595736,"positionType":0,"rotation":0,"scaleX":1,"scaleY":1,"sizePercentX":0.5721785,"sizePercentY":0.148936167,"sizeType":0,"tag":15833,"touchAble":false,"useMergedTexture":false,"visible":true,"width":218,"x":182,"y":206,"areaHeight":0,"areaWidth":0,"fontFile":null,"fontName":"微软雅黑","fontSize":27,"hAlignment":0,"text":"增加生命值：21%","touchScaleEnable":false,"vAlignment":0}}],"options":{"__type":"ScrollViewSurrogate:#EditorCommon.JsonModel.Component.GUI","classname":"ScrollView","name":"ScrollView_92","ZOrder":0,"actiontag":3288910,"anchorPointX":0,"anchorPointY":0,"classType":"CocoStudio.EngineAdapterWrap.CSScrollView","colorB":255,"colorG":255,"colorR":255,"customProperty":"","flipX":false,"flipY":false,"height":235,"ignoreSize":false,"layoutParameter":null,"opacity":255,"positionPercentX":0.05904762,"positionPercentY":-0.41402337,"positionType":0,"rotation":0,"scaleX":1,"scaleY":1,"sizePercentX":0.362857133,"sizePercentY":0.392320544,"sizeType":0,"tag":15923,"touchAble":true,"useMergedTexture":false,"visible":true,"width":381,"x":62,"y":-248,"backGroundImage":null,"backGroundImageData":null,"backGroundScale9Enable":false,"bgColorB":100,"bgColorG":150,"bgColorOpacity":0,"bgColorR":255,"bgEndColorB":100,"bgEndColorG":150,"bgEndColorR":255,"bgStartColorB":255,"bgStartColorG":255,"bgStartColorR":255,"bounceEnable":false,"capInsetsHeight":1,"capInsetsWidth":1,"capInsetsX":0,"capInsetsY":0,"clipAble":false,"colorType":1,"direction":1,"editorClipAble":false,"innerHeight":240,"innerWidth":381,"layoutType":0,"vectorX":0,"vectorY":-0.5}}],"options":{"__type":"ImageViewSurrogate:#EditorCommon.JsonModel.Component.GUI","classname":"ImageView","name":"Image_16","ZOrder":1,"actiontag":52400450,"anchorPointX":0.5,"anchorPointY":0.5,"classType":"CocoStudio.EngineAdapterWrap.CSImageView","colorB":255,"colorG":255,"colorR":255,"customProperty":"","flipX":false,"flipY":false,"height":599,"ignoreSize":true,"layoutParameter":null,"opacity":255,"positionPercentX":0.5237676,"positionPercentY":0.5171875,"positionType":0,"rotation":0,"scaleX":1,"scaleY":1,"sizePercentX":0.9242958,"sizePercentY":0.9359375,"sizeType":0,"tag":7809,"touchAble":false,"useMergedTexture":false,"visible":true,"width":1050,"x":595,"y":331,"capInsetsHeight":1,"capInsetsWidth":1,"capInsetsX":0,"capInsetsY":0,"fileName":null,"fileNameData":{"path":"zs006.png","plistFile":"","resourceType":0},"scale9Enable":false,"scale9Height":599,"scale9Width":1050}},{"classname":"Button","name":null,"children":[],"options":{"__type":"ButtonSurrogate:#EditorCommon.JsonModel.Component.GUI","classname":"Button","name":"button_back_0","ZOrder":1,"actiontag":29340115,"anchorPointX":0.5,"anchorPointY":0.5,"classType":"CocoStudio.EngineAdapterWrap.CSButton","colorB":255,"colorG":255,"colorR":255,"customProperty":"","flipX":false,"flipY":false,"height":121,"ignoreSize":true,"layoutParameter":null,"opacity":255,"positionPercentX":0.0360915475,"positionPercentY":0.9375,"positionType":0,"rotation":0,"scaleX":0.7748277,"scaleY":0.7748277,"sizePercentX":0.110035211,"sizePercentY":0.1890625,"sizeType":0,"tag":8713,"touchAble":true,"useMergedTexture":false,"visible":true,"width":125,"x":41,"y":600,"capInsetsHeight":1,"capInsetsWidth":1,"capInsetsX":0,"capInsetsY":0,"disabled":null,"disabledData":{"path":null,"plistFile":null,"resourceType":0},"fontName":"微软雅黑","fontSize":14,"fontType":0,"normal":null,"normalData":{"path":"zsgzdxzyx04-1.png","plistFile":"","resourceType":0},"pressed":null,"pressedData":{"path":"zsgzdxzyx04.png","plistFile":"","resourceType":0},"scale9Enable":false,"scale9Height":121,"scale9Width":125,"text":"","textColorB":255,"textColorG":255,"textColorR":255}}],"options":{"__type":"PanelSurrogate:#EditorCommon.JsonModel.Component.GUI","classname":"Panel","name":"root_panel","ZOrder":0,"actiontag":-1,"anchorPointX":0,"anchorPointY":0,"classType":"CocoStudio.EngineAdapterWrap.CSPanel","colorB":255,"colorG":255,"colorR":255,"customProperty":"","flipX":false,"flipY":false,"height":640,"ignoreSize":false,"layoutParameter":null,"opacity":93,"positionPercentX":0,"positionPercentY":0,"positionType":0,"rotation":0,"scaleX":1,"scaleY":1,"sizePercentX":1,"sizePercentY":1,"sizeType":0,"tag":255,"touchAble":true,"useMergedTexture":false,"visible":true,"width":1136,"x":0,"y":0,"adaptScreen":false,"backGroundImage":null,"backGroundImageData":{"path":"cwxzbj01-4.png","plistFile":"","resourceType":0},"backGroundScale9Enable":false,"bgColorB":255,"bgColorG":200,"bgColorOpacity":0,"bgColorR":150,"bgEndColorB":255,"bgEndColorG":200,"bgEndColorR":150,"bgStartColorB":255,"bgStartColorG":255,"bgStartColorR":255,"capInsetsHeight":1,"capInsetsWidth":1,"capInsetsX":0,"capInsetsY":0,"clipAble":false,"colorType":1,"layoutType":0,"vectorX":0,"vectorY":-0.5}}}