{"classname":null,"name":null,"animation":{"classname":null,"name":"AnimationManager","actionlist":[{"classname":null,"name":"Animation0","actionnodelist":[],"loop":true,"unittime":0.1}]},"dataScale":1,"designHeight":640,"designWidth":1136,"textures":[],"texturesPng":["cwxzbj01-4.png","cka001-21-1-1.png","cka001-22-1.png","cka001-23.png","cka001-24.png","zsgzksko001.png","zsgzksko01.png","daxx01.png","baozi01.png","sdk2.png","zsgzdxzyx04-1.png","zsgzdxzyx04.png","cka001-21-1-2.png","yun0.png","zs008.png","zs0011.png","yxsxann02.png","yxsxann02-1.png","grensx0011-4.png","grensx0011-1.png","grensx0011-2.png","grensx0011-3.png","yxsxann02.png","yxsxann02-1.png","hyyjn4.png","zs0012.png","hyyjn2.png","zs0013.png","hyyjn1.png","hyyjn3.png","zs008.png","cwxzbj01-4.png","hk01.png","next01.png","hk02.png","hk03.png","hk01-2.png","hk01-1.png","jy01-1.png","jy01-2.png","zsgzdxzyx04-1.png","zsgzdxzyx04.png","cwxzbj01-4.png","zsgzdxzyx04-1.png","zsgzdxzyx04.png","zs0014-3.png","zs008.png","zs003.png","zs005.png","zs004.png","zs0014.png","zs0014-2.png","zs0014-1.png","yun0.png","jh1.png","jh2.png","zduix-1.png","jy01-2-0.png","jy01-2-1.png","cwxzbj01-4.png","sl01_2.png","sl01.png","sl01_3.png","cka001-23.png","cka001-24.png","zsgzksko001.png","zsgzksko01.png","sl01_4.png","sl01_5.png","zb05.png","zs005-1.png","rwxt01.png","rwxt03_1.png","zb01.png","zb04.png","zb02.png","zb03.png","bjguang.png","cka001-21-1-2.png","cka001-21-1-1.png","cwxzbj01-4.png","sb01_1.png","sb01_2.png","tyonganiu01.png","tyonganiu00-1.png","zsgzdxzyx04-1.png","zsgzdxzyx04.png","bl01.png","jia000.png","jia02-1.png","baozi01.png","jia00.png","jb01.png","zs01.png","hk07-1.png","hk07.png","cz01.png","jd01.png","txshux01.png","txshux02.png","txshux00.png","txshux03.png","cwxzbj01-4.png","cka001-21-1-1.png","cka001.png","cka001-19.png","cka001-14.png","zs008.png","grensx0011-4.png","zs01.png","cka001-8.png","sl01_1.png","yxtxxiaoq.png","zs005-1.png","zhili01.png","cka001-11.png","cka001-12.png","jb01.png","cka001-2.png","cka001-18.png","cka001-13.png","cka001-7.png","cka001-22-1.png","yun0.png","zduix-3.png","zsgzdxzyx04-1.png","zsgzdxzyx04.png","cka001-15.png","cka001-16.png","cka001-17.png","cka001-21-1-2.png"],"version":"1.6.0.0","widgetTree":{"classname":"Panel","name":null,"children":[{"classname":"ImageView","name":null,"children":[{"classname":"ImageView","name":null,"children":[{"classname":"ImageView","name":null,"children":[],"options":{"__type":"ImageViewSurrogate:#EditorCommon.JsonModel.Component.GUI","classname":"ImageView","name":"Image_20","ZOrder":0,"actiontag":17260781,"anchorPointX":0.5,"anchorPointY":0.5,"classType":"CocoStudio.EngineAdapterWrap.CSImageView","colorB":255,"colorG":255,"colorR":255,"customProperty":"","flipX":false,"flipY":false,"height":63,"ignoreSize":true,"layoutParameter":null,"opacity":255,"positionPercentX":-0.00347222225,"positionPercentY":0.332547158,"positionType":0,"rotation":0,"scaleX":1,"scaleY":1,"sizePercentX":0.9861111,"sizePercentY":0.1485849,"sizeType":0,"tag":10343,"touchAble":false,"useMergedTexture":false,"visible":true,"width":284,"x":-1,"y":141,"capInsetsHeight":1,"capInsetsWidth":1,"capInsetsX":0,"capInsetsY":0,"fileName":null,"fileNameData":{"path":"cka001-19.png","plistFile":"","resourceType":0},"scale9Enable":false,"scale9Height":63,"scale9Width":284}},{"classname":"ImageView","name":null,"children":[],"options":{"__type":"ImageViewSurrogate:#EditorCommon.JsonModel.Component.GUI","classname":"ImageView","name":"Image_21","ZOrder":0,"actiontag":25971051,"anchorPointX":0.5,"anchorPointY":0.5,"classType":"CocoStudio.EngineAdapterWrap.CSImageView","colorB":255,"colorG":255,"colorR":255,"customProperty":"","flipX":false,"flipY":false,"height":52,"ignoreSize":true,"layoutParameter":null,"opacity":255,"positionPercentX":0,"positionPercentY":0.3537736,"positionType":0,"rotation":0,"scaleX":1,"scaleY":1,"sizePercentX":0.5694444,"sizePercentY":0.122641511,"sizeType":0,"tag":10344,"touchAble":false,"useMergedTexture":false,"visible":true,"width":164,"x":0,"y":150,"capInsetsHeight":1,"capInsetsWidth":1,"capInsetsX":0,"capInsetsY":0,"fileName":null,"fileNameData":{"path":"cka001-14.png","plistFile":"","resourceType":0},"scale9Enable":false,"scale9Height":52,"scale9Width":164}},{"classname":"ImageView","name":null,"children":[],"options":{"__type":"ImageViewSurrogate:#EditorCommon.JsonModel.Component.GUI","classname":"ImageView","name":"Image_22","ZOrder":0,"actiontag":44620724,"anchorPointX":0.5,"anchorPointY":0.5,"classType":"CocoStudio.EngineAdapterWrap.CSImageView","colorB":255,"colorG":255,"colorR":255,"customProperty":"","flipX":false,"flipY":false,"height":354,"ignoreSize":true,"layoutParameter":null,"opacity":255,"positionPercentX":0,"positionPercentY":0.08726415,"positionType":0,"rotation":0,"scaleX":0.486659,"scaleY":0.486635834,"sizePercentX":1.23958337,"sizePercentY":0.8349057,"sizeType":0,"tag":10345,"touchAble":false,"useMergedTexture":false,"visible":true,"width":357,"x":0,"y":37,"capInsetsHeight":1,"capInsetsWidth":1,"capInsetsX":0,"capInsetsY":0,"fileName":null,"fileNameData":{"path":"zs008.png","plistFile":"","resourceType":0},"scale9Enable":false,"scale9Height":354,"scale9Width":357}},{"classname":"ImageView","name":null,"children":[{"classname":"ImageView","name":null,"children":[],"options":{"__type":"ImageViewSurrogate:#EditorCommon.JsonModel.Component.GUI","classname":"ImageView","name":"Image_24","ZOrder":0,"actiontag":32483004,"anchorPointX":0.5,"anchorPointY":0.5,"classType":"CocoStudio.EngineAdapterWrap.CSImageView","colorB":255,"colorG":255,"colorR":255,"customProperty":"","flipX":false,"flipY":false,"height":41,"ignoreSize":true,"layoutParameter":null,"opacity":255,"positionPercentX":-0.291666657,"positionPercentY":0,"positionType":0,"rotation":0,"scaleX":0.6670575,"scaleY":0.6853831,"sizePercentX":0.53125,"sizePercentY":0.95348835,"sizeType":0,"tag":10347,"touchAble":false,"useMergedTexture":false,"visible":true,"width":51,"x":-28,"y":0,"capInsetsHeight":1,"capInsetsWidth":1,"capInsetsX":0,"capInsetsY":0,"fileName":null,"fileNameData":{"path":"zs01.png","plistFile":"","resourceType":0},"scale9Enable":false,"scale9Height":41,"scale9Width":51}},{"classname":"Label","name":null,"children":[],"options":{"__type":"LabelSurrogate:#EditorCommon.JsonModel.Component.GUI","classname":"Label","name":"Label_25","ZOrder":0,"actiontag":29081056,"anchorPointX":0.5,"anchorPointY":0.5,"classType":"CocoStudio.EngineAdapterWrap.CSLabel","colorB":255,"colorG":255,"colorR":255,"customProperty":"","flipX":false,"flipY":false,"height":31,"ignoreSize":true,"layoutParameter":null,"opacity":255,"positionPercentX":0.135416672,"positionPercentY":0.0232558139,"positionType":0,"rotation":0,"scaleX":1,"scaleY":1,"sizePercentX":0.4375,"sizePercentY":0.7209302,"sizeType":0,"tag":10348,"touchAble":false,"useMergedTexture":false,"visible":true,"width":42,"x":13,"y":1,"areaHeight":0,"areaWidth":0,"fontFile":null,"fontName":"微软雅黑","fontSize":24,"hAlignment":0,"text":"280","touchScaleEnable":false,"vAlignment":0}}],"options":{"__type":"ImageViewSurrogate:#EditorCommon.JsonModel.Component.GUI","classname":"ImageView","name":"Image_23","ZOrder":0,"actiontag":52315966,"anchorPointX":0.5,"anchorPointY":0.5,"classType":"CocoStudio.EngineAdapterWrap.CSImageView","colorB":255,"colorG":255,"colorR":255,"customProperty":"","flipX":false,"flipY":false,"height":43,"ignoreSize":true,"layoutParameter":null,"opacity":255,"positionPercentX":-0.013888889,"positionPercentY":-0.22169812,"positionType":0,"rotation":0,"scaleX":1,"scaleY":1,"sizePercentX":0.333333343,"sizePercentY":0.1014151,"sizeType":0,"tag":10346,"touchAble":false,"useMergedTexture":false,"visible":true,"width":96,"x":-4,"y":-94,"capInsetsHeight":1,"capInsetsWidth":1,"capInsetsX":0,"capInsetsY":0,"fileName":null,"fileNameData":{"path":"grensx0011-4.png","plistFile":"","resourceType":0},"scale9Enable":false,"scale9Height":43,"scale9Width":96}},{"classname":"ImageView","name":null,"children":[],"options":{"__type":"ImageViewSurrogate:#EditorCommon.JsonModel.Component.GUI","classname":"ImageView","name":"Image_31","ZOrder":1,"actiontag":43226538,"anchorPointX":0.5,"anchorPointY":0.5,"classType":"CocoStudio.EngineAdapterWrap.CSImageView","colorB":255,"colorG":255,"colorR":255,"customProperty":"","flipX":false,"flipY":false,"height":49,"ignoreSize":true,"layoutParameter":null,"opacity":255,"positionPercentX":0,"positionPercentY":-0.117924526,"positionType":0,"rotation":0,"scaleX":0.762093842,"scaleY":0.762093842,"sizePercentX":1.01388884,"sizePercentY":0.115566038,"sizeType":0,"tag":10354,"touchAble":false,"useMergedTexture":false,"visible":true,"width":292,"x":0,"y":-50,"capInsetsHeight":1,"capInsetsWidth":1,"capInsetsX":0,"capInsetsY":0,"fileName":null,"fileNameData":{"path":"cka001-8.png","plistFile":"","resourceType":0},"scale9Enable":false,"scale9Height":49,"scale9Width":292}},{"classname":"ImageView","name":null,"children":[],"options":{"__type":"ImageViewSurrogate:#EditorCommon.JsonModel.Component.GUI","classname":"ImageView","name":"Image_32_2","ZOrder":0,"actiontag":45488019,"anchorPointX":0.5,"anchorPointY":0.5,"classType":"CocoStudio.EngineAdapterWrap.CSImageView","colorB":255,"colorG":255,"colorR":255,"customProperty":"","flipX":false,"flipY":false,"height":600,"ignoreSize":true,"layoutParameter":null,"opacity":255,"positionPercentX":0.013888889,"positionPercentY":0.0613207556,"positionType":0,"rotation":551.9175,"scaleX":0.7124921,"scaleY":0.7124921,"sizePercentX":1.97916663,"sizePercentY":1.41509438,"sizeType":0,"tag":10355,"touchAble":false,"useMergedTexture":false,"visible":true,"width":570,"x":4,"y":26,"capInsetsHeight":1,"capInsetsWidth":1,"capInsetsX":0,"capInsetsY":0,"fileName":null,"fileNameData":{"path":"sl01_1.png","plistFile":"","resourceType":0},"scale9Enable":false,"scale9Height":600,"scale9Width":570}},{"classname":"ImageView","name":null,"children":[],"options":{"__type":"ImageViewSurrogate:#EditorCommon.JsonModel.Component.GUI","classname":"ImageView","name":"Image_83","ZOrder":0,"actiontag":56842174,"anchorPointX":0.5,"anchorPointY":0.5,"classType":"CocoStudio.EngineAdapterWrap.CSImageView","colorB":255,"colorG":255,"colorR":255,"customProperty":"","flipX":false,"flipY":false,"height":118,"ignoreSize":true,"layoutParameter":null,"opacity":255,"positionPercentX":0.302083343,"positionPercentY":-0.3301887,"positionType":0,"rotation":0,"scaleX":0.381084383,"scaleY":0.381084383,"sizePercentX":0.427083343,"sizePercentY":0.2783019,"sizeType":0,"tag":10406,"touchAble":false,"useMergedTexture":false,"visible":true,"width":123,"x":87,"y":-140,"capInsetsHeight":1,"capInsetsWidth":1,"capInsetsX":0,"capInsetsY":0,"fileName":null,"fileNameData":{"path":"yxtxxiaoq.png","plistFile":"","resourceType":0},"scale9Enable":false,"scale9Height":118,"scale9Width":123}},{"classname":"ImageView","name":null,"children":[{"classname":"ImageView","name":null,"children":[],"options":{"__type":"ImageViewSurrogate:#EditorCommon.JsonModel.Component.GUI","classname":"ImageView","name":"Image_84","ZOrder":0,"actiontag":11189285,"anchorPointX":0.5,"anchorPointY":0.5,"classType":"CocoStudio.EngineAdapterWrap.CSImageView","colorB":255,"colorG":255,"colorR":255,"customProperty":"","flipX":false,"flipY":false,"height":122,"ignoreSize":true,"layoutParameter":null,"opacity":255,"positionPercentX":0.358208954,"positionPercentY":0.3129771,"positionType":0,"rotation":0,"scaleX":0.3954917,"scaleY":0.3954917,"sizePercentX":0.9104478,"sizePercentY":0.9312977,"sizeType":0,"tag":10407,"touchAble":false,"useMergedTexture":false,"visible":true,"width":122,"x":48,"y":41,"capInsetsHeight":1,"capInsetsWidth":1,"capInsetsX":0,"capInsetsY":0,"fileName":null,"fileNameData":{"path":"zhili01.png","plistFile":"","resourceType":0},"scale9Enable":false,"scale9Height":122,"scale9Width":122}}],"options":{"__type":"ImageViewSurrogate:#EditorCommon.JsonModel.Component.GUI","classname":"ImageView","name":"Image_82","ZOrder":1,"actiontag":35463241,"anchorPointX":0.5,"anchorPointY":0.5,"classType":"CocoStudio.EngineAdapterWrap.CSImageView","colorB":255,"colorG":255,"colorR":255,"customProperty":"","flipX":false,"flipY":false,"height":131,"ignoreSize":true,"layoutParameter":null,"opacity":255,"positionPercentX":0.302083343,"positionPercentY":-0.3278302,"positionType":0,"rotation":0,"scaleX":0.381084383,"scaleY":0.381084383,"sizePercentX":0.4652778,"sizePercentY":0.308962256,"sizeType":0,"tag":10405,"touchAble":false,"useMergedTexture":false,"visible":true,"width":134,"x":87,"y":-139,"capInsetsHeight":1,"capInsetsWidth":1,"capInsetsX":0,"capInsetsY":0,"fileName":null,"fileNameData":{"path":"zs005-1.png","plistFile":"","resourceType":0},"scale9Enable":false,"scale9Height":131,"scale9Width":134}},{"classname":"ImageView","name":null,"children":[],"options":{"__type":"ImageViewSurrogate:#EditorCommon.JsonModel.Component.GUI","classname":"ImageView","name":"Image_83_0","ZOrder":0,"actiontag":3631755,"anchorPointX":0.5,"anchorPointY":0.5,"classType":"CocoStudio.EngineAdapterWrap.CSImageView","colorB":255,"colorG":255,"colorR":255,"customProperty":"","flipX":false,"flipY":false,"height":118,"ignoreSize":true,"layoutParameter":null,"opacity":255,"positionPercentX":-0.3090278,"positionPercentY":-0.3301887,"positionType":0,"rotation":0,"scaleX":0.3810843,"scaleY":0.3810843,"sizePercentX":0.427083343,"sizePercentY":0.2783019,"sizeType":0,"tag":10411,"touchAble":false,"useMergedTexture":false,"visible":true,"width":123,"x":-89,"y":-140,"capInsetsHeight":1,"capInsetsWidth":1,"capInsetsX":0,"capInsetsY":0,"fileName":null,"fileNameData":{"path":"yxtxxiaoq.png","plistFile":"","resourceType":0},"scale9Enable":false,"scale9Height":118,"scale9Width":123}},{"classname":"ImageView","name":null,"children":[{"classname":"ImageView","name":null,"children":[],"options":{"__type":"ImageViewSurrogate:#EditorCommon.JsonModel.Component.GUI","classname":"ImageView","name":"Image_84","ZOrder":0,"actiontag":25736773,"anchorPointX":0.5,"anchorPointY":0.5,"classType":"CocoStudio.EngineAdapterWrap.CSImageView","colorB":255,"colorG":255,"colorR":255,"customProperty":"","flipX":false,"flipY":false,"height":122,"ignoreSize":true,"layoutParameter":null,"opacity":255,"positionPercentX":0.358208954,"positionPercentY":0.3129771,"positionType":0,"rotation":0,"scaleX":0.3954917,"scaleY":0.3954917,"sizePercentX":0.9104478,"sizePercentY":0.9312977,"sizeType":0,"tag":10413,"touchAble":false,"useMergedTexture":false,"visible":true,"width":122,"x":48,"y":41,"capInsetsHeight":1,"capInsetsWidth":1,"capInsetsX":0,"capInsetsY":0,"fileName":null,"fileNameData":{"path":"zhili01.png","plistFile":"","resourceType":0},"scale9Enable":false,"scale9Height":122,"scale9Width":122}}],"options":{"__type":"ImageViewSurrogate:#EditorCommon.JsonModel.Component.GUI","classname":"ImageView","name":"Image_82_0","ZOrder":1,"actiontag":32685803,"anchorPointX":0.5,"anchorPointY":0.5,"classType":"CocoStudio.EngineAdapterWrap.CSImageView","colorB":255,"colorG":255,"colorR":255,"customProperty":"","flipX":false,"flipY":false,"height":131,"ignoreSize":true,"layoutParameter":null,"opacity":255,"positionPercentX":-0.3090278,"positionPercentY":-0.3278302,"positionType":0,"rotation":0,"scaleX":0.3810843,"scaleY":0.3810843,"sizePercentX":0.4652778,"sizePercentY":0.308962256,"sizeType":0,"tag":10412,"touchAble":false,"useMergedTexture":false,"visible":true,"width":134,"x":-89,"y":-139,"capInsetsHeight":1,"capInsetsWidth":1,"capInsetsX":0,"capInsetsY":0,"fileName":null,"fileNameData":{"path":"zs005-1.png","plistFile":"","resourceType":0},"scale9Enable":false,"scale9Height":131,"scale9Width":134}},{"classname":"ImageView","name":null,"children":[],"options":{"__type":"ImageViewSurrogate:#EditorCommon.JsonModel.Component.GUI","classname":"ImageView","name":"Image_83_1","ZOrder":0,"actiontag":56197848,"anchorPointX":0.5,"anchorPointY":0.5,"classType":"CocoStudio.EngineAdapterWrap.CSImageView","colorB":255,"colorG":255,"colorR":255,"customProperty":"","flipX":false,"flipY":false,"height":118,"ignoreSize":true,"layoutParameter":null,"opacity":255,"positionPercentX":-0.111111112,"positionPercentY":-0.3278302,"positionType":0,"rotation":0,"scaleX":0.3810843,"scaleY":0.3810843,"sizePercentX":0.427083343,"sizePercentY":0.2783019,"sizeType":0,"tag":10417,"touchAble":false,"useMergedTexture":false,"visible":true,"width":123,"x":-32,"y":-139,"capInsetsHeight":1,"capInsetsWidth":1,"capInsetsX":0,"capInsetsY":0,"fileName":null,"fileNameData":{"path":"yxtxxiaoq.png","plistFile":"","resourceType":0},"scale9Enable":false,"scale9Height":118,"scale9Width":123}},{"classname":"ImageView","name":null,"children":[{"classname":"ImageView","name":null,"children":[],"options":{"__type":"ImageViewSurrogate:#EditorCommon.JsonModel.Component.GUI","classname":"ImageView","name":"Image_84","ZOrder":0,"actiontag":55731854,"anchorPointX":0.5,"anchorPointY":0.5,"classType":"CocoStudio.EngineAdapterWrap.CSImageView","colorB":255,"colorG":255,"colorR":255,"customProperty":"","flipX":false,"flipY":false,"height":122,"ignoreSize":true,"layoutParameter":null,"opacity":255,"positionPercentX":0.358208954,"positionPercentY":0.3129771,"positionType":0,"rotation":0,"scaleX":0.3954917,"scaleY":0.3954917,"sizePercentX":0.9104478,"sizePercentY":0.9312977,"sizeType":0,"tag":10419,"touchAble":false,"useMergedTexture":false,"visible":true,"width":122,"x":48,"y":41,"capInsetsHeight":1,"capInsetsWidth":1,"capInsetsX":0,"capInsetsY":0,"fileName":null,"fileNameData":{"path":"zhili01.png","plistFile":"","resourceType":0},"scale9Enable":false,"scale9Height":122,"scale9Width":122}}],"options":{"__type":"ImageViewSurrogate:#EditorCommon.JsonModel.Component.GUI","classname":"ImageView","name":"Image_82_1","ZOrder":1,"actiontag":36018590,"anchorPointX":0.5,"anchorPointY":0.5,"classType":"CocoStudio.EngineAdapterWrap.CSImageView","colorB":255,"colorG":255,"colorR":255,"customProperty":"","flipX":false,"flipY":false,"height":131,"ignoreSize":true,"layoutParameter":null,"opacity":255,"positionPercentX":-0.107638888,"positionPercentY":-0.3278302,"positionType":0,"rotation":0,"scaleX":0.3810843,"scaleY":0.3810843,"sizePercentX":0.4652778,"sizePercentY":0.308962256,"sizeType":0,"tag":10418,"touchAble":false,"useMergedTexture":false,"visible":true,"width":134,"x":-31,"y":-139,"capInsetsHeight":1,"capInsetsWidth":1,"capInsetsX":0,"capInsetsY":0,"fileName":null,"fileNameData":{"path":"zs005-1.png","plistFile":"","resourceType":0},"scale9Enable":false,"scale9Height":131,"scale9Width":134}},{"classname":"ImageView","name":null,"children":[],"options":{"__type":"ImageViewSurrogate:#EditorCommon.JsonModel.Component.GUI","classname":"ImageView","name":"Image_83_2","ZOrder":0,"actiontag":50414385,"anchorPointX":0.5,"anchorPointY":0.5,"classType":"CocoStudio.EngineAdapterWrap.CSImageView","colorB":255,"colorG":255,"colorR":255,"customProperty":"","flipX":false,"flipY":false,"height":118,"ignoreSize":true,"layoutParameter":null,"opacity":255,"positionPercentX":0.0972222239,"positionPercentY":-0.3278302,"positionType":0,"rotation":0,"scaleX":0.3810843,"scaleY":0.3810843,"sizePercentX":0.427083343,"sizePercentY":0.2783019,"sizeType":0,"tag":10423,"touchAble":false,"useMergedTexture":false,"visible":true,"width":123,"x":28,"y":-139,"capInsetsHeight":1,"capInsetsWidth":1,"capInsetsX":0,"capInsetsY":0,"fileName":null,"fileNameData":{"path":"yxtxxiaoq.png","plistFile":"","resourceType":0},"scale9Enable":false,"scale9Height":118,"scale9Width":123}},{"classname":"ImageView","name":null,"children":[{"classname":"ImageView","name":null,"children":[],"options":{"__type":"ImageViewSurrogate:#EditorCommon.JsonModel.Component.GUI","classname":"ImageView","name":"Image_84","ZOrder":0,"actiontag":57033408,"anchorPointX":0.5,"anchorPointY":0.5,"classType":"CocoStudio.EngineAdapterWrap.CSImageView","colorB":255,"colorG":255,"colorR":255,"customProperty":"","flipX":false,"flipY":false,"height":122,"ignoreSize":true,"layoutParameter":null,"opacity":255,"positionPercentX":0.358208954,"positionPercentY":0.3129771,"positionType":0,"rotation":0,"scaleX":0.3954917,"scaleY":0.3954917,"sizePercentX":0.9104478,"sizePercentY":0.9312977,"sizeType":0,"tag":10425,"touchAble":false,"useMergedTexture":false,"visible":true,"width":122,"x":48,"y":41,"capInsetsHeight":1,"capInsetsWidth":1,"capInsetsX":0,"capInsetsY":0,"fileName":null,"fileNameData":{"path":"zhili01.png","plistFile":"","resourceType":0},"scale9Enable":false,"scale9Height":122,"scale9Width":122}}],"options":{"__type":"ImageViewSurrogate:#EditorCommon.JsonModel.Component.GUI","classname":"ImageView","name":"Image_82_2","ZOrder":1,"actiontag":51076288,"anchorPointX":0.5,"anchorPointY":0.5,"classType":"CocoStudio.EngineAdapterWrap.CSImageView","colorB":255,"colorG":255,"colorR":255,"customProperty":"","flipX":false,"flipY":false,"height":131,"ignoreSize":true,"layoutParameter":null,"opacity":255,"positionPercentX":0.0972222239,"positionPercentY":-0.3278302,"positionType":0,"rotation":0,"scaleX":0.3810843,"scaleY":0.3810843,"sizePercentX":0.4652778,"sizePercentY":0.308962256,"sizeType":0,"tag":10424,"touchAble":false,"useMergedTexture":false,"visible":true,"width":134,"x":28,"y":-139,"capInsetsHeight":1,"capInsetsWidth":1,"capInsetsX":0,"capInsetsY":0,"fileName":null,"fileNameData":{"path":"zs005-1.png","plistFile":"","resourceType":0},"scale9Enable":false,"scale9Height":131,"scale9Width":134}}],"options":{"__type":"ImageViewSurrogate:#EditorCommon.JsonModel.Component.GUI","classname":"ImageView","name":"Image_20","ZOrder":0,"actiontag":13891457,"anchorPointX":0.5,"anchorPointY":0.5,"classType":"CocoStudio.EngineAdapterWrap.CSImageView","colorB":255,"colorG":255,"colorR":255,"customProperty":"","flipX":false,"flipY":false,"height":424,"ignoreSize":true,"layoutParameter":null,"opacity":255,"positionPercentX":0.2917073,"positionPercentY":-0.0299625471,"positionType":0,"rotation":0,"scaleX":1,"scaleY":1,"sizePercentX":0.2809756,"sizePercentY":0.7940075,"sizeType":0,"tag":10124,"touchAble":false,"useMergedTexture":false,"visible":true,"width":288,"x":299,"y":-16,"capInsetsHeight":1,"capInsetsWidth":1,"capInsetsX":0,"capInsetsY":0,"fileName":null,"fileNameData":{"path":"cka001.png","plistFile":"","resourceType":0},"scale9Enable":false,"scale9Height":424,"scale9Width":288}},{"classname":"ImageView","name":null,"children":[{"classname":"ImageView","name":null,"children":[],"options":{"__type":"ImageViewSurrogate:#EditorCommon.JsonModel.Component.GUI","classname":"ImageView","name":"Image_20_1","ZOrder":0,"actiontag":51455566,"anchorPointX":0.5,"anchorPointY":0.5,"classType":"CocoStudio.EngineAdapterWrap.CSImageView","colorB":255,"colorG":255,"colorR":255,"customProperty":"","flipX":false,"flipY":false,"height":63,"ignoreSize":true,"layoutParameter":null,"opacity":255,"positionPercentX":-0.00347222225,"positionPercentY":0.3278302,"positionType":0,"rotation":0,"scaleX":1,"scaleY":1,"sizePercentX":0.9861111,"sizePercentY":0.1485849,"sizeType":0,"tag":10371,"touchAble":false,"useMergedTexture":false,"visible":true,"width":284,"x":-1,"y":139,"capInsetsHeight":1,"capInsetsWidth":1,"capInsetsX":0,"capInsetsY":0,"fileName":null,"fileNameData":{"path":"cka001-11.png","plistFile":"","resourceType":0},"scale9Enable":false,"scale9Height":63,"scale9Width":284}},{"classname":"ImageView","name":null,"children":[],"options":{"__type":"ImageViewSurrogate:#EditorCommon.JsonModel.Component.GUI","classname":"ImageView","name":"Image_21_1","ZOrder":0,"actiontag":60446911,"anchorPointX":0.5,"anchorPointY":0.5,"classType":"CocoStudio.EngineAdapterWrap.CSImageView","colorB":255,"colorG":255,"colorR":255,"customProperty":"","flipX":false,"flipY":false,"height":53,"ignoreSize":true,"layoutParameter":null,"opacity":255,"positionPercentX":0,"positionPercentY":0.3490566,"positionType":0,"rotation":0,"scaleX":1,"scaleY":1,"sizePercentX":0.5729167,"sizePercentY":0.125,"sizeType":0,"tag":10372,"touchAble":false,"useMergedTexture":false,"visible":true,"width":165,"x":0,"y":148,"capInsetsHeight":1,"capInsetsWidth":1,"capInsetsX":0,"capInsetsY":0,"fileName":null,"fileNameData":{"path":"cka001-12.png","plistFile":"","resourceType":0},"scale9Enable":false,"scale9Height":53,"scale9Width":165}},{"classname":"ImageView","name":null,"children":[],"options":{"__type":"ImageViewSurrogate:#EditorCommon.JsonModel.Component.GUI","classname":"ImageView","name":"Image_22_1","ZOrder":0,"actiontag":7151293,"anchorPointX":0.5,"anchorPointY":0.5,"classType":"CocoStudio.EngineAdapterWrap.CSImageView","colorB":255,"colorG":255,"colorR":255,"customProperty":"","flipX":false,"flipY":false,"height":354,"ignoreSize":true,"layoutParameter":null,"opacity":255,"positionPercentX":0,"positionPercentY":0.06367925,"positionType":0,"rotation":0,"scaleX":0.486659,"scaleY":0.486635834,"sizePercentX":1.23958337,"sizePercentY":0.8349057,"sizeType":0,"tag":10373,"touchAble":false,"useMergedTexture":false,"visible":true,"width":357,"x":0,"y":27,"capInsetsHeight":1,"capInsetsWidth":1,"capInsetsX":0,"capInsetsY":0,"fileName":null,"fileNameData":{"path":"zs008.png","plistFile":"","resourceType":0},"scale9Enable":false,"scale9Height":354,"scale9Width":357}},{"classname":"ImageView","name":null,"children":[{"classname":"ImageView","name":null,"children":[],"options":{"__type":"ImageViewSurrogate:#EditorCommon.JsonModel.Component.GUI","classname":"ImageView","name":"Image_24","ZOrder":0,"actiontag":42383849,"anchorPointX":0.5,"anchorPointY":0.5,"classType":"CocoStudio.EngineAdapterWrap.CSImageView","colorB":255,"colorG":255,"colorR":255,"customProperty":"","flipX":false,"flipY":false,"height":40,"ignoreSize":true,"layoutParameter":null,"opacity":255,"positionPercentX":-0.302083343,"positionPercentY":0,"positionType":0,"rotation":0,"scaleX":0.762475431,"scaleY":0.7834224,"sizePercentX":0.458333343,"sizePercentY":0.9302326,"sizeType":0,"tag":10375,"touchAble":false,"useMergedTexture":false,"visible":true,"width":44,"x":-29,"y":0,"capInsetsHeight":1,"capInsetsWidth":1,"capInsetsX":0,"capInsetsY":0,"fileName":null,"fileNameData":{"path":"jb01.png","plistFile":"","resourceType":0},"scale9Enable":false,"scale9Height":40,"scale9Width":44}},{"classname":"Label","name":null,"children":[],"options":{"__type":"LabelSurrogate:#EditorCommon.JsonModel.Component.GUI","classname":"Label","name":"Label_25","ZOrder":0,"actiontag":45910321,"anchorPointX":0.5,"anchorPointY":0.5,"classType":"CocoStudio.EngineAdapterWrap.CSLabel","colorB":255,"colorG":255,"colorR":255,"customProperty":"","flipX":false,"flipY":false,"height":30,"ignoreSize":true,"layoutParameter":null,"opacity":255,"positionPercentX":0.135416672,"positionPercentY":0.0232558139,"positionType":0,"rotation":0,"scaleX":1,"scaleY":1,"sizePercentX":0.5416667,"sizePercentY":0.6976744,"sizeType":0,"tag":10376,"touchAble":false,"useMergedTexture":false,"visible":true,"width":52,"x":13,"y":1,"areaHeight":0,"areaWidth":0,"fontFile":null,"fontName":"微软雅黑","fontSize":22,"hAlignment":0,"text":"1000","touchScaleEnable":false,"vAlignment":0}}],"options":{"__type":"ImageViewSurrogate:#EditorCommon.JsonModel.Component.GUI","classname":"ImageView","name":"Image_23_1","ZOrder":0,"actiontag":64361640,"anchorPointX":0.5,"anchorPointY":0.5,"classType":"CocoStudio.EngineAdapterWrap.CSImageView","colorB":255,"colorG":255,"colorR":255,"customProperty":"","flipX":false,"flipY":false,"height":43,"ignoreSize":true,"layoutParameter":null,"opacity":255,"positionPercentX":0.0069444445,"positionPercentY":-0.2523585,"positionType":0,"rotation":0,"scaleX":1,"scaleY":1,"sizePercentX":0.333333343,"sizePercentY":0.1014151,"sizeType":0,"tag":10374,"touchAble":false,"useMergedTexture":false,"visible":true,"width":96,"x":2,"y":-107,"capInsetsHeight":1,"capInsetsWidth":1,"capInsetsX":0,"capInsetsY":0,"fileName":null,"fileNameData":{"path":"grensx0011-4.png","plistFile":"","resourceType":0},"scale9Enable":false,"scale9Height":43,"scale9Width":96}},{"classname":"Label","name":null,"children":[{"classname":"Label","name":null,"children":[],"options":{"__type":"LabelSurrogate:#EditorCommon.JsonModel.Component.GUI","classname":"Label","name":"Label_86","ZOrder":0,"actiontag":8679687,"anchorPointX":0,"anchorPointY":0.479166657,"classType":"CocoStudio.EngineAdapterWrap.CSLabel","colorB":2,"colorG":13,"colorR":59,"customProperty":"","flipX":false,"flipY":false,"height":30,"ignoreSize":true,"layoutParameter":null,"opacity":255,"positionPercentX":0.6173913,"positionPercentY":0,"positionType":0,"rotation":0,"scaleX":1,"scaleY":1,"sizePercentX":0.2,"sizePercentY":1,"sizeType":0,"tag":15917,"touchAble":false,"useMergedTexture":false,"visible":true,"width":23,"x":71,"y":0,"areaHeight":0,"areaWidth":0,"fontFile":null,"fontName":"微软雅黑","fontSize":23,"hAlignment":0,"text":"\/6","touchScaleEnable":false,"vAlignment":0}},{"classname":"Label","name":null,"children":[],"options":{"__type":"LabelSurrogate:#EditorCommon.JsonModel.Component.GUI","classname":"Label","name":"Label_86_0","ZOrder":0,"actiontag":51747874,"anchorPointX":0,"anchorPointY":0.5,"classType":"CocoStudio.EngineAdapterWrap.CSLabel","colorB":2,"colorG":13,"colorR":59,"customProperty":"","flipX":false,"flipY":false,"height":30,"ignoreSize":true,"layoutParameter":null,"opacity":255,"positionPercentX":0.5043478,"positionPercentY":0,"positionType":0,"rotation":0,"scaleX":1,"scaleY":1,"sizePercentX":0.11304348,"sizePercentY":1,"sizeType":0,"tag":15919,"touchAble":false,"useMergedTexture":false,"visible":true,"width":13,"x":58,"y":0,"areaHeight":0,"areaWidth":0,"fontFile":null,"fontName":"微软雅黑","fontSize":23,"hAlignment":0,"text":"6","touchScaleEnable":false,"vAlignment":0}}],"options":{"__type":"LabelSurrogate:#EditorCommon.JsonModel.Component.GUI","classname":"Label","name":"Label_26_1","ZOrder":0,"actiontag":48409749,"anchorPointX":0.5,"anchorPointY":0.5,"classType":"CocoStudio.EngineAdapterWrap.CSLabel","colorB":2,"colorG":13,"colorR":59,"customProperty":"","flipX":false,"flipY":false,"height":30,"ignoreSize":true,"layoutParameter":null,"opacity":255,"positionPercentX":-0.0729166642,"positionPercentY":-0.3514151,"positionType":0,"rotation":0,"scaleX":1,"scaleY":1,"sizePercentX":0.399305552,"sizePercentY":0.0707547143,"sizeType":0,"tag":10377,"touchAble":false,"useMergedTexture":false,"visible":true,"width":115,"x":-21,"y":-149,"areaHeight":0,"areaWidth":0,"fontFile":null,"fontName":"微软雅黑","fontSize":23,"hAlignment":0,"text":"免费次数：","touchScaleEnable":false,"vAlignment":0}},{"classname":"ImageView","name":null,"children":[],"options":{"__type":"ImageViewSurrogate:#EditorCommon.JsonModel.Component.GUI","classname":"ImageView","name":"Image_31_1","ZOrder":0,"actiontag":58554014,"anchorPointX":0.5,"anchorPointY":0.5,"classType":"CocoStudio.EngineAdapterWrap.CSImageView","colorB":255,"colorG":255,"colorR":255,"customProperty":"","flipX":false,"flipY":false,"height":38,"ignoreSize":true,"layoutParameter":null,"opacity":255,"positionPercentX":0,"positionPercentY":-0.155660376,"positionType":0,"rotation":0,"scaleX":0.762093842,"scaleY":0.762093842,"sizePercentX":1.01041663,"sizePercentY":0.08962264,"sizeType":0,"tag":10380,"touchAble":false,"useMergedTexture":false,"visible":true,"width":291,"x":0,"y":-66,"capInsetsHeight":1,"capInsetsWidth":1,"capInsetsX":0,"capInsetsY":0,"fileName":null,"fileNameData":{"path":"cka001-2.png","plistFile":"","resourceType":0},"scale9Enable":false,"scale9Height":38,"scale9Width":291}},{"classname":"ImageView","name":null,"children":[],"options":{"__type":"ImageViewSurrogate:#EditorCommon.JsonModel.Component.GUI","classname":"ImageView","name":"Image_32","ZOrder":0,"actiontag":57224084,"anchorPointX":0.5,"anchorPointY":0.5,"classType":"CocoStudio.EngineAdapterWrap.CSImageView","colorB":255,"colorG":255,"colorR":255,"customProperty":"","flipX":false,"flipY":false,"height":600,"ignoreSize":true,"layoutParameter":null,"opacity":255,"positionPercentX":0.00347222225,"positionPercentY":0.0683962256,"positionType":0,"rotation":69.49221,"scaleX":0.655474663,"scaleY":0.655474663,"sizePercentX":1.97916663,"sizePercentY":1.41509438,"sizeType":0,"tag":10381,"touchAble":false,"useMergedTexture":false,"visible":true,"width":570,"x":1,"y":29,"capInsetsHeight":1,"capInsetsWidth":1,"capInsetsX":0,"capInsetsY":0,"fileName":null,"fileNameData":{"path":"sl01_1.png","plistFile":"","resourceType":0},"scale9Enable":false,"scale9Height":600,"scale9Width":570}}],"options":{"__type":"ImageViewSurrogate:#EditorCommon.JsonModel.Component.GUI","classname":"ImageView","name":"Image_20_0","ZOrder":0,"actiontag":50456527,"anchorPointX":0.5,"anchorPointY":0.5,"classType":"CocoStudio.EngineAdapterWrap.CSImageView","colorB":255,"colorG":255,"colorR":255,"customProperty":"","flipX":false,"flipY":false,"height":424,"ignoreSize":true,"layoutParameter":null,"opacity":255,"positionPercentX":-0.293658525,"positionPercentY":-0.0318352059,"positionType":0,"rotation":0,"scaleX":1,"scaleY":1,"sizePercentX":0.2809756,"sizePercentY":0.7940075,"sizeType":0,"tag":10370,"touchAble":false,"useMergedTexture":false,"visible":true,"width":288,"x":-301,"y":-17,"capInsetsHeight":1,"capInsetsWidth":1,"capInsetsX":0,"capInsetsY":0,"fileName":null,"fileNameData":{"path":"cka001.png","plistFile":"","resourceType":0},"scale9Enable":false,"scale9Height":424,"scale9Width":288}},{"classname":"ImageView","name":null,"children":[{"classname":"ImageView","name":null,"children":[],"options":{"__type":"ImageViewSurrogate:#EditorCommon.JsonModel.Component.GUI","classname":"ImageView","name":"Image_20_2","ZOrder":0,"actiontag":8879441,"anchorPointX":0.5,"anchorPointY":0.5,"classType":"CocoStudio.EngineAdapterWrap.CSImageView","colorB":255,"colorG":255,"colorR":255,"customProperty":"","flipX":false,"flipY":false,"height":63,"ignoreSize":true,"layoutParameter":null,"opacity":255,"positionPercentX":-0.00347222225,"positionPercentY":0.332547158,"positionType":0,"rotation":0,"scaleX":1,"scaleY":1,"sizePercentX":0.9861111,"sizePercentY":0.1485849,"sizeType":0,"tag":10395,"touchAble":false,"useMergedTexture":false,"visible":true,"width":284,"x":-1,"y":141,"capInsetsHeight":1,"capInsetsWidth":1,"capInsetsX":0,"capInsetsY":0,"fileName":null,"fileNameData":{"path":"cka001-18.png","plistFile":"","resourceType":0},"scale9Enable":false,"scale9Height":63,"scale9Width":284}},{"classname":"ImageView","name":null,"children":[],"options":{"__type":"ImageViewSurrogate:#EditorCommon.JsonModel.Component.GUI","classname":"ImageView","name":"Image_21_2","ZOrder":0,"actiontag":12806110,"anchorPointX":0.5,"anchorPointY":0.5,"classType":"CocoStudio.EngineAdapterWrap.CSImageView","colorB":255,"colorG":255,"colorR":255,"customProperty":"","flipX":false,"flipY":false,"height":52,"ignoreSize":true,"layoutParameter":null,"opacity":255,"positionPercentX":0,"positionPercentY":0.3561321,"positionType":0,"rotation":0,"scaleX":1,"scaleY":1,"sizePercentX":0.5729167,"sizePercentY":0.122641511,"sizeType":0,"tag":10396,"touchAble":false,"useMergedTexture":false,"visible":true,"width":165,"x":0,"y":151,"capInsetsHeight":1,"capInsetsWidth":1,"capInsetsX":0,"capInsetsY":0,"fileName":null,"fileNameData":{"path":"cka001-13.png","plistFile":"","resourceType":0},"scale9Enable":false,"scale9Height":52,"scale9Width":165}},{"classname":"ImageView","name":null,"children":[],"options":{"__type":"ImageViewSurrogate:#EditorCommon.JsonModel.Component.GUI","classname":"ImageView","name":"Image_22_2","ZOrder":0,"actiontag":48146126,"anchorPointX":0.5,"anchorPointY":0.5,"classType":"CocoStudio.EngineAdapterWrap.CSImageView","colorB":255,"colorG":255,"colorR":255,"customProperty":"","flipX":false,"flipY":false,"height":354,"ignoreSize":true,"layoutParameter":null,"opacity":255,"positionPercentX":0,"positionPercentY":0.06367925,"positionType":0,"rotation":0,"scaleX":0.486659,"scaleY":0.486635834,"sizePercentX":1.23958337,"sizePercentY":0.8349057,"sizeType":0,"tag":10397,"touchAble":false,"useMergedTexture":false,"visible":true,"width":357,"x":0,"y":27,"capInsetsHeight":1,"capInsetsWidth":1,"capInsetsX":0,"capInsetsY":0,"fileName":null,"fileNameData":{"path":"zs008.png","plistFile":"","resourceType":0},"scale9Enable":false,"scale9Height":354,"scale9Width":357}},{"classname":"ImageView","name":null,"children":[{"classname":"ImageView","name":null,"children":[],"options":{"__type":"ImageViewSurrogate:#EditorCommon.JsonModel.Component.GUI","classname":"ImageView","name":"Image_24","ZOrder":0,"actiontag":7522152,"anchorPointX":0.5,"anchorPointY":0.5,"classType":"CocoStudio.EngineAdapterWrap.CSImageView","colorB":255,"colorG":255,"colorR":255,"customProperty":"","flipX":false,"flipY":false,"height":41,"ignoreSize":true,"layoutParameter":null,"opacity":255,"positionPercentX":-0.291666657,"positionPercentY":0,"positionType":0,"rotation":0,"scaleX":0.6670575,"scaleY":0.6853831,"sizePercentX":0.53125,"sizePercentY":0.95348835,"sizeType":0,"tag":10399,"touchAble":false,"useMergedTexture":false,"visible":true,"width":51,"x":-28,"y":0,"capInsetsHeight":1,"capInsetsWidth":1,"capInsetsX":0,"capInsetsY":0,"fileName":null,"fileNameData":{"path":"zs01.png","plistFile":"","resourceType":0},"scale9Enable":false,"scale9Height":41,"scale9Width":51}},{"classname":"Label","name":null,"children":[],"options":{"__type":"LabelSurrogate:#EditorCommon.JsonModel.Component.GUI","classname":"Label","name":"Label_25","ZOrder":0,"actiontag":590507,"anchorPointX":0.5,"anchorPointY":0.5,"classType":"CocoStudio.EngineAdapterWrap.CSLabel","colorB":255,"colorG":255,"colorR":255,"customProperty":"","flipX":false,"flipY":false,"height":31,"ignoreSize":true,"layoutParameter":null,"opacity":255,"positionPercentX":0.135416672,"positionPercentY":0.0232558139,"positionType":0,"rotation":0,"scaleX":1,"scaleY":1,"sizePercentX":0.4375,"sizePercentY":0.7209302,"sizeType":0,"tag":10400,"touchAble":false,"useMergedTexture":false,"visible":true,"width":42,"x":13,"y":1,"areaHeight":0,"areaWidth":0,"fontFile":null,"fontName":"微软雅黑","fontSize":24,"hAlignment":0,"text":"280","touchScaleEnable":false,"vAlignment":0}}],"options":{"__type":"ImageViewSurrogate:#EditorCommon.JsonModel.Component.GUI","classname":"ImageView","name":"Image_23_2","ZOrder":0,"actiontag":30661956,"anchorPointX":0.5,"anchorPointY":0.5,"classType":"CocoStudio.EngineAdapterWrap.CSImageView","colorB":255,"colorG":255,"colorR":255,"customProperty":"","flipX":false,"flipY":false,"height":43,"ignoreSize":true,"layoutParameter":null,"opacity":255,"positionPercentX":0.0069444445,"positionPercentY":-0.2523585,"positionType":0,"rotation":0,"scaleX":1,"scaleY":1,"sizePercentX":0.333333343,"sizePercentY":0.1014151,"sizeType":0,"tag":10398,"touchAble":false,"useMergedTexture":false,"visible":true,"width":96,"x":2,"y":-107,"capInsetsHeight":1,"capInsetsWidth":1,"capInsetsX":0,"capInsetsY":0,"fileName":null,"fileNameData":{"path":"grensx0011-4.png","plistFile":"","resourceType":0},"scale9Enable":false,"scale9Height":43,"scale9Width":96}},{"classname":"Label","name":null,"children":[],"options":{"__type":"LabelSurrogate:#EditorCommon.JsonModel.Component.GUI","classname":"Label","name":"Label_26_2","ZOrder":0,"actiontag":5314566,"anchorPointX":0.5,"anchorPointY":0.5,"classType":"CocoStudio.EngineAdapterWrap.CSLabel","colorB":2,"colorG":13,"colorR":59,"customProperty":"","flipX":false,"flipY":false,"height":30,"ignoreSize":true,"layoutParameter":null,"opacity":255,"positionPercentX":0.010416667,"positionPercentY":-0.3466981,"positionType":0,"rotation":0,"scaleX":1,"scaleY":1,"sizePercentX":0.5520833,"sizePercentY":0.0707547143,"sizeType":0,"tag":10401,"touchAble":false,"useMergedTexture":false,"visible":true,"width":159,"x":3,"y":-147,"areaHeight":0,"areaWidth":0,"fontFile":null,"fontName":"微软雅黑","fontSize":23,"hAlignment":0,"text":"26:23:19后免费","touchScaleEnable":false,"vAlignment":0}},{"classname":"ImageView","name":null,"children":[],"options":{"__type":"ImageViewSurrogate:#EditorCommon.JsonModel.Component.GUI","classname":"ImageView","name":"Image_31_2","ZOrder":0,"actiontag":47831098,"anchorPointX":0.5,"anchorPointY":0.5,"classType":"CocoStudio.EngineAdapterWrap.CSImageView","colorB":255,"colorG":255,"colorR":255,"customProperty":"","flipX":false,"flipY":false,"height":45,"ignoreSize":true,"layoutParameter":null,"opacity":255,"positionPercentX":0,"positionPercentY":-0.155660376,"positionType":0,"rotation":0,"scaleX":0.762093842,"scaleY":0.762093842,"sizePercentX":0.9270833,"sizePercentY":0.106132075,"sizeType":0,"tag":10402,"touchAble":false,"useMergedTexture":false,"visible":true,"width":267,"x":0,"y":-66,"capInsetsHeight":1,"capInsetsWidth":1,"capInsetsX":0,"capInsetsY":0,"fileName":null,"fileNameData":{"path":"cka001-7.png","plistFile":"","resourceType":0},"scale9Enable":false,"scale9Height":45,"scale9Width":267}},{"classname":"ImageView","name":null,"children":[],"options":{"__type":"ImageViewSurrogate:#EditorCommon.JsonModel.Component.GUI","classname":"ImageView","name":"Image_32_1","ZOrder":0,"actiontag":27826705,"anchorPointX":0.5,"anchorPointY":0.5,"classType":"CocoStudio.EngineAdapterWrap.CSImageView","colorB":255,"colorG":255,"colorR":255,"customProperty":"","flipX":false,"flipY":false,"height":600,"ignoreSize":true,"layoutParameter":null,"opacity":255,"positionPercentX":0.013888889,"positionPercentY":0.0613207556,"positionType":0,"rotation":687.6067,"scaleX":0.7124921,"scaleY":0.7124921,"sizePercentX":1.97916663,"sizePercentY":1.41509438,"sizeType":0,"tag":10403,"touchAble":false,"useMergedTexture":false,"visible":true,"width":570,"x":4,"y":26,"capInsetsHeight":1,"capInsetsWidth":1,"capInsetsX":0,"capInsetsY":0,"fileName":null,"fileNameData":{"path":"sl01_1.png","plistFile":"","resourceType":0},"scale9Enable":false,"scale9Height":600,"scale9Width":570}}],"options":{"__type":"ImageViewSurrogate:#EditorCommon.JsonModel.Component.GUI","classname":"ImageView","name":"Image_20_1","ZOrder":0,"actiontag":60638928,"anchorPointX":0.5,"anchorPointY":0.5,"classType":"CocoStudio.EngineAdapterWrap.CSImageView","colorB":255,"colorG":255,"colorR":255,"customProperty":"","flipX":false,"flipY":false,"height":424,"ignoreSize":true,"layoutParameter":null,"opacity":255,"positionPercentX":-0.00195121951,"positionPercentY":-0.037453182,"positionType":0,"rotation":0,"scaleX":1,"scaleY":1,"sizePercentX":0.2809756,"sizePercentY":0.7940075,"sizeType":0,"tag":10394,"touchAble":false,"useMergedTexture":false,"visible":true,"width":288,"x":-2,"y":-20,"capInsetsHeight":1,"capInsetsWidth":1,"capInsetsX":0,"capInsetsY":0,"fileName":null,"fileNameData":{"path":"cka001.png","plistFile":"","resourceType":0},"scale9Enable":false,"scale9Height":424,"scale9Width":288}},{"classname":"ImageView","name":null,"children":[{"classname":"ImageView","name":null,"children":[],"options":{"__type":"ImageViewSurrogate:#EditorCommon.JsonModel.Component.GUI","classname":"ImageView","name":"Image_34","ZOrder":0,"actiontag":36999970,"anchorPointX":0.5,"anchorPointY":0.5,"classType":"CocoStudio.EngineAdapterWrap.CSImageView","colorB":255,"colorG":255,"colorR":255,"customProperty":"","flipX":true,"flipY":false,"height":39,"ignoreSize":true,"layoutParameter":null,"opacity":141,"positionPercentX":0.13666667,"positionPercentY":0,"positionType":0,"rotation":0,"scaleX":0.348363966,"scaleY":0.348363966,"sizePercentX":0.396666676,"sizePercentY":2.16666675,"sizeType":0,"tag":19006,"touchAble":false,"useMergedTexture":false,"visible":true,"width":119,"x":41,"y":0,"capInsetsHeight":1,"capInsetsWidth":1,"capInsetsX":0,"capInsetsY":0,"fileName":null,"fileNameData":{"path":"yun0.png","plistFile":"","resourceType":0},"scale9Enable":false,"scale9Height":39,"scale9Width":119}},{"classname":"ImageView","name":null,"children":[],"options":{"__type":"ImageViewSurrogate:#EditorCommon.JsonModel.Component.GUI","classname":"ImageView","name":"Image_34_0","ZOrder":0,"actiontag":57167999,"anchorPointX":0.5,"anchorPointY":0.5,"classType":"CocoStudio.EngineAdapterWrap.CSImageView","colorB":255,"colorG":255,"colorR":255,"customProperty":"","flipX":false,"flipY":false,"height":39,"ignoreSize":true,"layoutParameter":null,"opacity":141,"positionPercentX":-0.116666667,"positionPercentY":0,"positionType":0,"rotation":0,"scaleX":0.348363966,"scaleY":0.348363966,"sizePercentX":0.396666676,"sizePercentY":2.16666675,"sizeType":0,"tag":19008,"touchAble":false,"useMergedTexture":false,"visible":true,"width":119,"x":-35,"y":0,"capInsetsHeight":1,"capInsetsWidth":1,"capInsetsX":0,"capInsetsY":0,"fileName":null,"fileNameData":{"path":"yun0.png","plistFile":"","resourceType":0},"scale9Enable":false,"scale9Height":39,"scale9Width":119}},{"classname":"ImageView","name":null,"children":[],"options":{"__type":"ImageViewSurrogate:#EditorCommon.JsonModel.Component.GUI","classname":"ImageView","name":"Image_20","ZOrder":0,"actiontag":36325316,"anchorPointX":0.5,"anchorPointY":0.5,"classType":"CocoStudio.EngineAdapterWrap.CSImageView","colorB":255,"colorG":255,"colorR":255,"customProperty":"","flipX":false,"flipY":false,"height":37,"ignoreSize":true,"layoutParameter":null,"opacity":255,"positionPercentX":0.01,"positionPercentY":-0.055555556,"positionType":0,"rotation":0,"scaleX":0.489052117,"scaleY":0.4978648,"sizePercentX":0.286666662,"sizePercentY":2.05555558,"sizeType":0,"tag":20244,"touchAble":false,"useMergedTexture":false,"visible":true,"width":86,"x":3,"y":-1,"capInsetsHeight":1,"capInsetsWidth":1,"capInsetsX":0,"capInsetsY":0,"fileName":null,"fileNameData":{"path":"zduix-3.png","plistFile":"","resourceType":0},"scale9Enable":false,"scale9Height":37,"scale9Width":86}}],"options":{"__type":"ImageViewSurrogate:#EditorCommon.JsonModel.Component.GUI","classname":"ImageView","name":"Image_34","ZOrder":0,"actiontag":26508955,"anchorPointX":0.5,"anchorPointY":0.5,"classType":"CocoStudio.EngineAdapterWrap.CSImageView","colorB":255,"colorG":255,"colorR":255,"customProperty":"","flipX":false,"flipY":false,"height":18,"ignoreSize":true,"layoutParameter":null,"opacity":189,"positionPercentX":-0.0156097561,"positionPercentY":0.406367034,"positionType":0,"rotation":0,"scaleX":2.91230059,"scaleY":2.91230059,"sizePercentX":0.292682916,"sizePercentY":0.0337078646,"sizeType":0,"tag":19005,"touchAble":false,"useMergedTexture":false,"visible":true,"width":300,"x":-16,"y":217,"capInsetsHeight":1,"capInsetsWidth":1,"capInsetsX":0,"capInsetsY":0,"fileName":null,"fileNameData":{"path":"cka001-22-1.png","plistFile":"","resourceType":0},"scale9Enable":false,"scale9Height":18,"scale9Width":300}}],"options":{"__type":"ImageViewSurrogate:#EditorCommon.JsonModel.Component.GUI","classname":"ImageView","name":"Image_21","ZOrder":1,"actiontag":40618606,"anchorPointX":0.5,"anchorPointY":0.5,"classType":"CocoStudio.EngineAdapterWrap.CSImageView","colorB":255,"colorG":255,"colorR":255,"customProperty":"","flipX":false,"flipY":false,"height":534,"ignoreSize":true,"layoutParameter":{"classname":null,"name":null,"align":1,"gravity":0,"layoutEageType":0,"layoutNormalHorizontal":0,"layoutNormalVertical":0,"layoutParentHorizontal":0,"layoutParentVertical":0,"marginDown":0,"marginLeft":51,"marginRight":0,"marginTop":76,"relativeName":"Image_21","relativeToName":"root_panel","type":2},"opacity":255,"positionPercentX":0.496038735,"positionPercentY":0.4640625,"positionType":0,"rotation":0,"scaleX":1,"scaleY":1,"sizePercentX":0.902288735,"sizePercentY":0.834375,"sizeType":0,"tag":9903,"touchAble":false,"useMergedTexture":false,"visible":true,"width":1025,"x":563,"y":297,"capInsetsHeight":1,"capInsetsWidth":1,"capInsetsX":0,"capInsetsY":0,"fileName":null,"fileNameData":{"path":"cka001-21-1-1.png","plistFile":"","resourceType":0},"scale9Enable":false,"scale9Height":534,"scale9Width":1025}},{"classname":"Button","name":null,"children":[],"options":{"__type":"ButtonSurrogate:#EditorCommon.JsonModel.Component.GUI","classname":"Button","name":"button_back_0","ZOrder":1,"actiontag":20775880,"anchorPointX":0.5,"anchorPointY":0.5,"classType":"CocoStudio.EngineAdapterWrap.CSButton","colorB":255,"colorG":255,"colorR":255,"customProperty":"","flipX":false,"flipY":false,"height":121,"ignoreSize":true,"layoutParameter":{"classname":null,"name":null,"align":1,"gravity":0,"layoutEageType":0,"layoutNormalHorizontal":0,"layoutNormalVertical":0,"layoutParentHorizontal":0,"layoutParentVertical":0,"marginDown":0,"marginLeft":-22,"marginRight":0,"marginTop":-21,"relativeName":"button_back_0","relativeToName":"root_panel","type":2},"opacity":255,"positionPercentX":0.0356514081,"positionPercentY":0.938281238,"positionType":0,"rotation":0,"scaleX":0.7748277,"scaleY":0.7748277,"sizePercentX":0.110035211,"sizePercentY":0.1890625,"sizeType":0,"tag":10428,"touchAble":true,"useMergedTexture":false,"visible":true,"width":125,"x":40,"y":600,"capInsetsHeight":1,"capInsetsWidth":1,"capInsetsX":0,"capInsetsY":0,"disabled":null,"disabledData":{"path":null,"plistFile":null,"resourceType":0},"fontName":"微软雅黑","fontSize":14,"fontType":0,"normal":null,"normalData":{"path":"zsgzdxzyx04-1.png","plistFile":"","resourceType":0},"pressed":null,"pressedData":{"path":"zsgzdxzyx04.png","plistFile":"","resourceType":0},"scale9Enable":false,"scale9Height":121,"scale9Width":125,"text":"","textColorB":255,"textColorG":255,"textColorR":255}},{"classname":"ImageView","name":null,"children":[],"options":{"__type":"ImageViewSurrogate:#EditorCommon.JsonModel.Component.GUI","classname":"ImageView","name":"Image_33","ZOrder":1,"actiontag":45254713,"anchorPointX":0.5,"anchorPointY":0.5,"classType":"CocoStudio.EngineAdapterWrap.CSImageView","colorB":255,"colorG":255,"colorR":255,"customProperty":"","flipX":false,"flipY":false,"height":110,"ignoreSize":true,"layoutParameter":{"classname":null,"name":null,"align":1,"gravity":0,"layoutEageType":0,"layoutNormalHorizontal":0,"layoutNormalVertical":0,"layoutParentHorizontal":0,"layoutParentVertical":0,"marginDown":0,"marginLeft":217,"marginRight":0,"marginTop":275,"relativeName":"Image_33","relativeToName":"root_panel","type":2},"opacity":255,"positionPercentX":0.232394367,"positionPercentY":0.484375,"positionType":0,"rotation":0,"scaleX":1,"scaleY":1,"sizePercentX":0.0827464759,"sizePercentY":0.171875,"sizeType":0,"tag":10382,"touchAble":false,"useMergedTexture":false,"visible":true,"width":94,"x":264,"y":310,"capInsetsHeight":1,"capInsetsWidth":1,"capInsetsX":0,"capInsetsY":0,"fileName":null,"fileNameData":{"path":"cka001-15.png","plistFile":"","resourceType":0},"scale9Enable":false,"scale9Height":110,"scale9Width":94}},{"classname":"ImageView","name":null,"children":[],"options":{"__type":"ImageViewSurrogate:#EditorCommon.JsonModel.Component.GUI","classname":"ImageView","name":"Image_33_1","ZOrder":1,"actiontag":49113754,"anchorPointX":0.5,"anchorPointY":0.5,"classType":"CocoStudio.EngineAdapterWrap.CSImageView","colorB":255,"colorG":255,"colorR":255,"customProperty":"","flipX":false,"flipY":false,"height":110,"ignoreSize":true,"layoutParameter":{"classname":null,"name":null,"align":1,"gravity":0,"layoutEageType":0,"layoutNormalHorizontal":0,"layoutNormalVertical":0,"layoutParentHorizontal":0,"layoutParentVertical":0,"marginDown":0,"marginLeft":520,"marginRight":0,"marginTop":278,"relativeName":"Image_33_1","relativeToName":"root_panel","type":2},"opacity":255,"positionPercentX":0.499119729,"positionPercentY":0.4796875,"positionType":0,"rotation":0,"scaleX":1,"scaleY":1,"sizePercentX":0.0827464759,"sizePercentY":0.171875,"sizeType":0,"tag":10404,"touchAble":false,"useMergedTexture":false,"visible":true,"width":94,"x":567,"y":307,"capInsetsHeight":1,"capInsetsWidth":1,"capInsetsX":0,"capInsetsY":0,"fileName":null,"fileNameData":{"path":"cka001-16.png","plistFile":"","resourceType":0},"scale9Enable":false,"scale9Height":110,"scale9Width":94}},{"classname":"ImageView","name":null,"children":[],"options":{"__type":"ImageViewSurrogate:#EditorCommon.JsonModel.Component.GUI","classname":"ImageView","name":"Image_33_2","ZOrder":1,"actiontag":42254852,"anchorPointX":0.5,"anchorPointY":0.5,"classType":"CocoStudio.EngineAdapterWrap.CSImageView","colorB":255,"colorG":255,"colorR":255,"customProperty":"","flipX":false,"flipY":false,"height":193,"ignoreSize":true,"layoutParameter":{"classname":null,"name":null,"align":1,"gravity":0,"layoutEageType":0,"layoutNormalHorizontal":0,"layoutNormalVertical":0,"layoutParentHorizontal":0,"layoutParentVertical":0,"marginDown":0,"marginLeft":815,"marginRight":0,"marginTop":219,"relativeName":"Image_33_2","relativeToName":"root_panel","type":2},"opacity":255,"positionPercentX":0.7610035,"positionPercentY":0.507031262,"positionType":0,"rotation":0,"scaleX":0.8639895,"scaleY":0.8639895,"sizePercentX":0.0871478841,"sizePercentY":0.3015625,"sizeType":0,"tag":10356,"touchAble":false,"useMergedTexture":false,"visible":true,"width":99,"x":864,"y":324,"capInsetsHeight":1,"capInsetsWidth":1,"capInsetsX":0,"capInsetsY":0,"fileName":null,"fileNameData":{"path":"cka001-17.png","plistFile":"","resourceType":0},"scale9Enable":false,"scale9Height":193,"scale9Width":99}},{"classname":"ImageView","name":null,"children":[],"options":{"__type":"ImageViewSurrogate:#EditorCommon.JsonModel.Component.GUI","classname":"ImageView","name":"Image_29","ZOrder":0,"actiontag":66186155,"anchorPointX":0.5,"anchorPointY":0.5,"classType":"CocoStudio.EngineAdapterWrap.CSImageView","colorB":255,"colorG":255,"colorR":255,"customProperty":"","flipX":false,"flipY":false,"height":94,"ignoreSize":true,"layoutParameter":{"classname":null,"name":null,"align":1,"gravity":0,"layoutEageType":0,"layoutNormalHorizontal":0,"layoutNormalVertical":0,"layoutParentHorizontal":0,"layoutParentVertical":0,"marginDown":0,"marginLeft":471,"marginRight":0,"marginTop":298,"relativeName":"Image_29","relativeToName":"root_panel","type":2},"opacity":255,"positionPercentX":0.494278163,"positionPercentY":0.4609375,"positionType":0,"rotation":0,"scaleX":5.432221,"scaleY":5.431494,"sizePercentX":0.159330979,"sizePercentY":0.146875,"sizeType":0,"tag":19001,"touchAble":false,"useMergedTexture":false,"visible":true,"width":181,"x":561,"y":295,"capInsetsHeight":1,"capInsetsWidth":1,"capInsetsX":0,"capInsetsY":0,"fileName":null,"fileNameData":{"path":"cka001-21-1-2.png","plistFile":"","resourceType":0},"scale9Enable":false,"scale9Height":94,"scale9Width":181}}],"options":{"__type":"PanelSurrogate:#EditorCommon.JsonModel.Component.GUI","classname":"Panel","name":"root_panel","ZOrder":0,"actiontag":-1,"anchorPointX":0,"anchorPointY":0,"classType":"CocoStudio.EngineAdapterWrap.CSPanel","colorB":255,"colorG":255,"colorR":255,"customProperty":"","flipX":false,"flipY":false,"height":640,"ignoreSize":false,"layoutParameter":null,"opacity":199,"positionPercentX":0,"positionPercentY":0,"positionType":0,"rotation":0,"scaleX":1,"scaleY":1,"sizePercentX":1,"sizePercentY":1,"sizeType":0,"tag":2529,"touchAble":true,"useMergedTexture":false,"visible":true,"width":1136,"x":0,"y":0,"adaptScreen":true,"backGroundImage":null,"backGroundImageData":{"path":"cwxzbj01-4.png","plistFile":"","resourceType":0},"backGroundScale9Enable":false,"bgColorB":255,"bgColorG":200,"bgColorOpacity":0,"bgColorR":150,"bgEndColorB":255,"bgEndColorG":200,"bgEndColorR":150,"bgStartColorB":255,"bgStartColorG":255,"bgStartColorR":255,"capInsetsHeight":1,"capInsetsWidth":1,"capInsetsX":0,"capInsetsY":0,"clipAble":false,"colorType":1,"layoutType":3,"vectorX":0,"vectorY":-0.5}}}