{"classname":null,"name":null,"animation":{"classname":null,"name":"AnimationManager","actionlist":[]},"dataScale":1,"designHeight":640,"designWidth":1136,"textures":[],"texturesPng":["cwxzbj01-4.png","cka001-21-1-1.png","cka001-22-1.png","cka001-23.png","cka001-24.png","zsgzksko001.png","zsgzksko01.png","daxx01.png","baozi01.png","sdk2.png","zsgzdxzyx04-1.png","zsgzdxzyx04.png","cka001-21-1-2.png","yun0.png","zs008.png","zs0011.png","yxsxann02.png","yxsxann02-1.png","grensx0011-4.png","grensx0011-1.png","grensx0011-2.png","grensx0011-3.png","yxsxann02.png","yxsxann02-1.png","hyyjn4.png","zs0012.png","hyyjn2.png","zs0013.png","hyyjn1.png","hyyjn3.png","zs008.png","cwxzbj01-4.png","hk01.png","next01.png","hk02.png","hk03.png","hk01-2.png","hk01-1.png","jy01-1.png","jy01-2.png","zsgzdxzyx04-1.png","zsgzdxzyx04.png","cwxzbj01-4.png","zsgzdxzyx04-1.png","zsgzdxzyx04.png","zs0014-3.png","zs008.png","zs003.png","zs005.png","zs004.png","zs0014.png","zs0014-2.png","zs0014-1.png","yun0.png","jh1.png","jh2.png","zduix-1.png","jy01-2-0.png","jy01-2-1.png","cwxzbj01-4.png","sl01_2.png","sl01.png","sl01_3.png","cka001-23.png","cka001-24.png","zsgzksko001.png","zsgzksko01.png","sl01_4.png","sl01_5.png","zb05.png","zs005-1.png","rwxt01.png","rwxt03_1.png","zb01.png","zb04.png","zb02.png","zb03.png","bjguang.png","cka001-21-1-2.png","cka001-21-1-1.png","cwxzbj01-4.png","sb01_1.png","sb01_2.png","tyonganiu01.png","tyonganiu00-1.png","zsgzdxzyx04-1.png","zsgzdxzyx04.png","bl01.png","jia000.png","jia02-1.png","baozi01.png","jia00.png","jb01.png","zs01.png","hk07-1.png","hk07.png","cz01.png","jd01.png","txshux01.png","txshux02.png","txshux00.png","txshux03.png"],"version":"1.6.0.0","widgetTree":{"classname":"Panel","name":null,"children":[{"classname":"ImageView","name":null,"children":[{"classname":"Button","name":null,"children":[],"options":{"__type":"ButtonSurrogate:#EditorCommon.JsonModel.Component.GUI","classname":"Button","name":"add","ZOrder":0,"actiontag":54196626,"anchorPointX":0.5,"anchorPointY":0.5,"classType":"CocoStudio.EngineAdapterWrap.CSButton","colorB":255,"colorG":255,"colorR":255,"customProperty":"","flipX":false,"flipY":false,"height":45,"ignoreSize":true,"layoutParameter":null,"opacity":255,"positionPercentX":-0.381188124,"positionPercentY":0,"positionType":0,"rotation":0,"scaleX":1,"scaleY":1,"sizePercentX":0.232673272,"sizePercentY":0.9183673,"sizeType":0,"tag":16361,"touchAble":true,"useMergedTexture":false,"visible":true,"width":47,"x":-77,"y":0,"capInsetsHeight":1,"capInsetsWidth":1,"capInsetsX":0,"capInsetsY":0,"disabled":null,"disabledData":{"path":null,"plistFile":null,"resourceType":0},"fontName":"微软雅黑","fontSize":14,"fontType":0,"normal":null,"normalData":{"path":"jia02-1.png","plistFile":"","resourceType":0},"pressed":null,"pressedData":{"path":null,"plistFile":null,"resourceType":0},"scale9Enable":false,"scale9Height":45,"scale9Width":47,"text":"","textColorB":255,"textColorG":255,"textColorR":255}},{"classname":"ImageView","name":null,"children":[],"options":{"__type":"ImageViewSurrogate:#EditorCommon.JsonModel.Component.GUI","classname":"ImageView","name":"Image_27","ZOrder":0,"actiontag":36203513,"anchorPointX":0.5,"anchorPointY":0.5,"classType":"CocoStudio.EngineAdapterWrap.CSImageView","colorB":255,"colorG":255,"colorR":255,"customProperty":"","flipX":false,"flipY":false,"height":42,"ignoreSize":true,"layoutParameter":null,"opacity":255,"positionPercentX":0.3910891,"positionPercentY":0.0204081628,"positionType":0,"rotation":0,"scaleX":1,"scaleY":1,"sizePercentX":0.22277227,"sizePercentY":0.857142866,"sizeType":0,"tag":16362,"touchAble":false,"useMergedTexture":false,"visible":true,"width":45,"x":79,"y":1,"capInsetsHeight":1,"capInsetsWidth":1,"capInsetsX":0,"capInsetsY":0,"fileName":null,"fileNameData":{"path":"baozi01.png","plistFile":"","resourceType":0},"scale9Enable":false,"scale9Height":42,"scale9Width":45}},{"classname":"Label","name":null,"children":[],"options":{"__type":"LabelSurrogate:#EditorCommon.JsonModel.Component.GUI","classname":"Label","name":"label_0","ZOrder":0,"actiontag":57396167,"anchorPointX":0.5,"anchorPointY":0.5,"classType":"CocoStudio.EngineAdapterWrap.CSLabel","colorB":255,"colorG":228,"colorR":10,"customProperty":"","flipX":false,"flipY":false,"height":36,"ignoreSize":true,"layoutParameter":null,"opacity":255,"positionPercentX":-0.153465346,"positionPercentY":0.0204081628,"positionType":0,"rotation":0,"scaleX":1,"scaleY":1,"sizePercentX":0.237623766,"sizePercentY":0.7346939,"sizeType":0,"tag":16363,"touchAble":false,"useMergedTexture":false,"visible":true,"width":48,"x":-31,"y":1,"areaHeight":0,"areaWidth":0,"fontFile":null,"fontName":"微软雅黑","fontSize":28,"hAlignment":0,"text":"123","touchScaleEnable":false,"vAlignment":0}},{"classname":"Label","name":null,"children":[],"options":{"__type":"LabelSurrogate:#EditorCommon.JsonModel.Component.GUI","classname":"Label","name":"Label_12","ZOrder":0,"actiontag":15255582,"anchorPointX":0.5,"anchorPointY":0.5,"classType":"CocoStudio.EngineAdapterWrap.CSLabel","colorB":255,"colorG":255,"colorR":255,"customProperty":"","flipX":false,"flipY":false,"height":36,"ignoreSize":true,"layoutParameter":null,"opacity":255,"positionPercentX":0.128712878,"positionPercentY":0.0204081628,"positionType":0,"rotation":0,"scaleX":1,"scaleY":1,"sizePercentX":0.2970297,"sizePercentY":0.7346939,"sizeType":0,"tag":16637,"touchAble":false,"useMergedTexture":false,"visible":true,"width":60,"x":26,"y":1,"areaHeight":0,"areaWidth":0,"fontFile":null,"fontName":"微软雅黑","fontSize":28,"hAlignment":0,"text":"\/123","touchScaleEnable":false,"vAlignment":0}}],"options":{"__type":"ImageViewSurrogate:#EditorCommon.JsonModel.Component.GUI","classname":"ImageView","name":"power","ZOrder":0,"actiontag":16205056,"anchorPointX":0.5,"anchorPointY":0.5,"classType":"CocoStudio.EngineAdapterWrap.CSImageView","colorB":255,"colorG":255,"colorR":255,"customProperty":"","flipX":false,"flipY":false,"height":49,"ignoreSize":true,"layoutParameter":{"classname":null,"name":null,"align":1,"gravity":0,"layoutEageType":0,"layoutNormalHorizontal":0,"layoutNormalVertical":0,"layoutParentHorizontal":0,"layoutParentVertical":0,"marginDown":0,"marginLeft":744,"marginRight":0,"marginTop":2,"relativeName":"power","relativeToName":"root_panel","type":2},"opacity":255,"positionPercentX":0.743838,"positionPercentY":0.9585937,"positionType":0,"rotation":0,"scaleX":1,"scaleY":1,"sizePercentX":0.1778169,"sizePercentY":0.0765625,"sizeType":0,"tag":16360,"touchAble":false,"useMergedTexture":false,"visible":true,"width":202,"x":845,"y":613,"capInsetsHeight":1,"capInsetsWidth":1,"capInsetsX":0,"capInsetsY":0,"fileName":null,"fileNameData":{"path":"jia000.png","plistFile":"","resourceType":0},"scale9Enable":false,"scale9Height":49,"scale9Width":202}},{"classname":"ImageView","name":null,"children":[{"classname":"ImageView","name":null,"children":[],"options":{"__type":"ImageViewSurrogate:#EditorCommon.JsonModel.Component.GUI","classname":"ImageView","name":"Image_27","ZOrder":0,"actiontag":52165604,"anchorPointX":0.5,"anchorPointY":0.5,"classType":"CocoStudio.EngineAdapterWrap.CSImageView","colorB":255,"colorG":255,"colorR":255,"customProperty":"","flipX":false,"flipY":false,"height":40,"ignoreSize":true,"layoutParameter":null,"opacity":255,"positionPercentX":0.396624476,"positionPercentY":0,"positionType":0,"rotation":0,"scaleX":1,"scaleY":1,"sizePercentX":0.185654014,"sizePercentY":0.816326559,"sizeType":0,"tag":16648,"touchAble":false,"useMergedTexture":false,"visible":true,"width":44,"x":94,"y":0,"capInsetsHeight":1,"capInsetsWidth":1,"capInsetsX":0,"capInsetsY":0,"fileName":null,"fileNameData":{"path":"jb01.png","plistFile":"","resourceType":0},"scale9Enable":false,"scale9Height":40,"scale9Width":44}},{"classname":"LabelAtlas","name":null,"children":[],"options":{"__type":"LabelAtlasSurrogate:#EditorCommon.JsonModel.Component.GUI","classname":"LabelAtlas","name":"AtlasLabel_17","ZOrder":0,"actiontag":64664435,"anchorPointX":0.5,"anchorPointY":0.5,"classType":"CocoStudio.EngineAdapterWrap.CSLabelAtlas","colorB":255,"colorG":255,"colorR":255,"customProperty":"","flipX":false,"flipY":false,"height":31,"ignoreSize":true,"layoutParameter":null,"opacity":255,"positionPercentX":0,"positionPercentY":0,"positionType":0,"rotation":0,"scaleX":0.85,"scaleY":0.85,"sizePercentX":0.6075949,"sizePercentY":0.632653058,"sizeType":0,"tag":16650,"touchAble":false,"useMergedTexture":false,"visible":true,"width":144,"x":0,"y":0,"charMapFile":null,"charMapFileData":{"path":"zsgzdxzyx21.png","plistFile":"","resourceType":0},"itemHeight":31,"itemWidth":24,"startCharMap":"0","stringValue":"238366"}},{"classname":"Button","name":null,"children":[],"options":{"__type":"ButtonSurrogate:#EditorCommon.JsonModel.Component.GUI","classname":"Button","name":"Button_27","ZOrder":0,"actiontag":42559974,"anchorPointX":0.5,"anchorPointY":0.5,"classType":"CocoStudio.EngineAdapterWrap.CSButton","colorB":255,"colorG":255,"colorR":255,"customProperty":"","flipX":false,"flipY":false,"height":45,"ignoreSize":true,"layoutParameter":null,"opacity":255,"positionPercentX":-0.4008439,"positionPercentY":0,"positionType":0,"rotation":0,"scaleX":1,"scaleY":1,"sizePercentX":0.198312238,"sizePercentY":0.9183673,"sizeType":0,"tag":16652,"touchAble":true,"useMergedTexture":false,"visible":true,"width":47,"x":-95,"y":0,"capInsetsHeight":1,"capInsetsWidth":1,"capInsetsX":0,"capInsetsY":0,"disabled":null,"disabledData":{"path":null,"plistFile":null,"resourceType":0},"fontName":"微软雅黑","fontSize":14,"fontType":0,"normal":null,"normalData":{"path":"jia02-1.png","plistFile":"","resourceType":0},"pressed":null,"pressedData":{"path":"jia02-1.png","plistFile":"","resourceType":0},"scale9Enable":false,"scale9Height":45,"scale9Width":47,"text":"","textColorB":255,"textColorG":255,"textColorR":255}}],"options":{"__type":"ImageViewSurrogate:#EditorCommon.JsonModel.Component.GUI","classname":"ImageView","name":"gold","ZOrder":0,"actiontag":20709259,"anchorPointX":0.5,"anchorPointY":0.5,"classType":"CocoStudio.EngineAdapterWrap.CSImageView","colorB":255,"colorG":255,"colorR":255,"customProperty":"","flipX":false,"flipY":false,"height":49,"ignoreSize":true,"layoutParameter":{"classname":null,"name":null,"align":1,"gravity":0,"layoutEageType":0,"layoutNormalHorizontal":0,"layoutNormalVertical":0,"layoutParentHorizontal":0,"layoutParentVertical":0,"marginDown":0,"marginLeft":215,"marginRight":0,"marginTop":2,"relativeName":"gold","relativeToName":"root_panel","type":2},"opacity":255,"positionPercentX":0.293573946,"positionPercentY":0.9585937,"positionType":0,"rotation":0,"scaleX":1,"scaleY":1,"sizePercentX":0.208626762,"sizePercentY":0.0765625,"sizeType":0,"tag":16647,"touchAble":false,"useMergedTexture":false,"visible":true,"width":237,"x":333,"y":613,"capInsetsHeight":1,"capInsetsWidth":1,"capInsetsX":0,"capInsetsY":0,"fileName":null,"fileNameData":{"path":"jia00.png","plistFile":"","resourceType":0},"scale9Enable":false,"scale9Height":49,"scale9Width":237}},{"classname":"ImageView","name":null,"children":[{"classname":"ImageView","name":null,"children":[],"options":{"__type":"ImageViewSurrogate:#EditorCommon.JsonModel.Component.GUI","classname":"ImageView","name":"Image_27","ZOrder":0,"actiontag":35,"anchorPointX":0.5,"anchorPointY":0.5,"classType":"CocoStudio.EngineAdapterWrap.CSImageView","colorB":255,"colorG":255,"colorR":255,"customProperty":"","flipX":false,"flipY":false,"height":41,"ignoreSize":true,"layoutParameter":null,"opacity":255,"positionPercentX":0.383966237,"positionPercentY":0,"positionType":0,"rotation":0,"scaleX":1,"scaleY":1,"sizePercentX":0.215189874,"sizePercentY":0.8367347,"sizeType":0,"tag":1057,"touchAble":false,"useMergedTexture":false,"visible":true,"width":51,"x":91,"y":0,"capInsetsHeight":1,"capInsetsWidth":1,"capInsetsX":0,"capInsetsY":0,"fileName":null,"fileNameData":{"path":"zs01.png","plistFile":"","resourceType":0},"scale9Enable":false,"scale9Height":41,"scale9Width":51}},{"classname":"LabelAtlas","name":null,"children":[],"options":{"__type":"LabelAtlasSurrogate:#EditorCommon.JsonModel.Component.GUI","classname":"LabelAtlas","name":"Label","ZOrder":0,"actiontag":10311817,"anchorPointX":0.5,"anchorPointY":0.5,"classType":"CocoStudio.EngineAdapterWrap.CSLabelAtlas","colorB":255,"colorG":255,"colorR":255,"customProperty":"","flipX":false,"flipY":false,"height":31,"ignoreSize":true,"layoutParameter":null,"opacity":255,"positionPercentX":0,"positionPercentY":0,"positionType":0,"rotation":0,"scaleX":0.85,"scaleY":0.85,"sizePercentX":0.6075949,"sizePercentY":0.632653058,"sizeType":0,"tag":16642,"touchAble":false,"useMergedTexture":false,"visible":true,"width":144,"x":0,"y":0,"charMapFile":null,"charMapFileData":{"path":"zsgzdxzyx21.png","plistFile":"","resourceType":0},"itemHeight":31,"itemWidth":24,"startCharMap":"0","stringValue":"934566"}},{"classname":"Button","name":null,"children":[],"options":{"__type":"ButtonSurrogate:#EditorCommon.JsonModel.Component.GUI","classname":"Button","name":"add","ZOrder":0,"actiontag":38070385,"anchorPointX":0.5,"anchorPointY":0.5,"classType":"CocoStudio.EngineAdapterWrap.CSButton","colorB":255,"colorG":255,"colorR":255,"customProperty":"","flipX":false,"flipY":false,"height":45,"ignoreSize":true,"layoutParameter":null,"opacity":255,"positionPercentX":-0.392405063,"positionPercentY":0,"positionType":0,"rotation":0,"scaleX":1,"scaleY":1,"sizePercentX":0.198312238,"sizePercentY":0.9183673,"sizeType":0,"tag":16651,"touchAble":true,"useMergedTexture":false,"visible":true,"width":47,"x":-93,"y":0,"capInsetsHeight":1,"capInsetsWidth":1,"capInsetsX":0,"capInsetsY":0,"disabled":null,"disabledData":{"path":null,"plistFile":null,"resourceType":0},"fontName":"微软雅黑","fontSize":14,"fontType":0,"normal":null,"normalData":{"path":"jia02-1.png","plistFile":"","resourceType":0},"pressed":null,"pressedData":{"path":"jia02-1.png","plistFile":"","resourceType":0},"scale9Enable":false,"scale9Height":45,"scale9Width":47,"text":"","textColorB":255,"textColorG":255,"textColorR":255}}],"options":{"__type":"ImageViewSurrogate:#EditorCommon.JsonModel.Component.GUI","classname":"ImageView","name":"diamond","ZOrder":0,"actiontag":33,"anchorPointX":0.5,"anchorPointY":0.5,"classType":"CocoStudio.EngineAdapterWrap.CSImageView","colorB":255,"colorG":255,"colorR":255,"customProperty":"","flipX":false,"flipY":false,"height":49,"ignoreSize":true,"layoutParameter":{"classname":null,"name":null,"align":1,"gravity":0,"layoutEageType":0,"layoutNormalHorizontal":0,"layoutNormalVertical":0,"layoutParentHorizontal":0,"layoutParentVertical":0,"marginDown":0,"marginLeft":483,"marginRight":0,"marginTop":2,"relativeName":"diamond","relativeToName":"root_panel","type":2},"opacity":255,"positionPercentX":0.529489458,"positionPercentY":0.9585937,"positionType":0,"rotation":0,"scaleX":1,"scaleY":1,"sizePercentX":0.208626762,"sizePercentY":0.0765625,"sizeType":0,"tag":1055,"touchAble":false,"useMergedTexture":false,"visible":true,"width":237,"x":601,"y":613,"capInsetsHeight":1,"capInsetsWidth":1,"capInsetsX":0,"capInsetsY":0,"fileName":null,"fileNameData":{"path":"jia00.png","plistFile":"","resourceType":0},"scale9Enable":false,"scale9Height":49,"scale9Width":237}},{"classname":"Button","name":null,"children":[],"options":{"__type":"ButtonSurrogate:#EditorCommon.JsonModel.Component.GUI","classname":"Button","name":"menu","ZOrder":0,"actiontag":45570487,"anchorPointX":0.5,"anchorPointY":0.5,"classType":"CocoStudio.EngineAdapterWrap.CSButton","colorB":255,"colorG":255,"colorR":255,"customProperty":"","flipX":false,"flipY":false,"height":116,"ignoreSize":true,"layoutParameter":{"classname":null,"name":null,"align":1,"gravity":0,"layoutEageType":0,"layoutNormalHorizontal":0,"layoutNormalVertical":0,"layoutParentHorizontal":0,"layoutParentVertical":0,"marginDown":0,"marginLeft":968,"marginRight":0,"marginTop":-1,"relativeName":"menu","relativeToName":"root_panel","type":2},"opacity":255,"positionPercentX":0.9234155,"positionPercentY":0.9109375,"positionType":0,"rotation":0,"scaleX":1,"scaleY":1,"sizePercentX":0.142605633,"sizePercentY":0.18125,"sizeType":0,"tag":16638,"touchAble":true,"useMergedTexture":false,"visible":true,"width":162,"x":1049,"y":583,"capInsetsHeight":1,"capInsetsWidth":1,"capInsetsX":0,"capInsetsY":0,"disabled":null,"disabledData":{"path":null,"plistFile":null,"resourceType":0},"fontName":"微软雅黑","fontSize":14,"fontType":0,"normal":null,"normalData":{"path":"hk07-1.png","plistFile":"","resourceType":0},"pressed":null,"pressedData":{"path":"hk07.png","plistFile":"","resourceType":0},"scale9Enable":false,"scale9Height":116,"scale9Width":162,"text":"","textColorB":255,"textColorG":255,"textColorR":255}},{"classname":"Panel","name":null,"children":[{"classname":"Button","name":null,"children":[],"options":{"__type":"ButtonSurrogate:#EditorCommon.JsonModel.Component.GUI","classname":"Button","name":"item_fee","ZOrder":0,"actiontag":31156034,"anchorPointX":0.5,"anchorPointY":0.5,"classType":"CocoStudio.EngineAdapterWrap.CSButton","colorB":255,"colorG":255,"colorR":255,"customProperty":"","flipX":false,"flipY":false,"height":68,"ignoreSize":true,"layoutParameter":{"classname":null,"name":null,"align":1,"gravity":0,"layoutEageType":0,"layoutNormalHorizontal":0,"layoutNormalVertical":0,"layoutParentHorizontal":0,"layoutParentVertical":0,"marginDown":0,"marginLeft":455,"marginRight":0,"marginTop":64,"relativeName":"item_fee","relativeToName":"panel","type":2},"opacity":255,"positionPercentX":51700,"positionPercentY":-9799.001,"positionType":0,"rotation":0,"scaleX":1,"scaleY":1,"sizePercentX":12400,"sizePercentY":6800,"sizeType":0,"tag":16664,"touchAble":true,"useMergedTexture":false,"visible":true,"width":124,"x":517,"y":-97,"capInsetsHeight":1,"capInsetsWidth":1,"capInsetsX":0,"capInsetsY":0,"disabled":null,"disabledData":{"path":null,"plistFile":null,"resourceType":0},"fontName":"微软雅黑","fontSize":14,"fontType":0,"normal":null,"normalData":{"path":"cz01.png","plistFile":"","resourceType":0},"pressed":null,"pressedData":{"path":null,"plistFile":null,"resourceType":0},"scale9Enable":false,"scale9Height":68,"scale9Width":124,"text":"","textColorB":255,"textColorG":255,"textColorR":255}},{"classname":"Button","name":null,"children":[],"options":{"__type":"ButtonSurrogate:#EditorCommon.JsonModel.Component.GUI","classname":"Button","name":"item_sign_in","ZOrder":0,"actiontag":20686629,"anchorPointX":0.5,"anchorPointY":0.5,"classType":"CocoStudio.EngineAdapterWrap.CSButton","colorB":255,"colorG":255,"colorR":255,"customProperty":"","flipX":false,"flipY":false,"height":57,"ignoreSize":true,"layoutParameter":{"classname":null,"name":null,"align":1,"gravity":0,"layoutEageType":0,"layoutNormalHorizontal":0,"layoutNormalVertical":0,"layoutParentHorizontal":0,"layoutParentVertical":0,"marginDown":0,"marginLeft":321,"marginRight":0,"marginTop":64,"relativeName":"item_sign_in","relativeToName":"panel","type":2},"opacity":255,"positionPercentX":37400,"positionPercentY":-9249,"positionType":0,"rotation":0,"scaleX":1,"scaleY":1,"sizePercentX":10600,"sizePercentY":5700,"sizeType":0,"tag":16663,"touchAble":true,"useMergedTexture":false,"visible":true,"width":106,"x":374,"y":-92,"capInsetsHeight":1,"capInsetsWidth":1,"capInsetsX":0,"capInsetsY":0,"disabled":null,"disabledData":{"path":null,"plistFile":null,"resourceType":0},"fontName":"微软雅黑","fontSize":14,"fontType":0,"normal":null,"normalData":{"path":"jd01.png","plistFile":"","resourceType":0},"pressed":null,"pressedData":{"path":null,"plistFile":null,"resourceType":0},"scale9Enable":false,"scale9Height":57,"scale9Width":106,"text":"","textColorB":255,"textColorG":255,"textColorR":255}},{"classname":"ImageView","name":null,"children":[{"classname":"ImageView","name":null,"children":[],"options":{"__type":"ImageViewSurrogate:#EditorCommon.JsonModel.Component.GUI","classname":"ImageView","name":"Image_35","ZOrder":0,"actiontag":5530976,"anchorPointX":0.5,"anchorPointY":0.5,"classType":"CocoStudio.EngineAdapterWrap.CSImageView","colorB":255,"colorG":255,"colorR":255,"customProperty":"","flipX":false,"flipY":false,"height":25,"ignoreSize":true,"layoutParameter":null,"opacity":255,"positionPercentX":-0.07865169,"positionPercentY":0,"positionType":0,"rotation":0,"scaleX":0.8545455,"scaleY":0.8545455,"sizePercentX":0.6179775,"sizePercentY":0.862068951,"sizeType":0,"tag":16660,"touchAble":false,"useMergedTexture":false,"visible":true,"width":55,"x":-7,"y":0,"capInsetsHeight":1,"capInsetsWidth":1,"capInsetsX":0,"capInsetsY":0,"fileName":null,"fileNameData":{"path":"txshux02.png","plistFile":"","resourceType":0},"scale9Enable":false,"scale9Height":25,"scale9Width":55}},{"classname":"LabelAtlas","name":null,"children":[],"options":{"__type":"LabelAtlasSurrogate:#EditorCommon.JsonModel.Component.GUI","classname":"LabelAtlas","name":"AtlasLabel_37","ZOrder":0,"actiontag":49949002,"anchorPointX":0.5,"anchorPointY":0.5,"classType":"CocoStudio.EngineAdapterWrap.CSLabelAtlas","colorB":255,"colorG":255,"colorR":255,"customProperty":"","flipX":false,"flipY":false,"height":25,"ignoreSize":true,"layoutParameter":null,"opacity":255,"positionPercentX":0.303370774,"positionPercentY":0.03448276,"positionType":0,"rotation":0,"scaleX":1,"scaleY":1,"sizePercentX":0.2247191,"sizePercentY":0.862068951,"sizeType":0,"tag":16662,"touchAble":false,"useMergedTexture":false,"visible":true,"width":20,"x":27,"y":1,"charMapFile":null,"charMapFileData":{"path":"vipshuzi01.png","plistFile":"","resourceType":0},"itemHeight":25,"itemWidth":20,"startCharMap":"0","stringValue":"9"}}],"options":{"__type":"ImageViewSurrogate:#EditorCommon.JsonModel.Component.GUI","classname":"ImageView","name":"vip_level","ZOrder":0,"actiontag":62592071,"anchorPointX":0.5,"anchorPointY":0.5,"classType":"CocoStudio.EngineAdapterWrap.CSImageView","colorB":255,"colorG":255,"colorR":255,"customProperty":"","flipX":false,"flipY":false,"height":29,"ignoreSize":true,"layoutParameter":{"classname":null,"name":null,"align":1,"gravity":0,"layoutEageType":0,"layoutNormalHorizontal":0,"layoutNormalVertical":0,"layoutParentHorizontal":0,"layoutParentVertical":0,"marginDown":0,"marginLeft":98,"marginRight":0,"marginTop":113,"relativeName":"vip_level","relativeToName":"panel","type":2},"opacity":255,"positionPercentX":14250,"positionPercentY":-12749,"positionType":0,"rotation":0,"scaleX":1,"scaleY":1,"sizePercentX":8900,"sizePercentY":2900,"sizeType":0,"tag":16659,"touchAble":false,"useMergedTexture":false,"visible":true,"width":89,"x":142,"y":-127,"capInsetsHeight":1,"capInsetsWidth":1,"capInsetsX":0,"capInsetsY":0,"fileName":null,"fileNameData":{"path":"txshux01.png","plistFile":"","resourceType":0},"scale9Enable":false,"scale9Height":29,"scale9Width":89}},{"classname":"ImageView","name":null,"children":[{"classname":"LabelAtlas","name":null,"children":[],"options":{"__type":"LabelAtlasSurrogate:#EditorCommon.JsonModel.Component.GUI","classname":"LabelAtlas","name":"AtlasLabel_50","ZOrder":0,"actiontag":18211904,"anchorPointX":0.5,"anchorPointY":0.5,"classType":"CocoStudio.EngineAdapterWrap.CSLabelAtlas","colorB":255,"colorG":255,"colorR":255,"customProperty":"","flipX":false,"flipY":false,"height":31,"ignoreSize":true,"layoutParameter":null,"opacity":255,"positionPercentX":0.446945339,"positionPercentY":0.8125,"positionType":0,"rotation":0,"scaleX":0.6650988,"scaleY":0.6650988,"sizePercentX":0.154340833,"sizePercentY":0.2421875,"sizeType":0,"tag":16656,"touchAble":false,"useMergedTexture":false,"visible":true,"width":48,"x":139,"y":104,"charMapFile":null,"charMapFileData":{"path":"zsgzdxzyx21.png","plistFile":"","resourceType":0},"itemHeight":31,"itemWidth":24,"startCharMap":"0","stringValue":"56"}},{"classname":"ImageView","name":null,"children":[],"options":{"__type":"ImageViewSurrogate:#EditorCommon.JsonModel.Component.GUI","classname":"ImageView","name":"Image_6","ZOrder":0,"actiontag":64580247,"anchorPointX":0.5,"anchorPointY":0.5,"classType":"CocoStudio.EngineAdapterWrap.CSImageView","colorB":255,"colorG":255,"colorR":255,"customProperty":"","flipX":false,"flipY":false,"height":93,"ignoreSize":true,"layoutParameter":null,"opacity":255,"positionPercentX":0.218649521,"positionPercentY":0.4765625,"positionType":0,"rotation":0,"scaleX":1,"scaleY":1,"sizePercentX":0.324758828,"sizePercentY":0.7265625,"sizeType":0,"tag":16657,"touchAble":false,"useMergedTexture":false,"visible":true,"width":101,"x":68,"y":61,"capInsetsHeight":1,"capInsetsWidth":1,"capInsetsX":0,"capInsetsY":0,"fileName":null,"fileNameData":{"path":"txshux03.png","plistFile":"","resourceType":0},"scale9Enable":false,"scale9Height":93,"scale9Width":101}},{"classname":"Label","name":null,"children":[],"options":{"__type":"LabelSurrogate:#EditorCommon.JsonModel.Component.GUI","classname":"Label","name":"Label_4","ZOrder":0,"actiontag":35471602,"anchorPointX":0.5,"anchorPointY":0.5,"classType":"CocoStudio.EngineAdapterWrap.CSLabel","colorB":255,"colorG":255,"colorR":255,"customProperty":"","flipX":false,"flipY":false,"height":35,"ignoreSize":true,"layoutParameter":null,"opacity":255,"positionPercentX":0.598070741,"positionPercentY":0.5,"positionType":0,"rotation":0,"scaleX":1,"scaleY":1,"sizePercentX":0.334405154,"sizePercentY":0.2734375,"sizeType":0,"tag":16658,"touchAble":false,"useMergedTexture":false,"visible":true,"width":104,"x":186,"y":64,"areaHeight":0,"areaWidth":0,"fontFile":null,"fontName":"微软雅黑","fontSize":26,"hAlignment":0,"text":"萌萌三国","touchScaleEnable":false,"vAlignment":0}}],"options":{"__type":"ImageViewSurrogate:#EditorCommon.JsonModel.Component.GUI","classname":"ImageView","name":"head_back","ZOrder":1,"actiontag":28602690,"anchorPointX":0,"anchorPointY":0,"classType":"CocoStudio.EngineAdapterWrap.CSImageView","colorB":255,"colorG":255,"colorR":255,"customProperty":"","flipX":false,"flipY":false,"height":128,"ignoreSize":true,"layoutParameter":{"classname":null,"name":null,"align":1,"gravity":0,"layoutEageType":0,"layoutNormalHorizontal":0,"layoutNormalVertical":0,"layoutParentHorizontal":0,"layoutParentVertical":0,"marginDown":0,"marginLeft":-1,"marginRight":0,"marginTop":18,"relativeName":"head_back","relativeToName":"panel","type":2},"opacity":255,"positionPercentX":-100,"positionPercentY":-14598.999,"positionType":0,"rotation":0,"scaleX":1,"scaleY":1,"sizePercentX":31100,"sizePercentY":12800,"sizeType":0,"tag":16653,"touchAble":false,"useMergedTexture":false,"visible":true,"width":311,"x":-1,"y":-145,"capInsetsHeight":1,"capInsetsWidth":1,"capInsetsX":0,"capInsetsY":0,"fileName":null,"fileNameData":{"path":"txshux00.png","plistFile":"","resourceType":0},"scale9Enable":false,"scale9Height":128,"scale9Width":311}}],"options":{"__type":"PanelSurrogate:#EditorCommon.JsonModel.Component.GUI","classname":"Panel","name":"panel","ZOrder":0,"actiontag":3,"anchorPointX":0,"anchorPointY":0,"classType":"CocoStudio.EngineAdapterWrap.CSPanel","colorB":255,"colorG":255,"colorR":255,"customProperty":"","flipX":false,"flipY":false,"height":0.01,"ignoreSize":false,"layoutParameter":{"classname":null,"name":null,"align":1,"gravity":0,"layoutEageType":0,"layoutNormalHorizontal":0,"layoutNormalVertical":0,"layoutParentHorizontal":0,"layoutParentVertical":0,"marginDown":0,"marginLeft":2,"marginRight":0,"marginTop":-2,"relativeName":"panel","relativeToName":"root_panel","type":2},"opacity":255,"positionPercentX":0.00176056335,"positionPercentY":1.00310934,"positionType":0,"rotation":0,"scaleX":1,"scaleY":1,"sizePercentX":8.802816E-06,"sizePercentY":1.56249989E-05,"sizeType":0,"tag":1270,"touchAble":true,"useMergedTexture":false,"visible":true,"width":0.01,"x":2,"y":641,"adaptScreen":false,"backGroundImage":null,"backGroundImageData":null,"backGroundScale9Enable":false,"bgColorB":255,"bgColorG":200,"bgColorOpacity":100,"bgColorR":150,"bgEndColorB":255,"bgEndColorG":200,"bgEndColorR":150,"bgStartColorB":255,"bgStartColorG":255,"bgStartColorR":255,"capInsetsHeight":1,"capInsetsWidth":1,"capInsetsX":0,"capInsetsY":0,"clipAble":false,"colorType":1,"layoutType":3,"vectorX":0,"vectorY":-0.5}}],"options":{"__type":"PanelSurrogate:#EditorCommon.JsonModel.Component.GUI","classname":"Panel","name":"root_panel","ZOrder":0,"actiontag":-1,"anchorPointX":0,"anchorPointY":0,"classType":"CocoStudio.EngineAdapterWrap.CSPanel","colorB":255,"colorG":255,"colorR":255,"customProperty":"","flipX":false,"flipY":false,"height":640,"ignoreSize":false,"layoutParameter":null,"opacity":255,"positionPercentX":0,"positionPercentY":0,"positionType":0,"rotation":0,"scaleX":1,"scaleY":1,"sizePercentX":1,"sizePercentY":1,"sizeType":0,"tag":1020,"touchAble":false,"useMergedTexture":false,"visible":true,"width":1136,"x":0,"y":0,"adaptScreen":true,"backGroundImage":null,"backGroundImageData":null,"backGroundScale9Enable":false,"bgColorB":255,"bgColorG":200,"bgColorOpacity":0,"bgColorR":150,"bgEndColorB":255,"bgEndColorG":200,"bgEndColorR":150,"bgStartColorB":255,"bgStartColorG":255,"bgStartColorR":255,"capInsetsHeight":1,"capInsetsWidth":1,"capInsetsX":0,"capInsetsY":0,"clipAble":false,"colorType":1,"layoutType":3,"vectorX":0,"vectorY":-0.5}}}