{"classname":null,"name":null,"animation":{"classname":null,"name":"AnimationManager","actionlist":[]},"dataScale":1,"designHeight":640,"designWidth":1136,"textures":[],"texturesPng":["cwxzbj01-4.png","cka001-21-1-1.png","cka001-22-1.png","cka001-23.png","cka001-24.png","zsgzksko001.png","zsgzksko01.png","daxx01.png","baozi01.png","sdk2.png","zsgzdxzyx04-1.png","zsgzdxzyx04.png","cka001-21-1-2.png","yun0.png","zs008.png","zs0011.png","yxsxann02.png","yxsxann02-1.png","grensx0011-4.png","grensx0011-1.png","grensx0011-2.png","grensx0011-3.png","yxsxann02.png","yxsxann02-1.png","hyyjn4.png","zs0012.png","hyyjn2.png","zs0013.png","hyyjn1.png","hyyjn3.png","zs008.png","cwxzbj01-4.png","hk01.png","next01.png","hk02.png","hk03.png","hk01-2.png","hk01-1.png","jy01-1.png","jy01-2.png","zsgzdxzyx04-1.png","zsgzdxzyx04.png","cwxzbj01-4.png","zsgzdxzyx04-1.png","zsgzdxzyx04.png","zs0014-3.png","zs008.png","zs003.png","zs005.png","zs004.png","zs0014.png","zs0014-2.png","zs0014-1.png","yun0.png","jh1.png","jh2.png","zduix-1.png","jy01-2-0.png","jy01-2-1.png"],"version":"1.6.0.0","widgetTree":{"classname":"Panel","name":null,"children":[{"classname":"Button","name":null,"children":[],"options":{"__type":"ButtonSurrogate:#EditorCommon.JsonModel.Component.GUI","classname":"Button","name":"button_back_0","ZOrder":1,"actiontag":34220449,"anchorPointX":0.5,"anchorPointY":0.5,"classType":"CocoStudio.EngineAdapterWrap.CSButton","colorB":255,"colorG":255,"colorR":255,"customProperty":"","flipX":false,"flipY":false,"height":121,"ignoreSize":true,"layoutParameter":{"classname":null,"name":null,"align":1,"gravity":0,"layoutEageType":0,"layoutNormalHorizontal":0,"layoutNormalVertical":0,"layoutParentHorizontal":0,"layoutParentVertical":0,"marginDown":0,"marginLeft":-22,"marginRight":0,"marginTop":-20,"relativeName":"button_back_0","relativeToName":"root_panel","type":2},"opacity":255,"positionPercentX":0.0356514081,"positionPercentY":0.936718762,"positionType":0,"rotation":0,"scaleX":0.7748277,"scaleY":0.7748277,"sizePercentX":0.110035211,"sizePercentY":0.1890625,"sizeType":0,"tag":8711,"touchAble":true,"useMergedTexture":false,"visible":true,"width":125,"x":40,"y":599,"capInsetsHeight":1,"capInsetsWidth":1,"capInsetsX":0,"capInsetsY":0,"disabled":null,"disabledData":{"path":null,"plistFile":null,"resourceType":0},"fontName":"微软雅黑","fontSize":14,"fontType":0,"normal":null,"normalData":{"path":"zsgzdxzyx04-1.png","plistFile":"","resourceType":0},"pressed":null,"pressedData":{"path":"zsgzdxzyx04.png","plistFile":"","resourceType":0},"scale9Enable":false,"scale9Height":121,"scale9Width":125,"text":"","textColorB":255,"textColorG":255,"textColorR":255}},{"classname":"ImageView","name":null,"children":[{"classname":"ImageView","name":null,"children":[],"options":{"__type":"ImageViewSurrogate:#EditorCommon.JsonModel.Component.GUI","classname":"ImageView","name":"Image_19","ZOrder":0,"actiontag":53492789,"anchorPointX":0.5,"anchorPointY":0.5,"classType":"CocoStudio.EngineAdapterWrap.CSImageView","colorB":255,"colorG":255,"colorR":255,"customProperty":"","flipX":false,"flipY":false,"height":354,"ignoreSize":true,"layoutParameter":null,"opacity":192,"positionPercentX":-0.242957741,"positionPercentY":-0.0609375,"positionType":0,"rotation":0,"scaleX":1,"scaleY":1,"sizePercentX":0.314260572,"sizePercentY":0.553125,"sizeType":0,"tag":18316,"touchAble":false,"useMergedTexture":false,"visible":true,"width":357,"x":-276,"y":-39,"capInsetsHeight":1,"capInsetsWidth":1,"capInsetsX":0,"capInsetsY":0,"fileName":null,"fileNameData":{"path":"zs008.png","plistFile":"","resourceType":0},"scale9Enable":false,"scale9Height":354,"scale9Width":357}},{"classname":"ImageView","name":null,"children":[],"options":{"__type":"ImageViewSurrogate:#EditorCommon.JsonModel.Component.GUI","classname":"ImageView","name":"Image_20","ZOrder":0,"actiontag":2128221,"anchorPointX":0.5,"anchorPointY":0.5,"classType":"CocoStudio.EngineAdapterWrap.CSImageView","colorB":255,"colorG":255,"colorR":255,"customProperty":"","flipX":false,"flipY":false,"height":6,"ignoreSize":true,"layoutParameter":null,"opacity":255,"positionPercentX":0.24207747,"positionPercentY":0.2984375,"positionType":0,"rotation":0,"scaleX":1,"scaleY":1,"sizePercentX":0.374119729,"sizePercentY":0.009375,"sizeType":0,"tag":7813,"touchAble":false,"useMergedTexture":false,"visible":true,"width":425,"x":275,"y":191,"capInsetsHeight":1,"capInsetsWidth":1,"capInsetsX":0,"capInsetsY":0,"fileName":null,"fileNameData":{"path":"zs003.png","plistFile":"","resourceType":0},"scale9Enable":false,"scale9Height":6,"scale9Width":425}},{"classname":"ImageView","name":null,"children":[],"options":{"__type":"ImageViewSurrogate:#EditorCommon.JsonModel.Component.GUI","classname":"ImageView","name":"f9","ZOrder":0,"actiontag":48517319,"anchorPointX":0.5,"anchorPointY":0.5,"classType":"CocoStudio.EngineAdapterWrap.CSImageView","colorB":255,"colorG":255,"colorR":255,"customProperty":"","flipX":false,"flipY":false,"height":131,"ignoreSize":true,"layoutParameter":null,"opacity":255,"positionPercentX":0.117077462,"positionPercentY":-0.2546875,"positionType":0,"rotation":0,"scaleX":1,"scaleY":1,"sizePercentX":0.117957748,"sizePercentY":0.2046875,"sizeType":0,"tag":7814,"touchAble":false,"useMergedTexture":false,"visible":true,"width":134,"x":133,"y":-163,"capInsetsHeight":1,"capInsetsWidth":1,"capInsetsX":0,"capInsetsY":0,"fileName":null,"fileNameData":{"path":"zs005.png","plistFile":"","resourceType":0},"scale9Enable":false,"scale9Height":131,"scale9Width":134}},{"classname":"ImageView","name":null,"children":[],"options":{"__type":"ImageViewSurrogate:#EditorCommon.JsonModel.Component.GUI","classname":"ImageView","name":"f7","ZOrder":0,"actiontag":29472368,"anchorPointX":0.5,"anchorPointY":0.5,"classType":"CocoStudio.EngineAdapterWrap.CSImageView","colorB":255,"colorG":255,"colorR":255,"customProperty":"","flipX":false,"flipY":false,"height":131,"ignoreSize":true,"layoutParameter":null,"opacity":255,"positionPercentX":0.116197184,"positionPercentY":0.1765625,"positionType":0,"rotation":0,"scaleX":1,"scaleY":1,"sizePercentX":0.117957748,"sizePercentY":0.2046875,"sizeType":0,"tag":7816,"touchAble":false,"useMergedTexture":false,"visible":true,"width":134,"x":132,"y":113,"capInsetsHeight":1,"capInsetsWidth":1,"capInsetsX":0,"capInsetsY":0,"fileName":null,"fileNameData":{"path":"zs005.png","plistFile":"","resourceType":0},"scale9Enable":false,"scale9Height":131,"scale9Width":134}},{"classname":"ImageView","name":null,"children":[],"options":{"__type":"ImageViewSurrogate:#EditorCommon.JsonModel.Component.GUI","classname":"ImageView","name":"f4","ZOrder":0,"actiontag":4765036,"anchorPointX":0.5,"anchorPointY":0.5,"classType":"CocoStudio.EngineAdapterWrap.CSImageView","colorB":255,"colorG":255,"colorR":255,"customProperty":"","flipX":false,"flipY":false,"height":131,"ignoreSize":true,"layoutParameter":null,"opacity":255,"positionPercentX":0.246478871,"positionPercentY":0.178125,"positionType":0,"rotation":0,"scaleX":1,"scaleY":1,"sizePercentX":0.117957748,"sizePercentY":0.2046875,"sizeType":0,"tag":7818,"touchAble":false,"useMergedTexture":false,"visible":true,"width":134,"x":280,"y":114,"capInsetsHeight":1,"capInsetsWidth":1,"capInsetsX":0,"capInsetsY":0,"fileName":null,"fileNameData":{"path":"zs004.png","plistFile":"","resourceType":0},"scale9Enable":false,"scale9Height":131,"scale9Width":134}},{"classname":"ImageView","name":null,"children":[],"options":{"__type":"ImageViewSurrogate:#EditorCommon.JsonModel.Component.GUI","classname":"ImageView","name":"f8","ZOrder":0,"actiontag":35946996,"anchorPointX":0.5,"anchorPointY":0.5,"classType":"CocoStudio.EngineAdapterWrap.CSImageView","colorB":255,"colorG":255,"colorR":255,"customProperty":"","flipX":false,"flipY":false,"height":131,"ignoreSize":true,"layoutParameter":null,"opacity":255,"positionPercentX":0.118838027,"positionPercentY":-0.034375,"positionType":0,"rotation":0,"scaleX":1,"scaleY":1,"sizePercentX":0.117957748,"sizePercentY":0.2046875,"sizeType":0,"tag":7820,"touchAble":false,"useMergedTexture":false,"visible":true,"width":134,"x":135,"y":-22,"capInsetsHeight":1,"capInsetsWidth":1,"capInsetsX":0,"capInsetsY":0,"fileName":null,"fileNameData":{"path":"zs004.png","plistFile":"","resourceType":0},"scale9Enable":false,"scale9Height":131,"scale9Width":134}},{"classname":"ImageView","name":null,"children":[],"options":{"__type":"ImageViewSurrogate:#EditorCommon.JsonModel.Component.GUI","classname":"ImageView","name":"f3","ZOrder":0,"actiontag":48036908,"anchorPointX":0.5,"anchorPointY":0.5,"classType":"CocoStudio.EngineAdapterWrap.CSImageView","colorB":255,"colorG":255,"colorR":255,"customProperty":"","flipX":false,"flipY":false,"height":131,"ignoreSize":true,"layoutParameter":null,"opacity":255,"positionPercentX":0.375880271,"positionPercentY":-0.253125,"positionType":0,"rotation":0,"scaleX":1,"scaleY":1,"sizePercentX":0.117957748,"sizePercentY":0.2046875,"sizeType":0,"tag":7823,"touchAble":false,"useMergedTexture":false,"visible":true,"width":134,"x":427,"y":-162,"capInsetsHeight":1,"capInsetsWidth":1,"capInsetsX":0,"capInsetsY":0,"fileName":null,"fileNameData":{"path":"zs005.png","plistFile":"","resourceType":0},"scale9Enable":false,"scale9Height":131,"scale9Width":134}},{"classname":"ImageView","name":null,"children":[],"options":{"__type":"ImageViewSurrogate:#EditorCommon.JsonModel.Component.GUI","classname":"ImageView","name":"f6","ZOrder":0,"actiontag":51513306,"anchorPointX":0.5,"anchorPointY":0.5,"classType":"CocoStudio.EngineAdapterWrap.CSImageView","colorB":255,"colorG":255,"colorR":255,"customProperty":"","flipX":false,"flipY":false,"height":131,"ignoreSize":true,"layoutParameter":null,"opacity":255,"positionPercentX":0.247359157,"positionPercentY":-0.2546875,"positionType":0,"rotation":0,"scaleX":1,"scaleY":1,"sizePercentX":0.117957748,"sizePercentY":0.2046875,"sizeType":0,"tag":7825,"touchAble":false,"useMergedTexture":false,"visible":true,"width":134,"x":281,"y":-163,"capInsetsHeight":1,"capInsetsWidth":1,"capInsetsX":0,"capInsetsY":0,"fileName":null,"fileNameData":{"path":"zs004.png","plistFile":"","resourceType":0},"scale9Enable":false,"scale9Height":131,"scale9Width":134}},{"classname":"ImageView","name":null,"children":[],"options":{"__type":"ImageViewSurrogate:#EditorCommon.JsonModel.Component.GUI","classname":"ImageView","name":"f1","ZOrder":0,"actiontag":13712732,"anchorPointX":0.5,"anchorPointY":0.5,"classType":"CocoStudio.EngineAdapterWrap.CSImageView","colorB":255,"colorG":255,"colorR":255,"customProperty":"","flipX":false,"flipY":false,"height":131,"ignoreSize":true,"layoutParameter":null,"opacity":255,"positionPercentX":0.375880271,"positionPercentY":0.178125,"positionType":0,"rotation":0,"scaleX":1,"scaleY":1,"sizePercentX":0.117957748,"sizePercentY":0.2046875,"sizeType":0,"tag":7827,"touchAble":false,"useMergedTexture":false,"visible":true,"width":134,"x":427,"y":114,"capInsetsHeight":1,"capInsetsWidth":1,"capInsetsX":0,"capInsetsY":0,"fileName":null,"fileNameData":{"path":"zs005.png","plistFile":"","resourceType":0},"scale9Enable":false,"scale9Height":131,"scale9Width":134}},{"classname":"ImageView","name":null,"children":[],"options":{"__type":"ImageViewSurrogate:#EditorCommon.JsonModel.Component.GUI","classname":"ImageView","name":"f2","ZOrder":0,"actiontag":54600595,"anchorPointX":0.5,"anchorPointY":0.5,"classType":"CocoStudio.EngineAdapterWrap.CSImageView","colorB":255,"colorG":255,"colorR":255,"customProperty":"","flipX":false,"flipY":false,"height":131,"ignoreSize":true,"layoutParameter":null,"opacity":255,"positionPercentX":0.375880271,"positionPercentY":-0.0375,"positionType":0,"rotation":0,"scaleX":1,"scaleY":1,"sizePercentX":0.117957748,"sizePercentY":0.2046875,"sizeType":0,"tag":7829,"touchAble":false,"useMergedTexture":false,"visible":true,"width":134,"x":427,"y":-24,"capInsetsHeight":1,"capInsetsWidth":1,"capInsetsX":0,"capInsetsY":0,"fileName":null,"fileNameData":{"path":"zs004.png","plistFile":"","resourceType":0},"scale9Enable":false,"scale9Height":131,"scale9Width":134}},{"classname":"ImageView","name":null,"children":[],"options":{"__type":"ImageViewSurrogate:#EditorCommon.JsonModel.Component.GUI","classname":"ImageView","name":"Image_62","ZOrder":0,"actiontag":26273026,"anchorPointX":0.5,"anchorPointY":0.5,"classType":"CocoStudio.EngineAdapterWrap.CSImageView","colorB":255,"colorG":255,"colorR":255,"customProperty":"","flipX":false,"flipY":false,"height":488,"ignoreSize":true,"layoutParameter":null,"opacity":255,"positionPercentX":-0.241197184,"positionPercentY":-0.0625,"positionType":0,"rotation":0,"scaleX":1,"scaleY":0.9631148,"sizePercentX":0.416373253,"sizePercentY":0.7625,"sizeType":0,"tag":13490,"touchAble":false,"useMergedTexture":false,"visible":true,"width":473,"x":-274,"y":-40,"capInsetsHeight":1,"capInsetsWidth":1,"capInsetsX":0,"capInsetsY":0,"fileName":null,"fileNameData":{"path":"zs0014.png","plistFile":"","resourceType":0},"scale9Enable":false,"scale9Height":488,"scale9Width":473}},{"classname":"Button","name":null,"children":[{"classname":"Label","name":null,"children":[],"options":{"__type":"LabelSurrogate:#EditorCommon.JsonModel.Component.GUI","classname":"Label","name":"Label_64","ZOrder":0,"actiontag":71560,"anchorPointX":0.5,"anchorPointY":0.5,"classType":"CocoStudio.EngineAdapterWrap.CSLabel","colorB":5,"colorG":22,"colorR":66,"customProperty":"","flipX":false,"flipY":false,"height":35,"ignoreSize":true,"layoutParameter":null,"opacity":255,"positionPercentX":0,"positionPercentY":0.06779661,"positionType":0,"rotation":0,"scaleX":1,"scaleY":1,"sizePercentX":0.7297297,"sizePercentY":0.593220353,"sizeType":0,"tag":13492,"touchAble":false,"useMergedTexture":false,"visible":true,"width":81,"x":0,"y":4,"areaHeight":0,"areaWidth":0,"fontFile":null,"fontName":"微软雅黑","fontSize":27,"hAlignment":0,"text":"雇佣兵","touchScaleEnable":false,"vAlignment":0}}],"options":{"__type":"ButtonSurrogate:#EditorCommon.JsonModel.Component.GUI","classname":"Button","name":"Button_63","ZOrder":0,"actiontag":11051132,"anchorPointX":0.5,"anchorPointY":0.5,"classType":"CocoStudio.EngineAdapterWrap.CSButton","colorB":255,"colorG":255,"colorR":255,"customProperty":"","flipX":false,"flipY":false,"height":59,"ignoreSize":true,"layoutParameter":null,"opacity":255,"positionPercentX":-0.09242958,"positionPercentY":0.33125,"positionType":0,"rotation":0,"scaleX":1,"scaleY":1,"sizePercentX":0.0977112651,"sizePercentY":0.0921875,"sizeType":0,"tag":13491,"touchAble":true,"useMergedTexture":false,"visible":true,"width":111,"x":-105,"y":212,"capInsetsHeight":1,"capInsetsWidth":1,"capInsetsX":0,"capInsetsY":0,"disabled":null,"disabledData":{"path":"zs0014-1.png","plistFile":"","resourceType":0},"fontName":"微软雅黑","fontSize":14,"fontType":0,"normal":null,"normalData":{"path":"zs0014-2.png","plistFile":"","resourceType":0},"pressed":null,"pressedData":{"path":"zs0014-1.png","plistFile":"","resourceType":0},"scale9Enable":false,"scale9Height":59,"scale9Width":111,"text":"","textColorB":255,"textColorG":255,"textColorR":255}},{"classname":"Button","name":null,"children":[{"classname":"Label","name":null,"children":[],"options":{"__type":"LabelSurrogate:#EditorCommon.JsonModel.Component.GUI","classname":"Label","name":"Label_64","ZOrder":0,"actiontag":58861379,"anchorPointX":0.5,"anchorPointY":0.5,"classType":"CocoStudio.EngineAdapterWrap.CSLabel","colorB":5,"colorG":22,"colorR":66,"customProperty":"","flipX":false,"flipY":false,"height":35,"ignoreSize":true,"layoutParameter":null,"opacity":255,"positionPercentX":0,"positionPercentY":0.06779661,"positionType":0,"rotation":0,"scaleX":1,"scaleY":1,"sizePercentX":0.7297297,"sizePercentY":0.593220353,"sizeType":0,"tag":13500,"touchAble":false,"useMergedTexture":false,"visible":true,"width":81,"x":0,"y":4,"areaHeight":0,"areaWidth":0,"fontFile":null,"fontName":"微软雅黑","fontSize":27,"hAlignment":0,"text":"远程型","touchScaleEnable":false,"vAlignment":0}}],"options":{"__type":"ButtonSurrogate:#EditorCommon.JsonModel.Component.GUI","classname":"Button","name":"Button_63_1","ZOrder":0,"actiontag":41323403,"anchorPointX":0.5,"anchorPointY":0.5,"classType":"CocoStudio.EngineAdapterWrap.CSButton","colorB":255,"colorG":255,"colorR":255,"customProperty":"","flipX":false,"flipY":false,"height":59,"ignoreSize":true,"layoutParameter":null,"opacity":255,"positionPercentX":-0.290492952,"positionPercentY":0.33125,"positionType":0,"rotation":0,"scaleX":1,"scaleY":1,"sizePercentX":0.0977112651,"sizePercentY":0.0921875,"sizeType":0,"tag":13499,"touchAble":true,"useMergedTexture":false,"visible":true,"width":111,"x":-330,"y":212,"capInsetsHeight":1,"capInsetsWidth":1,"capInsetsX":0,"capInsetsY":0,"disabled":null,"disabledData":{"path":"zs0014-1.png","plistFile":"","resourceType":0},"fontName":"微软雅黑","fontSize":14,"fontType":0,"normal":null,"normalData":{"path":"zs0014-2.png","plistFile":"","resourceType":0},"pressed":null,"pressedData":{"path":"zs0014-1.png","plistFile":"","resourceType":0},"scale9Enable":false,"scale9Height":59,"scale9Width":111,"text":"","textColorB":255,"textColorG":255,"textColorR":255}},{"classname":"Button","name":null,"children":[{"classname":"Label","name":null,"children":[],"options":{"__type":"LabelSurrogate:#EditorCommon.JsonModel.Component.GUI","classname":"Label","name":"Label_64","ZOrder":0,"actiontag":20905876,"anchorPointX":0.5,"anchorPointY":0.5,"classType":"CocoStudio.EngineAdapterWrap.CSLabel","colorB":5,"colorG":22,"colorR":66,"customProperty":"","flipX":false,"flipY":false,"height":35,"ignoreSize":true,"layoutParameter":null,"opacity":255,"positionPercentX":0,"positionPercentY":0.06779661,"positionType":0,"rotation":0,"scaleX":1,"scaleY":1,"sizePercentX":0.7297297,"sizePercentY":0.593220353,"sizeType":0,"tag":13506,"touchAble":false,"useMergedTexture":false,"visible":true,"width":81,"x":0,"y":4,"areaHeight":0,"areaWidth":0,"fontFile":null,"fontName":"微软雅黑","fontSize":27,"hAlignment":0,"text":"近战型","touchScaleEnable":false,"vAlignment":0}}],"options":{"__type":"ButtonSurrogate:#EditorCommon.JsonModel.Component.GUI","classname":"Button","name":"Button_63_2","ZOrder":0,"actiontag":9779415,"anchorPointX":0.5,"anchorPointY":0.5,"classType":"CocoStudio.EngineAdapterWrap.CSButton","colorB":255,"colorG":255,"colorR":255,"customProperty":"","flipX":false,"flipY":false,"height":59,"ignoreSize":true,"layoutParameter":null,"opacity":255,"positionPercentX":-0.191901416,"positionPercentY":0.33125,"positionType":0,"rotation":0,"scaleX":1,"scaleY":1,"sizePercentX":0.0977112651,"sizePercentY":0.0921875,"sizeType":0,"tag":13505,"touchAble":true,"useMergedTexture":false,"visible":true,"width":111,"x":-218,"y":212,"capInsetsHeight":1,"capInsetsWidth":1,"capInsetsX":0,"capInsetsY":0,"disabled":null,"disabledData":{"path":"zs0014-1.png","plistFile":"","resourceType":0},"fontName":"微软雅黑","fontSize":14,"fontType":0,"normal":null,"normalData":{"path":"zs0014-2.png","plistFile":"","resourceType":0},"pressed":null,"pressedData":{"path":"zs0014-1.png","plistFile":"","resourceType":0},"scale9Enable":false,"scale9Height":59,"scale9Width":111,"text":"","textColorB":255,"textColorG":255,"textColorR":255}},{"classname":"ImageView","name":null,"children":[],"options":{"__type":"ImageViewSurrogate:#EditorCommon.JsonModel.Component.GUI","classname":"ImageView","name":"Image_104","ZOrder":0,"actiontag":52280412,"anchorPointX":0.5,"anchorPointY":0.5,"classType":"CocoStudio.EngineAdapterWrap.CSImageView","colorB":255,"colorG":255,"colorR":255,"customProperty":"","flipX":false,"flipY":false,"height":39,"ignoreSize":true,"layoutParameter":null,"opacity":126,"positionPercentX":0.375,"positionPercentY":-0.4078125,"positionType":0,"rotation":0,"scaleX":0.7323239,"scaleY":0.7323239,"sizePercentX":0.104753524,"sizePercentY":0.0609375,"sizeType":0,"tag":13532,"touchAble":false,"useMergedTexture":false,"visible":true,"width":119,"x":426,"y":-261,"capInsetsHeight":1,"capInsetsWidth":1,"capInsetsX":0,"capInsetsY":0,"fileName":null,"fileNameData":{"path":"yun0.png","plistFile":"","resourceType":0},"scale9Enable":false,"scale9Height":39,"scale9Width":119}},{"classname":"ImageView","name":null,"children":[],"options":{"__type":"ImageViewSurrogate:#EditorCommon.JsonModel.Component.GUI","classname":"ImageView","name":"Image_104_0","ZOrder":0,"actiontag":41008374,"anchorPointX":0.5,"anchorPointY":0.5,"classType":"CocoStudio.EngineAdapterWrap.CSImageView","colorB":255,"colorG":255,"colorR":255,"customProperty":"","flipX":true,"flipY":false,"height":39,"ignoreSize":true,"layoutParameter":null,"opacity":126,"positionPercentX":0.135563374,"positionPercentY":-0.403125,"positionType":0,"rotation":0,"scaleX":0.6492462,"scaleY":0.6492462,"sizePercentX":0.104753524,"sizePercentY":0.0609375,"sizeType":0,"tag":13534,"touchAble":false,"useMergedTexture":false,"visible":true,"width":119,"x":154,"y":-258,"capInsetsHeight":1,"capInsetsWidth":1,"capInsetsX":0,"capInsetsY":0,"fileName":null,"fileNameData":{"path":"yun0.png","plistFile":"","resourceType":0},"scale9Enable":false,"scale9Height":39,"scale9Width":119}},{"classname":"ScrollView","name":null,"children":[],"options":{"__type":"ScrollViewSurrogate:#EditorCommon.JsonModel.Component.GUI","classname":"ScrollView","name":"ScrollView_29","ZOrder":1,"actiontag":54164681,"anchorPointX":0,"anchorPointY":0,"classType":"CocoStudio.EngineAdapterWrap.CSScrollView","colorB":255,"colorG":255,"colorR":255,"customProperty":"","flipX":false,"flipY":false,"height":430,"ignoreSize":false,"layoutParameter":null,"opacity":255,"positionPercentX":-0.4278169,"positionPercentY":-0.3890625,"positionType":0,"rotation":0,"scaleX":1,"scaleY":1,"sizePercentX":0.368838042,"sizePercentY":0.671875,"sizeType":0,"tag":13997,"touchAble":true,"useMergedTexture":false,"visible":true,"width":419,"x":-486,"y":-249,"backGroundImage":null,"backGroundImageData":null,"backGroundScale9Enable":false,"bgColorB":100,"bgColorG":150,"bgColorOpacity":0,"bgColorR":255,"bgEndColorB":100,"bgEndColorG":150,"bgEndColorR":255,"bgStartColorB":255,"bgStartColorG":255,"bgStartColorR":255,"bounceEnable":false,"capInsetsHeight":1,"capInsetsWidth":1,"capInsetsX":0,"capInsetsY":0,"clipAble":true,"colorType":1,"direction":1,"editorClipAble":true,"innerHeight":430,"innerWidth":419,"layoutType":0,"vectorX":0,"vectorY":-0.5}},{"classname":"ImageView","name":null,"children":[],"options":{"__type":"ImageViewSurrogate:#EditorCommon.JsonModel.Component.GUI","classname":"ImageView","name":"f5","ZOrder":0,"actiontag":57800770,"anchorPointX":0.5,"anchorPointY":0.5,"classType":"CocoStudio.EngineAdapterWrap.CSImageView","colorB":255,"colorG":255,"colorR":255,"customProperty":"","flipX":false,"flipY":false,"height":131,"ignoreSize":true,"layoutParameter":null,"opacity":255,"positionPercentX":0.247359157,"positionPercentY":-0.0375,"positionType":0,"rotation":0,"scaleX":1,"scaleY":1,"sizePercentX":0.117957748,"sizePercentY":0.2046875,"sizeType":0,"tag":14414,"touchAble":false,"useMergedTexture":false,"visible":true,"width":134,"x":281,"y":-24,"capInsetsHeight":1,"capInsetsWidth":1,"capInsetsX":0,"capInsetsY":0,"fileName":null,"fileNameData":{"path":"zs004.png","plistFile":"","resourceType":0},"scale9Enable":false,"scale9Height":131,"scale9Width":134}},{"classname":"Label","name":null,"children":[{"classname":"Label","name":null,"children":[],"options":{"__type":"LabelSurrogate:#EditorCommon.JsonModel.Component.GUI","classname":"Label","name":"Label_85","ZOrder":0,"actiontag":2396531,"anchorPointX":0,"anchorPointY":0.5,"classType":"CocoStudio.EngineAdapterWrap.CSLabel","colorB":0,"colorG":24,"colorR":46,"customProperty":"","flipX":false,"flipY":false,"height":35,"ignoreSize":true,"layoutParameter":null,"opacity":255,"positionPercentX":0.5113636,"positionPercentY":0,"positionType":0,"rotation":0,"scaleX":1,"scaleY":1,"sizePercentX":0.909090936,"sizePercentY":1,"sizeType":0,"tag":15916,"touchAble":false,"useMergedTexture":false,"visible":true,"width":80,"x":45,"y":0,"areaHeight":0,"areaWidth":0,"fontFile":null,"fontName":"微软雅黑","fontSize":27,"hAlignment":0,"text":"21000","touchScaleEnable":false,"vAlignment":0}}],"options":{"__type":"LabelSurrogate:#EditorCommon.JsonModel.Component.GUI","classname":"Label","name":"Label_84","ZOrder":0,"actiontag":43546605,"anchorPointX":0.5,"anchorPointY":0.5,"classType":"CocoStudio.EngineAdapterWrap.CSLabel","colorB":0,"colorG":24,"colorR":46,"customProperty":"","flipX":false,"flipY":false,"height":35,"ignoreSize":true,"layoutParameter":null,"opacity":255,"positionPercentX":0.213908449,"positionPercentY":-0.4078125,"positionType":0,"rotation":0,"scaleX":1,"scaleY":1,"sizePercentX":0.07746479,"sizePercentY":0.0546875,"sizeType":0,"tag":15915,"touchAble":false,"useMergedTexture":false,"visible":true,"width":88,"x":243,"y":-261,"areaHeight":0,"areaWidth":0,"fontFile":null,"fontName":"微软雅黑","fontSize":27,"hAlignment":0,"text":"战斗力:","touchScaleEnable":false,"vAlignment":0}},{"classname":"Button","name":null,"children":[{"classname":"Label","name":null,"children":[],"options":{"__type":"LabelSurrogate:#EditorCommon.JsonModel.Component.GUI","classname":"Label","name":"Label_64","ZOrder":0,"actiontag":63411153,"anchorPointX":0.5,"anchorPointY":0.5,"classType":"CocoStudio.EngineAdapterWrap.CSLabel","colorB":51,"colorG":65,"colorR":94,"customProperty":"","flipX":false,"flipY":false,"height":35,"ignoreSize":true,"layoutParameter":null,"opacity":255,"positionPercentX":0,"positionPercentY":0.06779661,"positionType":0,"rotation":0,"scaleX":1,"scaleY":1,"sizePercentX":0.5585586,"sizePercentY":0.593220353,"sizeType":0,"tag":16717,"touchAble":false,"useMergedTexture":false,"visible":true,"width":62,"x":0,"y":4,"areaHeight":0,"areaWidth":0,"fontFile":null,"fontName":"微软雅黑","fontSize":27,"hAlignment":0,"text":"全 部","touchScaleEnable":false,"vAlignment":0}}],"options":{"__type":"ButtonSurrogate:#EditorCommon.JsonModel.Component.GUI","classname":"Button","name":"Button_63_0","ZOrder":0,"actiontag":44328385,"anchorPointX":0.5,"anchorPointY":0.5,"classType":"CocoStudio.EngineAdapterWrap.CSButton","colorB":255,"colorG":255,"colorR":255,"customProperty":"","flipX":false,"flipY":false,"height":59,"ignoreSize":true,"layoutParameter":null,"opacity":255,"positionPercentX":-0.389084518,"positionPercentY":0.3328125,"positionType":0,"rotation":0,"scaleX":1,"scaleY":1,"sizePercentX":0.0977112651,"sizePercentY":0.0921875,"sizeType":0,"tag":16716,"touchAble":true,"useMergedTexture":false,"visible":true,"width":111,"x":-442,"y":213,"capInsetsHeight":1,"capInsetsWidth":1,"capInsetsX":0,"capInsetsY":0,"disabled":null,"disabledData":{"path":"zs0014-1.png","plistFile":"","resourceType":0},"fontName":"微软雅黑","fontSize":14,"fontType":0,"normal":null,"normalData":{"path":"zs0014-2.png","plistFile":"","resourceType":0},"pressed":null,"pressedData":{"path":"zs0014-1.png","plistFile":"","resourceType":0},"scale9Enable":false,"scale9Height":59,"scale9Width":111,"text":"","textColorB":255,"textColorG":255,"textColorR":255}},{"classname":"Button","name":null,"children":[],"options":{"__type":"ButtonSurrogate:#EditorCommon.JsonModel.Component.GUI","classname":"Button","name":"Button_26","ZOrder":0,"actiontag":41395459,"anchorPointX":0.5,"anchorPointY":0.5,"classType":"CocoStudio.EngineAdapterWrap.CSButton","colorB":255,"colorG":255,"colorR":255,"customProperty":"","flipX":true,"flipY":false,"height":27,"ignoreSize":true,"layoutParameter":null,"opacity":255,"positionPercentX":0.426936626,"positionPercentY":0.340625,"positionType":0,"rotation":0,"scaleX":1.3094542,"scaleY":1.3094542,"sizePercentX":0.016725352,"sizePercentY":0.0421875,"sizeType":0,"tag":17076,"touchAble":true,"useMergedTexture":false,"visible":true,"width":19,"x":485,"y":218,"capInsetsHeight":1,"capInsetsWidth":1,"capInsetsX":0,"capInsetsY":0,"disabled":null,"disabledData":{"path":null,"plistFile":null,"resourceType":0},"fontName":"微软雅黑","fontSize":14,"fontType":0,"normal":null,"normalData":{"path":"jh1.png","plistFile":"","resourceType":0},"pressed":null,"pressedData":{"path":"jh2.png","plistFile":"","resourceType":0},"scale9Enable":false,"scale9Height":27,"scale9Width":19,"text":"","textColorB":255,"textColorG":255,"textColorR":255}},{"classname":"Button","name":null,"children":[],"options":{"__type":"ButtonSurrogate:#EditorCommon.JsonModel.Component.GUI","classname":"Button","name":"Button_26_0","ZOrder":0,"actiontag":12553595,"anchorPointX":0.5,"anchorPointY":0.5,"classType":"CocoStudio.EngineAdapterWrap.CSButton","colorB":255,"colorG":255,"colorR":255,"customProperty":"","flipX":false,"flipY":false,"height":27,"ignoreSize":true,"layoutParameter":null,"opacity":255,"positionPercentX":0.0457746461,"positionPercentY":0.340625,"positionType":0,"rotation":0,"scaleX":1.3094542,"scaleY":1.3094542,"sizePercentX":0.016725352,"sizePercentY":0.0421875,"sizeType":0,"tag":17078,"touchAble":true,"useMergedTexture":false,"visible":true,"width":19,"x":52,"y":218,"capInsetsHeight":1,"capInsetsWidth":1,"capInsetsX":0,"capInsetsY":0,"disabled":null,"disabledData":{"path":null,"plistFile":null,"resourceType":0},"fontName":"微软雅黑","fontSize":14,"fontType":0,"normal":null,"normalData":{"path":"jh1.png","plistFile":"","resourceType":0},"pressed":null,"pressedData":{"path":"jh2.png","plistFile":"","resourceType":0},"scale9Enable":false,"scale9Height":27,"scale9Width":19,"text":"","textColorB":255,"textColorG":255,"textColorR":255}},{"classname":"ScrollView","name":null,"children":[{"classname":"Button","name":null,"children":[{"classname":"Label","name":null,"children":[],"options":{"__type":"LabelSurrogate:#EditorCommon.JsonModel.Component.GUI","classname":"Label","name":"Label_64_2","ZOrder":0,"actiontag":60170279,"anchorPointX":0.5,"anchorPointY":0.5,"classType":"CocoStudio.EngineAdapterWrap.CSLabel","colorB":51,"colorG":65,"colorR":94,"customProperty":"","flipX":false,"flipY":false,"height":35,"ignoreSize":true,"layoutParameter":null,"opacity":255,"positionPercentX":0,"positionPercentY":0.06779661,"positionType":0,"rotation":0,"scaleX":1,"scaleY":1,"sizePercentX":0.6306306,"sizePercentY":0.593220353,"sizeType":0,"tag":16725,"touchAble":false,"useMergedTexture":false,"visible":true,"width":70,"x":0,"y":4,"areaHeight":0,"areaWidth":0,"fontFile":null,"fontName":"微软雅黑","fontSize":27,"hAlignment":0,"text":"阵型2","touchScaleEnable":false,"vAlignment":0}}],"options":{"__type":"ButtonSurrogate:#EditorCommon.JsonModel.Component.GUI","classname":"Button","name":"Button_63_0_2","ZOrder":0,"actiontag":4855470,"anchorPointX":0.5,"anchorPointY":0.5,"classType":"CocoStudio.EngineAdapterWrap.CSButton","colorB":255,"colorG":255,"colorR":255,"customProperty":"","flipX":false,"flipY":false,"height":59,"ignoreSize":true,"layoutParameter":null,"opacity":255,"positionPercentX":0.4321608,"positionPercentY":0.4375,"positionType":0,"rotation":0,"scaleX":1,"scaleY":1,"sizePercentX":0.278894484,"sizePercentY":0.7375,"sizeType":0,"tag":16724,"touchAble":true,"useMergedTexture":false,"visible":true,"width":111,"x":172,"y":35,"capInsetsHeight":1,"capInsetsWidth":1,"capInsetsX":0,"capInsetsY":0,"disabled":null,"disabledData":{"path":"zs0014-1.png","plistFile":"","resourceType":0},"fontName":"微软雅黑","fontSize":14,"fontType":0,"normal":null,"normalData":{"path":"zs0014-2.png","plistFile":"","resourceType":0},"pressed":null,"pressedData":{"path":"zs0014-1.png","plistFile":"","resourceType":0},"scale9Enable":false,"scale9Height":59,"scale9Width":111,"text":"","textColorB":255,"textColorG":255,"textColorR":255}},{"classname":"Button","name":null,"children":[{"classname":"Label","name":null,"children":[],"options":{"__type":"LabelSurrogate:#EditorCommon.JsonModel.Component.GUI","classname":"Label","name":"Label_64_3","ZOrder":0,"actiontag":19661964,"anchorPointX":0.5,"anchorPointY":0.5,"classType":"CocoStudio.EngineAdapterWrap.CSLabel","colorB":51,"colorG":65,"colorR":94,"customProperty":"","flipX":false,"flipY":false,"height":35,"ignoreSize":true,"layoutParameter":null,"opacity":255,"positionPercentX":0,"positionPercentY":0.06779661,"positionType":0,"rotation":0,"scaleX":1,"scaleY":1,"sizePercentX":0.6306306,"sizePercentY":0.593220353,"sizeType":0,"tag":16729,"touchAble":false,"useMergedTexture":false,"visible":true,"width":70,"x":0,"y":4,"areaHeight":0,"areaWidth":0,"fontFile":null,"fontName":"微软雅黑","fontSize":27,"hAlignment":0,"text":"阵型3","touchScaleEnable":false,"vAlignment":0}}],"options":{"__type":"ButtonSurrogate:#EditorCommon.JsonModel.Component.GUI","classname":"Button","name":"Button_63_0_3","ZOrder":0,"actiontag":144876,"anchorPointX":0.5,"anchorPointY":0.5,"classType":"CocoStudio.EngineAdapterWrap.CSButton","colorB":255,"colorG":255,"colorR":255,"customProperty":"","flipX":false,"flipY":false,"height":59,"ignoreSize":true,"layoutParameter":null,"opacity":255,"positionPercentX":1.00251257,"positionPercentY":0.45,"positionType":0,"rotation":0,"scaleX":1,"scaleY":1,"sizePercentX":0.278894484,"sizePercentY":0.7375,"sizeType":0,"tag":16728,"touchAble":true,"useMergedTexture":false,"visible":true,"width":111,"x":399,"y":36,"capInsetsHeight":1,"capInsetsWidth":1,"capInsetsX":0,"capInsetsY":0,"disabled":null,"disabledData":{"path":"zs0014-1.png","plistFile":"","resourceType":0},"fontName":"微软雅黑","fontSize":14,"fontType":0,"normal":null,"normalData":{"path":"zs0014-2.png","plistFile":"","resourceType":0},"pressed":null,"pressedData":{"path":"zs0014-1.png","plistFile":"","resourceType":0},"scale9Enable":false,"scale9Height":59,"scale9Width":111,"text":"","textColorB":255,"textColorG":255,"textColorR":255}},{"classname":"Button","name":null,"children":[{"classname":"Label","name":null,"children":[],"options":{"__type":"LabelSurrogate:#EditorCommon.JsonModel.Component.GUI","classname":"Label","name":"Label_64_1","ZOrder":0,"actiontag":66413182,"anchorPointX":0.5,"anchorPointY":0.5,"classType":"CocoStudio.EngineAdapterWrap.CSLabel","colorB":51,"colorG":65,"colorR":94,"customProperty":"","flipX":false,"flipY":false,"height":35,"ignoreSize":true,"layoutParameter":null,"opacity":255,"positionPercentX":0,"positionPercentY":0.06779661,"positionType":0,"rotation":0,"scaleX":1,"scaleY":1,"sizePercentX":0.6306306,"sizePercentY":0.593220353,"sizeType":0,"tag":16721,"touchAble":false,"useMergedTexture":false,"visible":true,"width":70,"x":0,"y":4,"areaHeight":0,"areaWidth":0,"fontFile":null,"fontName":"微软雅黑","fontSize":27,"hAlignment":0,"text":"阵型1","touchScaleEnable":false,"vAlignment":0}}],"options":{"__type":"ButtonSurrogate:#EditorCommon.JsonModel.Component.GUI","classname":"Button","name":"Button_63_0_1","ZOrder":0,"actiontag":43900403,"anchorPointX":0.5,"anchorPointY":0.5,"classType":"CocoStudio.EngineAdapterWrap.CSButton","colorB":255,"colorG":255,"colorR":255,"customProperty":"","flipX":false,"flipY":false,"height":59,"ignoreSize":true,"layoutParameter":null,"opacity":255,"positionPercentX":0.150753766,"positionPercentY":0.4375,"positionType":0,"rotation":0,"scaleX":1,"scaleY":1,"sizePercentX":0.278894484,"sizePercentY":0.7375,"sizeType":0,"tag":16720,"touchAble":true,"useMergedTexture":false,"visible":true,"width":111,"x":60,"y":35,"capInsetsHeight":1,"capInsetsWidth":1,"capInsetsX":0,"capInsetsY":0,"disabled":null,"disabledData":{"path":"zs0014-1.png","plistFile":"","resourceType":0},"fontName":"微软雅黑","fontSize":14,"fontType":0,"normal":null,"normalData":{"path":"zs0014-2.png","plistFile":"","resourceType":0},"pressed":null,"pressedData":{"path":"zs0014-1.png","plistFile":"","resourceType":0},"scale9Enable":false,"scale9Height":59,"scale9Width":111,"text":"","textColorB":255,"textColorG":255,"textColorR":255}},{"classname":"Button","name":null,"children":[{"classname":"Label","name":null,"children":[],"options":{"__type":"LabelSurrogate:#EditorCommon.JsonModel.Component.GUI","classname":"Label","name":"Label_64_3","ZOrder":0,"actiontag":65607977,"anchorPointX":0.5,"anchorPointY":0.5,"classType":"CocoStudio.EngineAdapterWrap.CSLabel","colorB":51,"colorG":65,"colorR":94,"customProperty":"","flipX":false,"flipY":false,"height":35,"ignoreSize":true,"layoutParameter":null,"opacity":255,"positionPercentX":0,"positionPercentY":0.06779661,"positionType":0,"rotation":0,"scaleX":1,"scaleY":1,"sizePercentX":0.6306306,"sizePercentY":0.593220353,"sizeType":0,"tag":17083,"touchAble":false,"useMergedTexture":false,"visible":true,"width":70,"x":0,"y":4,"areaHeight":0,"areaWidth":0,"fontFile":null,"fontName":"微软雅黑","fontSize":27,"hAlignment":0,"text":"阵型3","touchScaleEnable":false,"vAlignment":0}}],"options":{"__type":"ButtonSurrogate:#EditorCommon.JsonModel.Component.GUI","classname":"Button","name":"Button_63_0_3_0","ZOrder":0,"actiontag":37115937,"anchorPointX":0.5,"anchorPointY":0.5,"classType":"CocoStudio.EngineAdapterWrap.CSButton","colorB":255,"colorG":255,"colorR":255,"customProperty":"","flipX":false,"flipY":false,"height":59,"ignoreSize":true,"layoutParameter":null,"opacity":255,"positionPercentX":0.7160804,"positionPercentY":0.4375,"positionType":0,"rotation":0,"scaleX":1,"scaleY":1,"sizePercentX":0.278894484,"sizePercentY":0.7375,"sizeType":0,"tag":17082,"touchAble":true,"useMergedTexture":false,"visible":true,"width":111,"x":285,"y":35,"capInsetsHeight":1,"capInsetsWidth":1,"capInsetsX":0,"capInsetsY":0,"disabled":null,"disabledData":{"path":"zs0014-1.png","plistFile":"","resourceType":0},"fontName":"微软雅黑","fontSize":14,"fontType":0,"normal":null,"normalData":{"path":"zs0014-2.png","plistFile":"","resourceType":0},"pressed":null,"pressedData":{"path":"zs0014-1.png","plistFile":"","resourceType":0},"scale9Enable":false,"scale9Height":59,"scale9Width":111,"text":"","textColorB":255,"textColorG":255,"textColorR":255}}],"options":{"__type":"ScrollViewSurrogate:#EditorCommon.JsonModel.Component.GUI","classname":"ScrollView","name":"ScrollView_29","ZOrder":1,"actiontag":19218446,"anchorPointX":0,"anchorPointY":0,"classType":"CocoStudio.EngineAdapterWrap.CSScrollView","colorB":255,"colorG":255,"colorR":255,"customProperty":"","flipX":false,"flipY":false,"height":80,"ignoreSize":false,"layoutParameter":null,"opacity":255,"positionPercentX":0.0580985919,"positionPercentY":0.278125,"positionType":0,"rotation":0,"scaleX":1,"scaleY":1,"sizePercentX":0.3503521,"sizePercentY":0.125,"sizeType":0,"tag":17079,"touchAble":true,"useMergedTexture":false,"visible":true,"width":398,"x":66,"y":178,"backGroundImage":null,"backGroundImageData":null,"backGroundScale9Enable":false,"bgColorB":100,"bgColorG":150,"bgColorOpacity":0,"bgColorR":255,"bgEndColorB":100,"bgEndColorG":150,"bgEndColorR":255,"bgStartColorB":255,"bgStartColorG":255,"bgStartColorR":255,"bounceEnable":false,"capInsetsHeight":1,"capInsetsWidth":1,"capInsetsX":0,"capInsetsY":0,"clipAble":true,"colorType":1,"direction":1,"editorClipAble":true,"innerHeight":80,"innerWidth":398,"layoutType":0,"vectorX":0,"vectorY":-0.5}},{"classname":"ImageView","name":null,"children":[],"options":{"__type":"ImageViewSurrogate:#EditorCommon.JsonModel.Component.GUI","classname":"ImageView","name":"Image_19_1","ZOrder":0,"actiontag":43000310,"anchorPointX":0.5,"anchorPointY":0.5,"classType":"CocoStudio.EngineAdapterWrap.CSImageView","colorB":255,"colorG":255,"colorR":255,"customProperty":"","flipX":false,"flipY":false,"height":38,"ignoreSize":true,"layoutParameter":null,"opacity":255,"positionPercentX":0.00176056335,"positionPercentY":0.4453125,"positionType":0,"rotation":0,"scaleX":0.8797644,"scaleY":0.8797644,"sizePercentX":0.153169021,"sizePercentY":0.059375,"sizeType":0,"tag":19872,"touchAble":false,"useMergedTexture":false,"visible":true,"width":174,"x":2,"y":285,"capInsetsHeight":1,"capInsetsWidth":1,"capInsetsX":0,"capInsetsY":0,"fileName":null,"fileNameData":{"path":"zduix-1.png","plistFile":"","resourceType":0},"scale9Enable":false,"scale9Height":38,"scale9Width":174}}],"options":{"__type":"ImageViewSurrogate:#EditorCommon.JsonModel.Component.GUI","classname":"ImageView","name":"Image_16","ZOrder":0,"actiontag":52400450,"anchorPointX":0.5,"anchorPointY":0.5,"classType":"CocoStudio.EngineAdapterWrap.CSImageView","colorB":255,"colorG":255,"colorR":255,"customProperty":"","flipX":false,"flipY":false,"height":640,"ignoreSize":true,"layoutParameter":{"classname":null,"name":null,"align":1,"gravity":0,"layoutEageType":0,"layoutNormalHorizontal":0,"layoutNormalVertical":0,"layoutParentHorizontal":0,"layoutParentVertical":0,"marginDown":0,"marginLeft":-1,"marginRight":0,"marginTop":-1,"relativeName":"Image_16","relativeToName":"root_panel","type":2},"opacity":255,"positionPercentX":0.499119729,"positionPercentY":0.5015625,"positionType":0,"rotation":0,"scaleX":1,"scaleY":1,"sizePercentX":1,"sizePercentY":1,"sizeType":0,"tag":7809,"touchAble":false,"useMergedTexture":false,"visible":true,"width":1136,"x":567,"y":321,"capInsetsHeight":1,"capInsetsWidth":1,"capInsetsX":0,"capInsetsY":0,"fileName":null,"fileNameData":{"path":"zs0014-3.png","plistFile":"","resourceType":0},"scale9Enable":false,"scale9Height":640,"scale9Width":1136}},{"classname":"Button","name":null,"children":[],"options":{"__type":"ButtonSurrogate:#EditorCommon.JsonModel.Component.GUI","classname":"Button","name":"Button_74_0_0","ZOrder":0,"actiontag":40126140,"anchorPointX":0.5,"anchorPointY":0.5,"classType":"CocoStudio.EngineAdapterWrap.CSButton","colorB":255,"colorG":255,"colorR":255,"customProperty":"","flipX":false,"flipY":false,"height":83,"ignoreSize":true,"layoutParameter":{"classname":null,"name":null,"align":1,"gravity":0,"layoutEageType":0,"layoutNormalHorizontal":0,"layoutNormalVertical":0,"layoutParentHorizontal":0,"layoutParentVertical":0,"marginDown":0,"marginLeft":457,"marginRight":0,"marginTop":557,"relativeName":"Button_74_0_0","relativeToName":"root_panel","type":2},"opacity":255,"positionPercentX":0.495158464,"positionPercentY":0.06484375,"positionType":0,"rotation":0,"scaleX":1.07000041,"scaleY":1.07000041,"sizePercentX":0.185739443,"sizePercentY":0.1296875,"sizeType":0,"tag":13530,"touchAble":true,"useMergedTexture":false,"visible":true,"width":211,"x":562,"y":41,"capInsetsHeight":1,"capInsetsWidth":1,"capInsetsX":0,"capInsetsY":0,"disabled":null,"disabledData":{"path":null,"plistFile":null,"resourceType":0},"fontName":"微软雅黑","fontSize":14,"fontType":0,"normal":null,"normalData":{"path":"jy01-2-0.png","plistFile":"","resourceType":0},"pressed":null,"pressedData":{"path":"jy01-2-1.png","plistFile":"","resourceType":0},"scale9Enable":false,"scale9Height":83,"scale9Width":211,"text":"","textColorB":255,"textColorG":255,"textColorR":255}}],"options":{"__type":"PanelSurrogate:#EditorCommon.JsonModel.Component.GUI","classname":"Panel","name":"root_panel","ZOrder":0,"actiontag":-1,"anchorPointX":0,"anchorPointY":0,"classType":"CocoStudio.EngineAdapterWrap.CSPanel","colorB":255,"colorG":255,"colorR":255,"customProperty":"","flipX":false,"flipY":false,"height":640,"ignoreSize":false,"layoutParameter":null,"opacity":93,"positionPercentX":0,"positionPercentY":0,"positionType":0,"rotation":0,"scaleX":1,"scaleY":1,"sizePercentX":1,"sizePercentY":1,"sizeType":0,"tag":255,"touchAble":true,"useMergedTexture":false,"visible":true,"width":1136,"x":0,"y":0,"adaptScreen":true,"backGroundImage":null,"backGroundImageData":{"path":"cwxzbj01-4.png","plistFile":"","resourceType":0},"backGroundScale9Enable":false,"bgColorB":255,"bgColorG":200,"bgColorOpacity":0,"bgColorR":150,"bgEndColorB":255,"bgEndColorG":200,"bgEndColorR":150,"bgStartColorB":255,"bgStartColorG":255,"bgStartColorR":255,"capInsetsHeight":1,"capInsetsWidth":1,"capInsetsX":0,"capInsetsY":0,"clipAble":false,"colorType":1,"layoutType":3,"vectorX":0,"vectorY":-0.5}}}