{"classname":null,"name":null,"animation":{"classname":null,"name":"AnimationManager","actionlist":[]},"dataScale":1,"designHeight":640,"designWidth":1136,"textures":[],"texturesPng":["cwxzbj01-4.png","cka001-21-1-1.png","cka001-22-1.png","cka001-23.png","cka001-24.png","zsgzksko001.png","zsgzksko01.png","daxx01.png","baozi01.png","sdk2.png","zsgzdxzyx04-1.png","zsgzdxzyx04.png","cka001-21-1-2.png","yun0.png","zs008.png","zs0011.png","yxsxann02.png","yxsxann02-1.png","grensx0011-4.png","grensx0011-1.png","grensx0011-2.png","grensx0011-3.png","yxsxann02.png","yxsxann02-1.png","hyyjn4.png","zs0012.png","hyyjn2.png","zs0013.png","hyyjn1.png","hyyjn3.png","zs008.png","cwxzbj01-4.png","hk01.png","next01.png","hk02.png","hk03.png","hk01-2.png","hk01-1.png","jy01-1.png","jy01-2.png","zsgzdxzyx04-1.png","zsgzdxzyx04.png","cwxzbj01-4.png","zsgzdxzyx04-1.png","zsgzdxzyx04.png","zs0014-3.png","zs008.png","zs003.png","zs005.png","zs004.png","zs0014.png","zs0014-2.png","zs0014-1.png","yun0.png","jh1.png","jh2.png","zduix-1.png","jy01-2-0.png","jy01-2-1.png","cwxzbj01-4.png","sl01_2.png","sl01.png","sl01_3.png","cka001-23.png","cka001-24.png","zsgzksko001.png","zsgzksko01.png","sl01_4.png","sl01_5.png","zb05.png","zs005-1.png","rwxt01.png","rwxt03_1.png","zb01.png","zb04.png","zb02.png","zb03.png","bjguang.png","cka001-21-1-2.png","cka001-21-1-1.png","cwxzbj01-4.png","sb01_1.png","sb01_2.png","tyonganiu01.png","tyonganiu00-1.png","zsgzdxzyx04-1.png","zsgzdxzyx04.png","bl01.png","jia000.png","jia02-1.png","baozi01.png","jia00.png","jb01.png","zs01.png","hk07-1.png","hk07.png","cz01.png","jd01.png","txshux01.png","txshux02.png","txshux00.png","txshux03.png","cwxzbj01-4.png","cka001-21-1-1.png","cka001.png","cka001-19.png","cka001-14.png","zs008.png","grensx0011-4.png","zs01.png","cka001-8.png","sl01_1.png","yxtxxiaoq.png","zs005-1.png","zhili01.png","cka001-11.png","cka001-12.png","jb01.png","cka001-2.png","cka001-18.png","cka001-13.png","cka001-7.png","cka001-22-1.png","yun0.png","zduix-3.png","zsgzdxzyx04-1.png","zsgzdxzyx04.png","cka001-15.png","cka001-16.png","cka001-17.png","cka001-21-1-2.png","cka001-21.png","cka001-22.png","cka001-2.png","cka001-23.png","cka001-24.png","cka001-25.png","jb01.png","cka001-21.png","cka001-22.png","cka001-7.png","cka001-23.png","cka001-24.png","cka001-25.png","zs01.png","cka001-21.png","cka001-22.png","cka001-8.png","cka001-23.png","cka001-24.png","cka001-25.png","zs01.png","yxtxxiaoq.png","zs005-1.png","zhili01.png","cwxzbj01-4.png","XG01.png","XZXX01-1.png","xiaoq-1.png","lv.png","XZXX01.png","XZ0-12.png","bjguang.png","XZ0-13.png","XZ0-14.png","XZ0-15.png","hudie24.png","shui001.png","cwxzbj01-5.png","zs003.png","zs008.png","zs009.png","zs010.png","zb04.png","zb01.png","zb03.png","zb02.png","zb05.png","yxsxann02.png","yxsxann02-1.png","grensx0011-1.png","cwxzbj01-4.png","XZXX01-1.png","xiaoq-1.png","lv.png","zs007.png","zs006.png","XG01.png","cwxzbj01-5.png","zhili01.png","zs001.png","zs002.png","XZXX01.png","yxsxann00.png","yxsxann01.png","yxsxann02.png","yxsxann02-1.png","grensx0011-5.png","zduix-2.png","zsgzdxzyx04-1.png","zsgzdxzyx04.png","hk01-4.png","hk01-3.png","hk05.png","hk001.png","hk001_1.png","hk002.png","hk002_1.png","hk003.png","hk003_1.png","hk004.png","hk004-1.png","hk005.png","hk005_1.png","hk006.png","hk006_1.png","hk007.png","hk007_1.png","rw.png"],"version":"1.6.0.0","widgetTree":{"classname":"Panel","name":null,"children":[{"classname":"ImageView","name":null,"children":[],"options":{"__type":"ImageViewSurrogate:#EditorCommon.JsonModel.Component.GUI","classname":"ImageView","name":"z_01","ZOrder":0,"actiontag":57914257,"anchorPointX":0.5,"anchorPointY":0,"classType":"CocoStudio.EngineAdapterWrap.CSImageView","colorB":255,"colorG":255,"colorR":255,"customProperty":"","flipX":true,"flipY":false,"height":122,"ignoreSize":true,"layoutParameter":{"classname":null,"name":null,"align":1,"gravity":0,"layoutEageType":0,"layoutNormalHorizontal":0,"layoutNormalVertical":0,"layoutParentHorizontal":0,"layoutParentVertical":0,"marginDown":0,"marginLeft":402,"marginRight":0,"marginTop":195,"relativeName":"z_01","relativeToName":"root_panel","type":2},"opacity":255,"positionPercentX":0.392605633,"positionPercentY":0.5046875,"positionType":0,"rotation":0,"scaleX":1.08694828,"scaleY":1.08694828,"sizePercentX":0.07746479,"sizePercentY":0.190625,"sizeType":0,"tag":20488,"touchAble":false,"useMergedTexture":false,"visible":true,"width":88,"x":446,"y":323,"capInsetsHeight":1,"capInsetsWidth":1,"capInsetsX":0,"capInsetsY":0,"fileName":null,"fileNameData":{"path":"rw.png","plistFile":"","resourceType":0},"scale9Enable":false,"scale9Height":122,"scale9Width":88}},{"classname":"ImageView","name":null,"children":[],"options":{"__type":"ImageViewSurrogate:#EditorCommon.JsonModel.Component.GUI","classname":"ImageView","name":"z_00","ZOrder":0,"actiontag":40913778,"anchorPointX":0.5,"anchorPointY":0,"classType":"CocoStudio.EngineAdapterWrap.CSImageView","colorB":255,"colorG":255,"colorR":255,"customProperty":"","flipX":true,"flipY":false,"height":122,"ignoreSize":true,"layoutParameter":{"classname":null,"name":null,"align":1,"gravity":0,"layoutEageType":0,"layoutNormalHorizontal":0,"layoutNormalVertical":0,"layoutParentHorizontal":0,"layoutParentVertical":0,"marginDown":0,"marginLeft":403,"marginRight":0,"marginTop":88,"relativeName":"z_00","relativeToName":"root_panel","type":2},"opacity":255,"positionPercentX":0.3934859,"positionPercentY":0.671875,"positionType":0,"rotation":0,"scaleX":1.08694828,"scaleY":1.08694828,"sizePercentX":0.07746479,"sizePercentY":0.190625,"sizeType":0,"tag":7579,"touchAble":false,"useMergedTexture":false,"visible":true,"width":88,"x":447,"y":430,"capInsetsHeight":1,"capInsetsWidth":1,"capInsetsX":0,"capInsetsY":0,"fileName":null,"fileNameData":{"path":"rw.png","plistFile":"","resourceType":0},"scale9Enable":false,"scale9Height":122,"scale9Width":88}},{"classname":"ImageView","name":null,"children":[],"options":{"__type":"ImageViewSurrogate:#EditorCommon.JsonModel.Component.GUI","classname":"ImageView","name":"z_04","ZOrder":0,"actiontag":15945618,"anchorPointX":0.5,"anchorPointY":0,"classType":"CocoStudio.EngineAdapterWrap.CSImageView","colorB":255,"colorG":255,"colorR":255,"customProperty":"","flipX":true,"flipY":false,"height":122,"ignoreSize":true,"layoutParameter":{"classname":null,"name":null,"align":1,"gravity":0,"layoutEageType":0,"layoutNormalHorizontal":0,"layoutNormalVertical":0,"layoutParentHorizontal":0,"layoutParentVertical":0,"marginDown":0,"marginLeft":278,"marginRight":0,"marginTop":194,"relativeName":"z_04","relativeToName":"root_panel","type":2},"opacity":255,"positionPercentX":0.2834507,"positionPercentY":0.50625,"positionType":0,"rotation":0,"scaleX":1.08694828,"scaleY":1.08694828,"sizePercentX":0.07746479,"sizePercentY":0.190625,"sizeType":0,"tag":11074,"touchAble":false,"useMergedTexture":false,"visible":true,"width":88,"x":322,"y":324,"capInsetsHeight":1,"capInsetsWidth":1,"capInsetsX":0,"capInsetsY":0,"fileName":null,"fileNameData":{"path":"rw.png","plistFile":"","resourceType":0},"scale9Enable":false,"scale9Height":122,"scale9Width":88}},{"classname":"ImageView","name":null,"children":[],"options":{"__type":"ImageViewSurrogate:#EditorCommon.JsonModel.Component.GUI","classname":"ImageView","name":"z_07","ZOrder":0,"actiontag":2474105,"anchorPointX":0.5,"anchorPointY":0,"classType":"CocoStudio.EngineAdapterWrap.CSImageView","colorB":255,"colorG":255,"colorR":255,"customProperty":"","flipX":true,"flipY":false,"height":122,"ignoreSize":true,"layoutParameter":{"classname":null,"name":null,"align":1,"gravity":0,"layoutEageType":0,"layoutNormalHorizontal":0,"layoutNormalVertical":0,"layoutParentHorizontal":0,"layoutParentVertical":0,"marginDown":0,"marginLeft":149,"marginRight":0,"marginTop":193,"relativeName":"z_07","relativeToName":"root_panel","type":2},"opacity":255,"positionPercentX":0.169894367,"positionPercentY":0.5078125,"positionType":0,"rotation":0,"scaleX":1.08694828,"scaleY":1.08694828,"sizePercentX":0.07746479,"sizePercentY":0.190625,"sizeType":0,"tag":11076,"touchAble":false,"useMergedTexture":false,"visible":true,"width":88,"x":193,"y":325,"capInsetsHeight":1,"capInsetsWidth":1,"capInsetsX":0,"capInsetsY":0,"fileName":null,"fileNameData":{"path":"rw.png","plistFile":"","resourceType":0},"scale9Enable":false,"scale9Height":122,"scale9Width":88}},{"classname":"ImageView","name":null,"children":[],"options":{"__type":"ImageViewSurrogate:#EditorCommon.JsonModel.Component.GUI","classname":"ImageView","name":"z_02","ZOrder":0,"actiontag":19703524,"anchorPointX":0.5,"anchorPointY":0,"classType":"CocoStudio.EngineAdapterWrap.CSImageView","colorB":255,"colorG":255,"colorR":255,"customProperty":"","flipX":true,"flipY":false,"height":122,"ignoreSize":true,"layoutParameter":{"classname":null,"name":null,"align":1,"gravity":0,"layoutEageType":0,"layoutNormalHorizontal":0,"layoutNormalVertical":0,"layoutParentHorizontal":0,"layoutParentVertical":0,"marginDown":0,"marginLeft":372,"marginRight":0,"marginTop":281,"relativeName":"z_02","relativeToName":"root_panel","type":2},"opacity":255,"positionPercentX":0.366197169,"positionPercentY":0.3703125,"positionType":0,"rotation":0,"scaleX":1.08694828,"scaleY":1.08694828,"sizePercentX":0.07746479,"sizePercentY":0.190625,"sizeType":0,"tag":11080,"touchAble":false,"useMergedTexture":false,"visible":true,"width":88,"x":416,"y":237,"capInsetsHeight":1,"capInsetsWidth":1,"capInsetsX":0,"capInsetsY":0,"fileName":null,"fileNameData":{"path":"rw.png","plistFile":"","resourceType":0},"scale9Enable":false,"scale9Height":122,"scale9Width":88}},{"classname":"ImageView","name":null,"children":[],"options":{"__type":"ImageViewSurrogate:#EditorCommon.JsonModel.Component.GUI","classname":"ImageView","name":"z_05","ZOrder":0,"actiontag":52481591,"anchorPointX":0.5,"anchorPointY":0,"classType":"CocoStudio.EngineAdapterWrap.CSImageView","colorB":255,"colorG":255,"colorR":255,"customProperty":"","flipX":true,"flipY":false,"height":122,"ignoreSize":true,"layoutParameter":{"classname":null,"name":null,"align":1,"gravity":0,"layoutEageType":0,"layoutNormalHorizontal":0,"layoutNormalVertical":0,"layoutParentHorizontal":0,"layoutParentVertical":0,"marginDown":0,"marginLeft":239,"marginRight":0,"marginTop":281,"relativeName":"z_05","relativeToName":"root_panel","type":2},"opacity":255,"positionPercentX":0.249119714,"positionPercentY":0.3703125,"positionType":0,"rotation":0,"scaleX":1.08694828,"scaleY":1.08694828,"sizePercentX":0.07746479,"sizePercentY":0.190625,"sizeType":0,"tag":11081,"touchAble":false,"useMergedTexture":false,"visible":true,"width":88,"x":283,"y":237,"capInsetsHeight":1,"capInsetsWidth":1,"capInsetsX":0,"capInsetsY":0,"fileName":null,"fileNameData":{"path":"rw.png","plistFile":"","resourceType":0},"scale9Enable":false,"scale9Height":122,"scale9Width":88}},{"classname":"ImageView","name":null,"children":[],"options":{"__type":"ImageViewSurrogate:#EditorCommon.JsonModel.Component.GUI","classname":"ImageView","name":"z_08","ZOrder":0,"actiontag":2572272,"anchorPointX":0.5,"anchorPointY":0,"classType":"CocoStudio.EngineAdapterWrap.CSImageView","colorB":255,"colorG":255,"colorR":255,"customProperty":"","flipX":true,"flipY":false,"height":122,"ignoreSize":true,"layoutParameter":{"classname":null,"name":null,"align":1,"gravity":0,"layoutEageType":0,"layoutNormalHorizontal":0,"layoutNormalVertical":0,"layoutParentHorizontal":0,"layoutParentVertical":0,"marginDown":0,"marginLeft":108,"marginRight":0,"marginTop":283,"relativeName":"z_08","relativeToName":"root_panel","type":2},"opacity":255,"positionPercentX":0.133802816,"positionPercentY":0.3671875,"positionType":0,"rotation":0,"scaleX":1.08694828,"scaleY":1.08694828,"sizePercentX":0.07746479,"sizePercentY":0.190625,"sizeType":0,"tag":11082,"touchAble":false,"useMergedTexture":false,"visible":true,"width":88,"x":152,"y":235,"capInsetsHeight":1,"capInsetsWidth":1,"capInsetsX":0,"capInsetsY":0,"fileName":null,"fileNameData":{"path":"rw.png","plistFile":"","resourceType":0},"scale9Enable":false,"scale9Height":122,"scale9Width":88}},{"classname":"ImageView","name":null,"children":[],"options":{"__type":"ImageViewSurrogate:#EditorCommon.JsonModel.Component.GUI","classname":"ImageView","name":"z_03","ZOrder":0,"actiontag":27738612,"anchorPointX":0.5,"anchorPointY":0,"classType":"CocoStudio.EngineAdapterWrap.CSImageView","colorB":255,"colorG":255,"colorR":255,"customProperty":"","flipX":true,"flipY":false,"height":122,"ignoreSize":true,"layoutParameter":{"classname":null,"name":null,"align":1,"gravity":0,"layoutEageType":0,"layoutNormalHorizontal":0,"layoutNormalVertical":0,"layoutParentHorizontal":0,"layoutParentVertical":0,"marginDown":0,"marginLeft":326,"marginRight":0,"marginTop":378,"relativeName":"z_03","relativeToName":"root_panel","type":2},"opacity":255,"positionPercentX":0.325704217,"positionPercentY":0.21875,"positionType":0,"rotation":0,"scaleX":1.08694828,"scaleY":1.08694828,"sizePercentX":0.07746479,"sizePercentY":0.190625,"sizeType":0,"tag":11086,"touchAble":false,"useMergedTexture":false,"visible":true,"width":88,"x":370,"y":140,"capInsetsHeight":1,"capInsetsWidth":1,"capInsetsX":0,"capInsetsY":0,"fileName":null,"fileNameData":{"path":"rw.png","plistFile":"","resourceType":0},"scale9Enable":false,"scale9Height":122,"scale9Width":88}},{"classname":"ImageView","name":null,"children":[],"options":{"__type":"ImageViewSurrogate:#EditorCommon.JsonModel.Component.GUI","classname":"ImageView","name":"z_06","ZOrder":0,"actiontag":32235114,"anchorPointX":0.5,"anchorPointY":0,"classType":"CocoStudio.EngineAdapterWrap.CSImageView","colorB":255,"colorG":255,"colorR":255,"customProperty":"","flipX":true,"flipY":false,"height":122,"ignoreSize":true,"layoutParameter":{"classname":null,"name":null,"align":1,"gravity":0,"layoutEageType":0,"layoutNormalHorizontal":0,"layoutNormalVertical":0,"layoutParentHorizontal":0,"layoutParentVertical":0,"marginDown":0,"marginLeft":198,"marginRight":0,"marginTop":377,"relativeName":"z_06","relativeToName":"root_panel","type":2},"opacity":255,"positionPercentX":0.213028163,"positionPercentY":0.2203125,"positionType":0,"rotation":0,"scaleX":1.08694828,"scaleY":1.08694828,"sizePercentX":0.07746479,"sizePercentY":0.190625,"sizeType":0,"tag":11087,"touchAble":false,"useMergedTexture":false,"visible":true,"width":88,"x":242,"y":141,"capInsetsHeight":1,"capInsetsWidth":1,"capInsetsX":0,"capInsetsY":0,"fileName":null,"fileNameData":{"path":"rw.png","plistFile":"","resourceType":0},"scale9Enable":false,"scale9Height":122,"scale9Width":88}},{"classname":"ImageView","name":null,"children":[],"options":{"__type":"ImageViewSurrogate:#EditorCommon.JsonModel.Component.GUI","classname":"ImageView","name":"z_09","ZOrder":0,"actiontag":21680575,"anchorPointX":0.5,"anchorPointY":0,"classType":"CocoStudio.EngineAdapterWrap.CSImageView","colorB":255,"colorG":255,"colorR":255,"customProperty":"","flipX":true,"flipY":false,"height":122,"ignoreSize":true,"layoutParameter":{"classname":null,"name":null,"align":1,"gravity":0,"layoutEageType":0,"layoutNormalHorizontal":0,"layoutNormalVertical":0,"layoutParentHorizontal":0,"layoutParentVertical":0,"marginDown":0,"marginLeft":66,"marginRight":0,"marginTop":378,"relativeName":"z_09","relativeToName":"root_panel","type":2},"opacity":255,"positionPercentX":0.09683099,"positionPercentY":0.21875,"positionType":0,"rotation":0,"scaleX":1.08694828,"scaleY":1.08694828,"sizePercentX":0.07746479,"sizePercentY":0.190625,"sizeType":0,"tag":11088,"touchAble":false,"useMergedTexture":false,"visible":true,"width":88,"x":110,"y":140,"capInsetsHeight":1,"capInsetsWidth":1,"capInsetsX":0,"capInsetsY":0,"fileName":null,"fileNameData":{"path":"rw.png","plistFile":"","resourceType":0},"scale9Enable":false,"scale9Height":122,"scale9Width":88}},{"classname":"ImageView","name":null,"children":[],"options":{"__type":"ImageViewSurrogate:#EditorCommon.JsonModel.Component.GUI","classname":"ImageView","name":"y_07","ZOrder":0,"actiontag":28187879,"anchorPointX":0.5,"anchorPointY":0,"classType":"CocoStudio.EngineAdapterWrap.CSImageView","colorB":255,"colorG":255,"colorR":255,"customProperty":"","flipX":true,"flipY":false,"height":122,"ignoreSize":true,"layoutParameter":{"classname":null,"name":null,"align":1,"gravity":0,"layoutEageType":0,"layoutNormalHorizontal":0,"layoutNormalVertical":0,"layoutParentHorizontal":0,"layoutParentVertical":0,"marginDown":0,"marginLeft":887,"marginRight":0,"marginTop":204,"relativeName":"y_07","relativeToName":"root_panel","type":2},"opacity":255,"positionPercentX":0.8195422,"positionPercentY":0.490625,"positionType":0,"rotation":0,"scaleX":1.08694828,"scaleY":1.08694828,"sizePercentX":0.07746479,"sizePercentY":0.190625,"sizeType":0,"tag":11098,"touchAble":false,"useMergedTexture":false,"visible":true,"width":88,"x":931,"y":314,"capInsetsHeight":1,"capInsetsWidth":1,"capInsetsX":0,"capInsetsY":0,"fileName":null,"fileNameData":{"path":"rw.png","plistFile":"","resourceType":0},"scale9Enable":false,"scale9Height":122,"scale9Width":88}},{"classname":"ImageView","name":null,"children":[],"options":{"__type":"ImageViewSurrogate:#EditorCommon.JsonModel.Component.GUI","classname":"ImageView","name":"y_04","ZOrder":0,"actiontag":63503959,"anchorPointX":0.5,"anchorPointY":0,"classType":"CocoStudio.EngineAdapterWrap.CSImageView","colorB":255,"colorG":255,"colorR":255,"customProperty":"","flipX":true,"flipY":false,"height":122,"ignoreSize":true,"layoutParameter":{"classname":null,"name":null,"align":1,"gravity":0,"layoutEageType":0,"layoutNormalHorizontal":0,"layoutNormalVertical":0,"layoutParentHorizontal":0,"layoutParentVertical":0,"marginDown":0,"marginLeft":775,"marginRight":0,"marginTop":204,"relativeName":"y_04","relativeToName":"root_panel","type":2},"opacity":255,"positionPercentX":0.7209507,"positionPercentY":0.490625,"positionType":0,"rotation":0,"scaleX":1.08694828,"scaleY":1.08694828,"sizePercentX":0.07746479,"sizePercentY":0.190625,"sizeType":0,"tag":11099,"touchAble":false,"useMergedTexture":false,"visible":true,"width":88,"x":819,"y":314,"capInsetsHeight":1,"capInsetsWidth":1,"capInsetsX":0,"capInsetsY":0,"fileName":null,"fileNameData":{"path":"rw.png","plistFile":"","resourceType":0},"scale9Enable":false,"scale9Height":122,"scale9Width":88}},{"classname":"ImageView","name":null,"children":[],"options":{"__type":"ImageViewSurrogate:#EditorCommon.JsonModel.Component.GUI","classname":"ImageView","name":"y_01","ZOrder":0,"actiontag":34664725,"anchorPointX":0.5,"anchorPointY":0,"classType":"CocoStudio.EngineAdapterWrap.CSImageView","colorB":255,"colorG":255,"colorR":255,"customProperty":"","flipX":true,"flipY":false,"height":122,"ignoreSize":true,"layoutParameter":{"classname":null,"name":null,"align":1,"gravity":0,"layoutEageType":0,"layoutNormalHorizontal":0,"layoutNormalVertical":0,"layoutParentHorizontal":0,"layoutParentVertical":0,"marginDown":0,"marginLeft":664,"marginRight":0,"marginTop":204,"relativeName":"y_01","relativeToName":"root_panel","type":2},"opacity":255,"positionPercentX":0.623239458,"positionPercentY":0.490625,"positionType":0,"rotation":0,"scaleX":1.08694828,"scaleY":1.08694828,"sizePercentX":0.07746479,"sizePercentY":0.190625,"sizeType":0,"tag":11100,"touchAble":false,"useMergedTexture":false,"visible":true,"width":88,"x":708,"y":314,"capInsetsHeight":1,"capInsetsWidth":1,"capInsetsX":0,"capInsetsY":0,"fileName":null,"fileNameData":{"path":"rw.png","plistFile":"","resourceType":0},"scale9Enable":false,"scale9Height":122,"scale9Width":88}},{"classname":"ImageView","name":null,"children":[],"options":{"__type":"ImageViewSurrogate:#EditorCommon.JsonModel.Component.GUI","classname":"ImageView","name":"y_08","ZOrder":0,"actiontag":43547077,"anchorPointX":0.5,"anchorPointY":0,"classType":"CocoStudio.EngineAdapterWrap.CSImageView","colorB":255,"colorG":255,"colorR":255,"customProperty":"","flipX":true,"flipY":false,"height":122,"ignoreSize":true,"layoutParameter":{"classname":null,"name":null,"align":1,"gravity":0,"layoutEageType":0,"layoutNormalHorizontal":0,"layoutNormalVertical":0,"layoutParentHorizontal":0,"layoutParentVertical":0,"marginDown":0,"marginLeft":946,"marginRight":0,"marginTop":277,"relativeName":"y_08","relativeToName":"root_panel","type":2},"opacity":255,"positionPercentX":0.871478856,"positionPercentY":0.3765625,"positionType":0,"rotation":0,"scaleX":1.08694828,"scaleY":1.08694828,"sizePercentX":0.07746479,"sizePercentY":0.190625,"sizeType":0,"tag":11101,"touchAble":false,"useMergedTexture":false,"visible":true,"width":88,"x":990,"y":241,"capInsetsHeight":1,"capInsetsWidth":1,"capInsetsX":0,"capInsetsY":0,"fileName":null,"fileNameData":{"path":"rw.png","plistFile":"","resourceType":0},"scale9Enable":false,"scale9Height":122,"scale9Width":88}},{"classname":"ImageView","name":null,"children":[],"options":{"__type":"ImageViewSurrogate:#EditorCommon.JsonModel.Component.GUI","classname":"ImageView","name":"y_05","ZOrder":0,"actiontag":56379374,"anchorPointX":0.5,"anchorPointY":0,"classType":"CocoStudio.EngineAdapterWrap.CSImageView","colorB":255,"colorG":255,"colorR":255,"customProperty":"","flipX":true,"flipY":false,"height":122,"ignoreSize":true,"layoutParameter":{"classname":null,"name":null,"align":1,"gravity":0,"layoutEageType":0,"layoutNormalHorizontal":0,"layoutNormalVertical":0,"layoutParentHorizontal":0,"layoutParentVertical":0,"marginDown":0,"marginLeft":789,"marginRight":0,"marginTop":277,"relativeName":"y_05","relativeToName":"root_panel","type":2},"opacity":255,"positionPercentX":0.733274639,"positionPercentY":0.3765625,"positionType":0,"rotation":0,"scaleX":1.08694828,"scaleY":1.08694828,"sizePercentX":0.07746479,"sizePercentY":0.190625,"sizeType":0,"tag":11102,"touchAble":false,"useMergedTexture":false,"visible":true,"width":88,"x":833,"y":241,"capInsetsHeight":1,"capInsetsWidth":1,"capInsetsX":0,"capInsetsY":0,"fileName":null,"fileNameData":{"path":"rw.png","plistFile":"","resourceType":0},"scale9Enable":false,"scale9Height":122,"scale9Width":88}},{"classname":"ImageView","name":null,"children":[],"options":{"__type":"ImageViewSurrogate:#EditorCommon.JsonModel.Component.GUI","classname":"ImageView","name":"y_02","ZOrder":0,"actiontag":37652323,"anchorPointX":0.5,"anchorPointY":0,"classType":"CocoStudio.EngineAdapterWrap.CSImageView","colorB":255,"colorG":255,"colorR":255,"customProperty":"","flipX":true,"flipY":false,"height":122,"ignoreSize":true,"layoutParameter":{"classname":null,"name":null,"align":1,"gravity":0,"layoutEageType":0,"layoutNormalHorizontal":0,"layoutNormalVertical":0,"layoutParentHorizontal":0,"layoutParentVertical":0,"marginDown":0,"marginLeft":680,"marginRight":0,"marginTop":277,"relativeName":"y_02","relativeToName":"root_panel","type":2},"opacity":255,"positionPercentX":0.6373239,"positionPercentY":0.3765625,"positionType":0,"rotation":0,"scaleX":1.08694828,"scaleY":1.08694828,"sizePercentX":0.07746479,"sizePercentY":0.190625,"sizeType":0,"tag":11103,"touchAble":false,"useMergedTexture":false,"visible":true,"width":88,"x":724,"y":241,"capInsetsHeight":1,"capInsetsWidth":1,"capInsetsX":0,"capInsetsY":0,"fileName":null,"fileNameData":{"path":"rw.png","plistFile":"","resourceType":0},"scale9Enable":false,"scale9Height":122,"scale9Width":88}},{"classname":"ImageView","name":null,"children":[],"options":{"__type":"ImageViewSurrogate:#EditorCommon.JsonModel.Component.GUI","classname":"ImageView","name":"y_09","ZOrder":0,"actiontag":3326587,"anchorPointX":0.5,"anchorPointY":0,"classType":"CocoStudio.EngineAdapterWrap.CSImageView","colorB":255,"colorG":255,"colorR":255,"customProperty":"","flipX":true,"flipY":false,"height":122,"ignoreSize":true,"layoutParameter":{"classname":null,"name":null,"align":1,"gravity":0,"layoutEageType":0,"layoutNormalHorizontal":0,"layoutNormalVertical":0,"layoutParentHorizontal":0,"layoutParentVertical":0,"marginDown":0,"marginLeft":946,"marginRight":0,"marginTop":368,"relativeName":"y_09","relativeToName":"root_panel","type":2},"opacity":255,"positionPercentX":0.871478856,"positionPercentY":0.234375,"positionType":0,"rotation":0,"scaleX":1.08694828,"scaleY":1.08694828,"sizePercentX":0.07746479,"sizePercentY":0.190625,"sizeType":0,"tag":11104,"touchAble":false,"useMergedTexture":false,"visible":true,"width":88,"x":990,"y":150,"capInsetsHeight":1,"capInsetsWidth":1,"capInsetsX":0,"capInsetsY":0,"fileName":null,"fileNameData":{"path":"rw.png","plistFile":"","resourceType":0},"scale9Enable":false,"scale9Height":122,"scale9Width":88}},{"classname":"ImageView","name":null,"children":[],"options":{"__type":"ImageViewSurrogate:#EditorCommon.JsonModel.Component.GUI","classname":"ImageView","name":"y_06","ZOrder":0,"actiontag":29939289,"anchorPointX":0.5,"anchorPointY":0,"classType":"CocoStudio.EngineAdapterWrap.CSImageView","colorB":255,"colorG":255,"colorR":255,"customProperty":"","flipX":true,"flipY":false,"height":122,"ignoreSize":true,"layoutParameter":{"classname":null,"name":null,"align":1,"gravity":0,"layoutEageType":0,"layoutNormalHorizontal":0,"layoutNormalVertical":0,"layoutParentHorizontal":0,"layoutParentVertical":0,"marginDown":0,"marginLeft":835,"marginRight":0,"marginTop":367,"relativeName":"y_06","relativeToName":"root_panel","type":2},"opacity":255,"positionPercentX":0.7737676,"positionPercentY":0.2359375,"positionType":0,"rotation":0,"scaleX":1.08694828,"scaleY":1.08694828,"sizePercentX":0.07746479,"sizePercentY":0.190625,"sizeType":0,"tag":11105,"touchAble":false,"useMergedTexture":false,"visible":true,"width":88,"x":879,"y":151,"capInsetsHeight":1,"capInsetsWidth":1,"capInsetsX":0,"capInsetsY":0,"fileName":null,"fileNameData":{"path":"rw.png","plistFile":"","resourceType":0},"scale9Enable":false,"scale9Height":122,"scale9Width":88}},{"classname":"ImageView","name":null,"children":[],"options":{"__type":"ImageViewSurrogate:#EditorCommon.JsonModel.Component.GUI","classname":"ImageView","name":"y_03","ZOrder":0,"actiontag":1018149,"anchorPointX":0.5,"anchorPointY":0,"classType":"CocoStudio.EngineAdapterWrap.CSImageView","colorB":255,"colorG":255,"colorR":255,"customProperty":"","flipX":true,"flipY":false,"height":122,"ignoreSize":true,"layoutParameter":{"classname":null,"name":null,"align":1,"gravity":0,"layoutEageType":0,"layoutNormalHorizontal":0,"layoutNormalVertical":0,"layoutParentHorizontal":0,"layoutParentVertical":0,"marginDown":0,"marginLeft":723,"marginRight":0,"marginTop":368,"relativeName":"y_03","relativeToName":"root_panel","type":2},"opacity":255,"positionPercentX":0.6751761,"positionPercentY":0.234375,"positionType":0,"rotation":0,"scaleX":1.08694828,"scaleY":1.08694828,"sizePercentX":0.07746479,"sizePercentY":0.190625,"sizeType":0,"tag":11106,"touchAble":false,"useMergedTexture":false,"visible":true,"width":88,"x":767,"y":150,"capInsetsHeight":1,"capInsetsWidth":1,"capInsetsX":0,"capInsetsY":0,"fileName":null,"fileNameData":{"path":"rw.png","plistFile":"","resourceType":0},"scale9Enable":false,"scale9Height":122,"scale9Width":88}},{"classname":"ImageView","name":null,"children":[],"options":{"__type":"ImageViewSurrogate:#EditorCommon.JsonModel.Component.GUI","classname":"ImageView","name":"y_00","ZOrder":0,"actiontag":26877605,"anchorPointX":0.5,"anchorPointY":0,"classType":"CocoStudio.EngineAdapterWrap.CSImageView","colorB":255,"colorG":255,"colorR":255,"customProperty":"","flipX":true,"flipY":false,"height":122,"ignoreSize":true,"layoutParameter":{"classname":null,"name":null,"align":1,"gravity":0,"layoutEageType":0,"layoutNormalHorizontal":0,"layoutNormalVertical":0,"layoutParentHorizontal":0,"layoutParentVertical":0,"marginDown":0,"marginLeft":663,"marginRight":0,"marginTop":93,"relativeName":"y_00","relativeToName":"root_panel","type":2},"opacity":255,"positionPercentX":0.622359157,"positionPercentY":0.6640625,"positionType":0,"rotation":0,"scaleX":1.08694828,"scaleY":1.08694828,"sizePercentX":0.07746479,"sizePercentY":0.190625,"sizeType":0,"tag":20490,"touchAble":false,"useMergedTexture":false,"visible":true,"width":88,"x":707,"y":425,"capInsetsHeight":1,"capInsetsWidth":1,"capInsetsX":0,"capInsetsY":0,"fileName":null,"fileNameData":{"path":"rw.png","plistFile":"","resourceType":0},"scale9Enable":false,"scale9Height":122,"scale9Width":88}}],"options":{"__type":"PanelSurrogate:#EditorCommon.JsonModel.Component.GUI","classname":"Panel","name":"root_panel","ZOrder":0,"actiontag":-1,"anchorPointX":0,"anchorPointY":0,"classType":"CocoStudio.EngineAdapterWrap.CSPanel","colorB":255,"colorG":255,"colorR":255,"customProperty":"","flipX":false,"flipY":false,"height":640,"ignoreSize":false,"layoutParameter":null,"opacity":255,"positionPercentX":0,"positionPercentY":0,"positionType":0,"rotation":0,"scaleX":1,"scaleY":1,"sizePercentX":1,"sizePercentY":1,"sizeType":0,"tag":7473,"touchAble":true,"useMergedTexture":false,"visible":true,"width":1136,"x":0,"y":0,"adaptScreen":true,"backGroundImage":null,"backGroundImageData":null,"backGroundScale9Enable":false,"bgColorB":255,"bgColorG":200,"bgColorOpacity":0,"bgColorR":150,"bgEndColorB":255,"bgEndColorG":200,"bgEndColorR":150,"bgStartColorB":255,"bgStartColorG":255,"bgStartColorR":255,"capInsetsHeight":1,"capInsetsWidth":1,"capInsetsX":0,"capInsetsY":0,"clipAble":false,"colorType":1,"layoutType":3,"vectorX":0,"vectorY":-0.5}}}