[{"ID(int)":6000,"Type(int)":6,"Name":"黄巾连营1","Description":"汉末十常侍为奸,朝政日非,人心思乱.","MP_use(int)":6,"stage_wave1(int arr)":"[[10003,2,1,0,4],[10005,3,1,0,5],[10009,2,1,0,6],[10010,3,1,0,2],[10008,3,1,0,8]]","stage_wave2(int arr)":"[[10003,1,1,0,5],[10008,1,1,0,4],[10007,2,1,0,6],[10010,2,1,0,2]]","stage_wave3(int arr)":"[[10003,2,1,0,4],[10005,3,1,0,5],[10006,2,1,0,1],[10007,2,1,0,6],[10010,3,1,0,2],[10008,3,1,0,8]]","drop_item(int arr)":"[3000,3001,3002]","drop_rate(int arr)":"[30,40,30]"},{"ID(int)":6001,"Type(int)":6,"Name":"黄巾连营2","Description":"汉末十常侍为奸,朝政日非,人心思乱.","MP_use(int)":6,"stage_wave1(int arr)":"[[10003,2,1,0,4],[10005,3,1,0,5],[10009,2,1,0,6],[10010,3,1,0,2],[10008,3,1,0,8]]","stage_wave2(int arr)":"[[10003,1,1,0,5],[10008,1,1,0,4],[10007,2,1,0,6],[10010,2,1,0,2]]","stage_wave3(int arr)":"[[10003,2,1,0,4],[10005,3,1,0,5],[10006,2,1,0,1],[10007,2,1,0,6],[10010,3,1,0,2],[10008,3,1,0,8]]","drop_item(int arr)":"[3000,3001,3002]","drop_rate(int arr)":"[30,40,30]"},{"ID(int)":6002,"Type(int)":6,"Name":"黄巾连营.乱世","Description":"汉末十常侍为奸,朝政日非,人心思乱.","MP_use(int)":6,"stage_wave1(int arr)":"[[10003,2,1,0,4],[10005,3,1,0,5],[10009,2,1,0,6],[10010,3,1,0,2],[10008,3,1,0,8]]","stage_wave2(int arr)":"[[10003,1,1,0,5],[10008,1,1,0,4],[10007,2,1,0,6],[10010,2,1,0,2]]","stage_wave3(int arr)":"[[10003,2,1,0,4],[10005,3,1,0,5],[10006,2,1,0,1],[10007,2,1,0,6],[10010,3,1,0,2],[10008,3,1,0,8]]","drop_item(int arr)":"[3000,3001,3002,3003]","drop_rate(int arr)":"[25,25,25,25]"},{"ID(int)":6003,"Type(int)":6,"Name":"黄巾连营4","Description":"汉末十常侍为奸,朝政日非,人心思乱.","MP_use(int)":6,"stage_wave1(int arr)":"[[10003,2,1,0,4],[10005,3,1,0,5],[10009,2,1,0,6],[10010,3,1,0,2],[10008,3,1,0,8]]","stage_wave2(int arr)":"[[10003,1,1,0,5],[10008,1,1,0,4],[10007,2,1,0,6],[10010,2,1,0,2]]","stage_wave3(int arr)":"[[10003,2,1,0,4],[10005,3,1,0,5],[10006,2,1,0,1],[10007,2,1,0,6],[10010,3,1,0,2],[10008,3,1,0,8]]","drop_item(int arr)":"[3000,3001,3002,3003]","drop_rate(int arr)":"[25,25,25,25]"},{"ID(int)":6004,"Type(int)":6,"Name":"黄巾连营5","Description":"汉末十常侍为奸,朝政日非,人心思乱.","MP_use(int)":6,"stage_wave1(int arr)":"[[10003,2,1,0,4],[10005,3,1,0,5],[10009,2,1,0,6],[10010,3,1,0,2],[10008,3,1,0,8]]","stage_wave2(int arr)":"[[10003,1,1,0,5],[10008,1,1,0,4],[10007,2,1,0,6],[10010,2,1,0,2]]","stage_wave3(int arr)":"[[10003,2,1,0,4],[10005,3,1,0,5],[10006,2,1,0,1],[10007,2,1,0,6],[10010,3,1,0,2],[10008,3,1,0,8]]","drop_item(int arr)":"[3000,3001,3002,3003]","drop_rate(int arr)":"[25,25,25,25]"},{"ID(int)":6005,"Type(int)":6,"Name":"黄巾连营.英雄之魂","Description":"宴桃园豪杰三结义 斩黄巾英雄首立功","MP_use(int)":6,"stage_wave1(int arr)":"[[10003,2,1,0,4],[10005,3,1,0,5],[10009,2,1,0,6],[10010,3,1,0,2],[10008,3,1,0,8]]","stage_wave2(int arr)":"[[10003,1,1,0,5],[10008,1,1,0,4],[10007,2,1,0,6],[10010,2,1,0,2]]","stage_wave3(int arr)":"[[10003,2,1,0,4],[10005,3,1,0,5],[10006,2,1,0,1],[10007,2,1,0,6],[10010,3,1,0,2],[10008,3,1,0,8]]","drop_item(int arr)":"[3000,3001,3002,3003]","drop_rate(int arr)":"[25,25,25,25]"},{"ID(int)":6006,"Type(int)":6,"Name":"黄巾连营7","Description":"宴桃园豪杰三结义 斩黄巾英雄首立功","MP_use(int)":6,"stage_wave1(int arr)":"[[10003,2,1,0,4],[10005,3,1,0,5],[10009,2,1,0,6],[10010,3,1,0,2],[10008,3,1,0,8]]","stage_wave2(int arr)":"[[10003,1,1,0,5],[10008,1,1,0,4],[10007,2,1,0,6],[10010,2,1,0,2]]","stage_wave3(int arr)":"[[10003,2,1,0,4],[10005,3,1,0,5],[10006,2,1,0,1],[10007,2,1,0,6],[10010,3,1,0,2],[10008,3,1,0,8]]","drop_item(int arr)":"[3000,3001,3002,3003]","drop_rate(int arr)":"[25,25,25,25]"},{"ID(int)":6007,"Type(int)":6,"Name":"黄巾连营8","Description":"宴桃园豪杰三结义 斩黄巾英雄首立功","MP_use(int)":6,"stage_wave1(int arr)":"[[10003,2,1,0,4],[10005,3,1,0,5],[10009,2,1,0,6],[10010,3,1,0,2],[10008,3,1,0,8]]","stage_wave2(int arr)":"[[10003,1,1,0,5],[10008,1,1,0,4],[10007,2,1,0,6],[10010,2,1,0,2]]","stage_wave3(int arr)":"[[10003,2,1,0,4],[10005,3,1,0,5],[10006,2,1,0,1],[10007,2,1,0,6],[10010,3,1,0,2],[10008,3,1,0,8]]","drop_item(int arr)":"[3000,3001,3002,3003]","drop_rate(int arr)":"[25,25,25,25]"},{"ID(int)":6008,"Type(int)":6,"Name":"黄巾连营.乱世","Description":"宴桃园豪杰三结义 斩黄巾英雄首立功","MP_use(int)":6,"stage_wave1(int arr)":"[[10003,2,1,0,4],[10005,3,1,0,5],[10009,2,1,0,6],[10010,3,1,0,2],[10008,3,1,0,8]]","stage_wave2(int arr)":"[[10003,1,1,0,5],[10008,1,1,0,4],[10007,2,1,0,6],[10010,2,1,0,2]]","stage_wave3(int arr)":"[[10003,2,1,0,4],[10005,3,1,0,5],[10006,2,1,0,1],[10007,2,1,0,6],[10010,3,1,0,2],[10008,3,1,0,8]]","drop_item(int arr)":"[3000,3001,3002,3003]","drop_rate(int arr)":"[25,25,25,25]"},{"ID(int)":6009,"Type(int)":6,"Name":"黄巾连营10","Description":"宴桃园豪杰三结义 斩黄巾英雄首立功","MP_use(int)":6,"stage_wave1(int arr)":"[[10003,2,1,0,4],[10005,3,1,0,5],[10009,2,1,0,6],[10010,3,1,0,2],[10008,3,1,0,8]]","stage_wave2(int arr)":"[[10003,1,1,0,5],[10008,1,1,0,4],[10007,2,1,0,6],[10010,2,1,0,2]]","stage_wave3(int arr)":"[[10003,2,1,0,4],[10005,3,1,0,5],[10006,2,1,0,1],[10007,2,1,0,6],[10010,3,1,0,2],[10008,3,1,0,8]]","drop_item(int arr)":"[3000,3001,3002,3003]","drop_rate(int arr)":"[25,25,25,25]"},{"ID(int)":6010,"Type(int)":6,"Name":"黄巾连营11","Description":"宴桃园豪杰三结义 斩黄巾英雄首立功","MP_use(int)":6,"stage_wave1(int arr)":"[[10003,2,1,0,4],[10005,3,1,0,5],[10009,2,1,0,6],[10010,3,1,0,2],[10008,3,1,0,8]]","stage_wave2(int arr)":"[[10003,1,1,0,5],[10008,1,1,0,4],[10007,2,1,0,6],[10010,2,1,0,2]]","stage_wave3(int arr)":"[[10003,2,1,0,4],[10005,3,1,0,5],[10006,2,1,0,1],[10007,2,1,0,6],[10010,3,1,0,2],[10008,3,1,0,8]]","drop_item(int arr)":"[3000,3001,3002,3003]","drop_rate(int arr)":"[25,25,25,25]"},{"ID(int)":6011,"Type(int)":6,"Name":"黄巾连营.乱世","Description":"宴桃园豪杰三结义 斩黄巾英雄首立功","MP_use(int)":6,"stage_wave1(int arr)":"[[10003,2,1,0,4],[10005,3,1,0,5],[10009,2,1,0,6],[10010,3,1,0,2],[10008,3,1,0,8]]","stage_wave2(int arr)":"[[10003,1,1,0,5],[10008,1,1,0,4],[10007,2,1,0,6],[10010,2,1,0,2]]","stage_wave3(int arr)":"[[10003,2,1,0,4],[10005,3,1,0,5],[10006,2,1,0,1],[10007,2,1,0,6],[10010,3,1,0,2],[10008,3,1,0,8]]","drop_item(int arr)":"[3000,3001,3002,3003]","drop_rate(int arr)":"[25,25,25,25]"},{"ID(int)":6012,"Type(int)":6,"Name":"黄巾连营13","Description":"宴桃园豪杰三结义 斩黄巾英雄首立功","MP_use(int)":6,"stage_wave1(int arr)":"[[10003,2,1,0,4],[10005,3,1,0,5],[10009,2,1,0,6],[10010,3,1,0,2],[10008,3,1,0,8]]","stage_wave2(int arr)":"[[10003,1,1,0,5],[10008,1,1,0,4],[10007,2,1,0,6],[10010,2,1,0,2]]","stage_wave3(int arr)":"[[10003,2,1,0,4],[10005,3,1,0,5],[10006,2,1,0,1],[10007,2,1,0,6],[10010,3,1,0,2],[10008,3,1,0,8]]","drop_item(int arr)":"[3000,3001,3002,3003]","drop_rate(int arr)":"[25,25,25,25]"},{"ID(int)":6013,"Type(int)":6,"Name":"黄巾连营14","Description":"宴桃园豪杰三结义 斩黄巾英雄首立功","MP_use(int)":6,"stage_wave1(int arr)":"[[10003,2,1,0,4],[10005,3,1,0,5],[10009,2,1,0,6],[10010,3,1,0,2],[10008,3,1,0,8]]","stage_wave2(int arr)":"[[10003,1,1,0,5],[10008,1,1,0,4],[10007,2,1,0,6],[10010,2,1,0,2]]","stage_wave3(int arr)":"[[10003,2,1,0,4],[10005,3,1,0,5],[10006,2,1,0,1],[10007,2,1,0,6],[10010,3,1,0,2],[10008,3,1,0,8]]","drop_item(int arr)":"[3000,3001,3002,3003]","drop_rate(int arr)":"[25,25,25,25]"},{"ID(int)":6014,"Type(int)":6,"Name":"黄巾连营15","Description":"宴桃园豪杰三结义 斩黄巾英雄首立功","MP_use(int)":6,"stage_wave1(int arr)":"[[10003,2,1,0,4],[10005,3,1,0,5],[10009,2,1,0,6],[10010,3,1,0,2],[10008,3,1,0,8]]","stage_wave2(int arr)":"[[10003,1,1,0,5],[10008,1,1,0,4],[10007,2,1,0,6],[10010,2,1,0,2]]","stage_wave3(int arr)":"[[10003,2,1,0,4],[10005,3,1,0,5],[10006,2,1,0,1],[10007,2,1,0,6],[10010,3,1,0,2],[10008,3,1,0,8]]","drop_item(int arr)":"[3000,3001,3002,3003]","drop_rate(int arr)":"[25,25,25,26]"},{"ID(int)":6015,"Type(int)":6,"Name":"黄巾连营16","Description":"宴桃园豪杰三结义 斩黄巾英雄首立功","MP_use(int)":6,"stage_wave1(int arr)":"[[10003,2,1,0,4],[10005,3,1,0,5],[10009,2,1,0,6],[10010,3,1,0,2],[10008,3,1,0,8]]","stage_wave2(int arr)":"[[10003,1,1,0,5],[10008,1,1,0,4],[10007,2,1,0,6],[10010,2,1,0,2]]","stage_wave3(int arr)":"[[10003,2,1,0,4],[10005,3,1,0,5],[10006,2,1,0,1],[10007,2,1,0,6],[10010,3,1,0,2],[10008,3,1,0,8]]","drop_item(int arr)":"[3000,3001,3002,3003]","drop_rate(int arr)":"[25,25,25,27]"},{"ID(int)":6016,"Type(int)":6,"Name":"黄巾连营17","Description":"宴桃园豪杰三结义 斩黄巾英雄首立功","MP_use(int)":6,"stage_wave1(int arr)":"[[10003,2,1,0,4],[10005,3,1,0,5],[10009,2,1,0,6],[10010,3,1,0,2],[10008,3,1,0,8]]","stage_wave2(int arr)":"[[10003,1,1,0,5],[10008,1,1,0,4],[10007,2,1,0,6],[10010,2,1,0,2]]","stage_wave3(int arr)":"[[10003,2,1,0,4],[10005,3,1,0,5],[10006,2,1,0,1],[10007,2,1,0,6],[10010,3,1,0,2],[10008,3,1,0,8]]","drop_item(int arr)":"[3000,3001,3002,3003]","drop_rate(int arr)":"[25,25,25,28]"},{"ID(int)":6017,"Type(int)":6,"Name":"黄巾连营18","Description":"宴桃园豪杰三结义 斩黄巾英雄首立功","MP_use(int)":6,"stage_wave1(int arr)":"[[10003,2,1,0,4],[10005,3,1,0,5],[10009,2,1,0,6],[10010,3,1,0,2],[10008,3,1,0,8]]","stage_wave2(int arr)":"[[10003,1,1,0,5],[10008,1,1,0,4],[10007,2,1,0,6],[10010,2,1,0,2]]","stage_wave3(int arr)":"[[10003,2,1,0,4],[10005,3,1,0,5],[10006,2,1,0,1],[10007,2,1,0,6],[10010,3,1,0,2],[10008,3,1,0,8]]","drop_item(int arr)":"[3000,3001,3002,3003]","drop_rate(int arr)":"[25,25,25,29]"},{"ID(int)":6018,"Type(int)":6,"Name":"黄巾连营19","Description":"宴桃园豪杰三结义 斩黄巾英雄首立功","MP_use(int)":6,"stage_wave1(int arr)":"[[10003,2,1,0,4],[10005,3,1,0,5],[10009,2,1,0,6],[10010,3,1,0,2],[10008,3,1,0,8]]","stage_wave2(int arr)":"[[10003,1,1,0,5],[10008,1,1,0,4],[10007,2,1,0,6],[10010,2,1,0,2]]","stage_wave3(int arr)":"[[10003,2,1,0,4],[10005,3,1,0,5],[10006,2,1,0,1],[10007,2,1,0,6],[10010,3,1,0,2],[10008,3,1,0,8]]","drop_item(int arr)":"[3000,3001,3002,3003]","drop_rate(int arr)":"[25,25,25,30]"},{"ID(int)":6019,"Type(int)":6,"Name":"黄巾连营20","Description":"宴桃园豪杰三结义 斩黄巾英雄首立功","MP_use(int)":6,"stage_wave1(int arr)":"[[10003,2,1,0,4],[10005,3,1,0,5],[10009,2,1,0,6],[10010,3,1,0,2],[10008,3,1,0,8]]","stage_wave2(int arr)":"[[10003,1,1,0,5],[10008,1,1,0,4],[10007,2,1,0,6],[10010,2,1,0,2]]","stage_wave3(int arr)":"[[10003,2,1,0,4],[10005,3,1,0,5],[10006,2,1,0,1],[10007,2,1,0,6],[10010,3,1,0,2],[10008,3,1,0,8]]","drop_item(int arr)":"[3000,3001,3002,3003]","drop_rate(int arr)":"[25,25,25,31]"},{"ID(int)":6020,"Type(int)":6,"Name":"黄巾连营21","Description":"宴桃园豪杰三结义 斩黄巾英雄首立功","MP_use(int)":6,"stage_wave1(int arr)":"[[10003,2,1,0,4],[10005,3,1,0,5],[10009,2,1,0,6],[10010,3,1,0,2],[10008,3,1,0,8]]","stage_wave2(int arr)":"[[10003,1,1,0,5],[10008,1,1,0,4],[10007,2,1,0,6],[10010,2,1,0,2]]","stage_wave3(int arr)":"[[10003,2,1,0,4],[10005,3,1,0,5],[10006,2,1,0,1],[10007,2,1,0,6],[10010,3,1,0,2],[10008,3,1,0,8]]","drop_item(int arr)":"[3000,3001,3002,3003]","drop_rate(int arr)":"[25,25,25,32]"},{"ID(int)":6021,"Type(int)":6,"Name":"黄巾连营22","Description":"宴桃园豪杰三结义 斩黄巾英雄首立功","MP_use(int)":6,"stage_wave1(int arr)":"[[10003,2,1,0,4],[10005,3,1,0,5],[10009,2,1,0,6],[10010,3,1,0,2],[10008,3,1,0,8]]","stage_wave2(int arr)":"[[10003,1,1,0,5],[10008,1,1,0,4],[10007,2,1,0,6],[10010,2,1,0,2]]","stage_wave3(int arr)":"[[10003,2,1,0,4],[10005,3,1,0,5],[10006,2,1,0,1],[10007,2,1,0,6],[10010,3,1,0,2],[10008,3,1,0,8]]","drop_item(int arr)":"[3000,3001,3002,3003]","drop_rate(int arr)":"[25,25,25,33]"}]