{
  "3000": {
    "name": "tx_zuzhou",
    "texture": "tx_zuzhou0.png",
    "plist": "tx_zuzhou0.plist",
    "exportJson": "tx_zuzhou.ExportJson"
  },
  "3001": {
    "name": "tx_jineng_jiaodi",
    "texture": "tx_jineng_jiaodi0.png",
    "plist": "tx_jineng_jiaodi0.plist",
    "exportJson": "tx_jineng_jiaodi.ExportJson"
  },
  "3002": {
    "name": "tx_jineng_shenshang",
    "texture": "tx_jineng_shenshang0.png",
    "plist": "tx_jineng_shenshang0.plist",
    "exportJson": "tx_jineng_shenshang.ExportJson"
  },
  "3003": {
    "name": "tx_gy_beiji",
    "texture": "tx_gy_beiji0.png",
    "plist": "tx_gy_beiji0.plist",
    "exportJson": "tx_gy_beiji.ExportJson"
  },
  "3004": {
    "name": "tx_dazhao_jiaodi",
    "texture": "tx_dazhao_jiaodi0.png",
    "plist": "tx_dazhao_jiaodi0.plist",
    "exportJson": "tx_dazhao_jiaodi.ExportJson"
  },
  "3005": {
    "name": "tx_dazhang_shenshang",
    "texture": "tx_dazhang_shenshang0.png",
    "plist": "tx_dazhang_shenshang0.plist",
    "exportJson": "tx_dazhang_shenshang.ExportJson"
  },
  "3006": {
    "name": "tx_gy_dazhaotexiaobeihou",
    "texture": "tx_gy_dazhaotexiaobeihou0.png",
    "plist": "tx_gy_dazhaotexiaobeihou0.plist",
    "exportJson": "tx_gy_dazhaotexiaobeihou.ExportJson"
  },
  "3007": {
    "name": "tx_baguang",
    "texture": "tx_baguang0.png",
    "plist": "tx_baguang0.plist",
    "exportJson": "tx_baguang.ExportJson"
  },
  "3008": {
    "name": "tx_bg_jingu",
    "texture": "tx_bg_jingu0.png",
    "plist": "tx_bg_jingu0.plist",
    "exportJson": "tx_bg_jingu.ExportJson"
  },
  "3009": {
    "name": "tx_shandian",
    "texture": "ttx_shandian0.png",
    "plist": "tx_shandian0.plist",
    "exportJson": "tx_shandian.ExportJson"
  },
  "3010": {
    "name": "tx_xuanyun",
    "texture": "tx_xuanyun0.png",
    "plist": "tx_xuanyun0.plist",
    "exportJson": "tx_xuanyun.ExportJson"
  },
  "3011": {
    "name": "tx_beiji_shandianqiu",
    "texture": "tx_beiji_shandianqiu0.png",
    "plist": "tx_beiji_shandianqiu0.plist",
    "exportJson": "tx_beiji_shandianqiu.ExportJson"
  },
  "3012": {
    "name": "dazhaoguangying",
    "texture": "dazhaoguangying0.png",
    "plist": "dazhaoguangying0.plist",
    "exportJson": "dazhaoguangying.ExportJson"
  },
  "3013": {
    "name": "tsc_huodi",
    "texture": "tsc_huodi0.png",
    "plist": "tsc_huodi0.plist",
    "exportJson": "tsc_huodi.ExportJson"
  },
  "3014": {
    "name": "tsc_huowai",
    "texture": "tsc_huowai0.png",
    "plist": "tsc_huowai0.plist",
    "exportJson": "tsc_huowai.ExportJson"
  },
  "3015": {
    "name": "tx_zf_3",
    "texture": "tx_zf_30.png",
    "plist": "tx_zf_30.plist",
    "exportJson": "tx_zf_3.ExportJson"
  },
  "3016": {
    "name": "tx_zf_2",
    "texture": "tx_zf_20.png",
    "plist": "tx_zf_20.plist",
    "exportJson": "tx_zf_2.ExportJson"
  },
  "3017": {
    "name": "tx_jiaxue",
    "texture": "tx_jiaxue0.png",
    "plist": "tx_jiaxue0.plist",
    "exportJson": "tx_jiaxue.ExportJson"
  },
  "3018": {
    "name": "tx_lb_3",
    "texture": "tx_lb_30.png",
    "plist": "tx_lb_30.plist",
    "exportJson": "tx_lb_3.ExportJson"
  },
  "3019": {
    "name": "tx_lb_1_toushang",
    "texture": "tx_lb_1_toushang0.png",
    "plist": "tx_lb_1_toushang0.plist",
    "exportJson": "tx_lb_1_toushang.ExportJson"
  },
  "3020": {
    "name": "tx_lb_1_shenshang",
    "texture": "tx_lb_1_shenshang0.png",
    "plist": "tx_lb_1_shenshang0.plist",
    "exportJson": "tx_lb_1_shenshang.ExportJson"
  },
  "3021": {
    "name": "tx_lb_4",
    "texture": "tx_lb_40.png",
    "plist": "tx_lb_40.plist",
    "exportJson": "tx_lb_4.ExportJson"
  },
  "3022": {
    "name": "tx_smy_yunshi",
    "texture": "tx_smy_yunshi0.png",
    "plist": "tx_smy_yunshi0.plist",
    "exportJson": "tx_smy_yunshi.ExportJson"
  },
  "3023": {
    "name": "tx_smy_huoyushang",
    "texture": "tx_smy_huoyushang0.png",
    "plist": "tx_smy_huoyushang0.plist",
    "exportJson": "tx_smy_huoyushang.ExportJson"
  },
  "3024": {
    "name": "tx_smy_huoyuzhong",
    "texture": "tx_smy_huoyuzhong0.png",
    "plist": "tx_smy_huoyuzhong0.plist",
    "exportJson": "tx_smy_huoyuzhong.ExportJson"
  },
  "3025": {
    "name": "tx_smy_huoyuxia",
    "texture": "tx_smy_huoyuxia0.png",
    "plist": "tx_smy_huoyuxia0.plist",
    "exportJson": "tx_smy_huoyuxia.ExportJson"
  },
  "3026": {
    "name": "tx_smy_3",
    "texture": "tx_smy_30.png",
    "plist": "tx_smy_30.plist",
    "exportJson": "tx_smy_3.ExportJson"
  },
  "3027": {
    "name": "tx_smy_3_jiaodi",
    "texture": "tx_smy_3_jiaodi0.png",
    "plist": "tx_smy_3_jiaodi0.plist",
    "exportJson": "tx_smy_3_jiaodi.ExportJson"
  },
  "3028": {
    "name": "tx_hz_1",
    "texture": "tx_hz_10.png",
    "plist": "tx_hz_10.plist",
    "exportJson": "tx_hz_1.ExportJson"
  },
  "3029": {
    "name": "tx_hz_3",
    "texture": "tx_hz_30.png",
    "plist": "tx_hz_30.plist",
    "exportJson": "tx_hz_3.ExportJson"
  },
  "3030": {
    "name": "tx_gy_gongjian",
    "texture": "tx_gy_gongjian0.png",
    "plist": "tx_gy_gongjian0.plist",
    "exportJson": "tx_gy_gongjian.ExportJson"
  },
  "3031": {
    "name": "qizhi",
    "texture": "qizhi0.png",
    "plist": "qizhi0.plist",
    "exportJson": "qizhi.ExportJson"
  },
  "3032": {
    "name": "wj_baoxiang",
    "texture": "wj_baoxiang0.png",
    "plist": "wj_baoxiang0.plist",
    "exportJson": "wj_baoxiang.ExportJson"
  },
  "3033": {
    "name": "long",
    "texture": "long0.png",
    "plist": "long0.plist",
    "exportJson": "long.ExportJson"
  },
  "3034": {
    "name": "yuanzheng",
    "texture": "yuanzheng0.png",
    "plist": "yuanzheng0.plist",
    "exportJson": "yuanzheng.ExportJson"
  },
  "3035": {
    "name": "yanchong",
    "texture": "yanchong0.png",
    "plist": "yanchong0.plist",
    "exportJson": "yanchong.ExportJson"
  },
  "3036": {
    "name": "tx_xq_3",
    "texture": "tx_xq_30.png",
    "plist": "tx_xq_30.plist",
    "exportJson": "tx_xq_3.ExportJson"
  },
  "3037": {
    "name": "tx_xz_2",
    "texture": "tx_xz_20.png",
    "plist": "tx_xz_20.plist",
    "exportJson": "tx_xz_2.ExportJson"
  },
  "3038": {
    "name": "tx_smy_ptbeiji",
    "texture": "tx_smy_ptbeiji0.png",
    "plist": "tx_smy_ptbeiji0.plist",
    "exportJson": "tx_smy_ptbeiji.ExportJson"
  },
  "3039": {
    "name": "chuchang_xia",
    "texture": "chuchang_xia0.png",
    "plist": "chuchang_xia0.plist",
    "exportJson": "chuchang_xia.ExportJson"
  },
  "3040": {
    "name": "chuchang_shang",
    "texture": "chuchang_shang0.png",
    "plist": "chuchang_shang0.plist",
    "exportJson": "chuchang_shang.ExportJson"
  },
  "3041": {
    "name": "kaizhan",
    "texture": "kaizhan0.png",
    "plist": "kaizhan0.plist",
    "exportJson": "kaizhan.ExportJson"
  },
  "3042": {
    "name": "guangquan",
    "texture": "guangquan0.png",
    "plist": "guangquan0.plist",
    "exportJson": "guangquan.ExportJson"
  },
  "3043": {
    "name": "hudie1",
    "texture": "hudie10.png",
    "plist": "hudie10.plist",
    "exportJson": "hudie1.ExportJson"
  },
  "3044": {
    "name": "shui",
    "texture": "shui0.png",
    "plist": "shui0.plist",
    "exportJson": "shui.ExportJson"
  },
  "3045": {
    "name": "tx_hyy_1_d",
    "texture": "tx_hyy_1_d0.png",
    "plist": "tx_hyy_1_d0.plist",
    "exportJson": "tx_hyy_1_d.ExportJson"
  },
  "3046": {
    "name": "tx_hyy_1_bj",
    "texture": "tx_hyy_1_bj0.png",
    "plist": "tx_hyy_1_bj0.plist",
    "exportJson": "tx_hyy_1_bj.ExportJson"
  },
  "3047": {
    "name": "tx_hz_1_bj",
    "texture": "tx_hz_1_bj0.png",
    "plist": "tx_hz_1_bj0.plist",
    "exportJson": "tx_hz_1_bj.ExportJson"
  },
  "3048": {
    "name": "xq_2_bj",
    "texture": "xq_2_bj0.png",
    "plist": "xq_2_bj0.plist",
    "exportJson": "xq_2_bj.ExportJson"
  },
  "3049": {
    "name": "xq_3_bj",
    "texture": "xq_3_bj0.png",
    "plist": "xq_3_bj0.plist",
    "exportJson": "xq_3_bj.ExportJson"
  },
  "3050": {
    "name": "hudie2",
    "texture": "hudie20.png",
    "plist": "hudie20.plist",
    "exportJson": "hudie2.ExportJson"
  },
  "3051": {
    "name": "hudie3",
    "texture": "hudie30.png",
    "plist": "hudie30.plist",
    "exportJson": "hudie3.ExportJson"
  }
}