[{"ID(int)":3000,"Type(int)":3,"Name":"武器","Description":"杀人越货，居家必备","STR(int)":1,"INT(int)":1,"DEX(int)":0,"HP(int)":0,"ATT(int)":6,"SK_energy(int)":0,"phy_def(int)":0,"sk_def(int)":0,"phy_crit(int)":0,"sk_crit(int)":0,"hp_rest(int)":0,"mp_res(int)":0,"dodge(int)":0,"lower_phy_def(int)":0,"lower_sk_def(int)":0},{"ID(int)":3001,"Type(int)":3,"Name":"头盔","Description":"有了它，头不再痛","STR(int)":0,"INT(int)":0,"DEX(int)":0,"HP(int)":0,"ATT(int)":0,"SK_energy(int)":0,"phy_def(int)":5,"sk_def(int)":0,"phy_crit(int)":0,"sk_crit(int)":0,"hp_rest(int)":0,"mp_res(int)":0,"dodge(int)":0,"lower_phy_def(int)":0,"lower_sk_def(int)":0},{"ID(int)":3002,"Type(int)":3,"Name":"生命药水","Description":"过关后回复生命","STR(int)":0,"INT(int)":0,"DEX(int)":0,"HP(int)":0,"ATT(int)":0,"SK_energy(int)":0,"phy_def(int)":0,"sk_def(int)":0,"phy_crit(int)":0,"sk_crit(int)":0,"hp_rest(int)":200,"mp_res(int)":0,"dodge(int)":0,"lower_phy_def(int)":0,"lower_sk_def(int)":0},{"ID(int)":3003,"Type(int)":3,"Name":"头环","Description":"过关后回复能量","STR(int)":0,"INT(int)":0,"DEX(int)":0,"HP(int)":0,"ATT(int)":0,"SK_energy(int)":6,"phy_def(int)":0,"sk_def(int)":0,"phy_crit(int)":0,"sk_crit(int)":0,"hp_rest(int)":0,"mp_res(int)":200,"dodge(int)":0,"lower_phy_def(int)":0,"lower_sk_def(int)":0},{"ID(int)":3004,"Type(int)":3,"Name":"智力披风","Description":"妈妈再也不用担心我的学习","STR(int)":0,"INT(int)":10,"DEX(int)":0,"HP(int)":0,"ATT(int)":0,"SK_energy(int)":0,"phy_def(int)":0,"sk_def(int)":0,"phy_crit(int)":0,"sk_crit(int)":0,"hp_rest(int)":0,"mp_res(int)":0,"dodge(int)":0,"lower_phy_def(int)":0,"lower_sk_def(int)":0},{"ID(int)":3005,"Type(int)":3,"Name":"靴子","Description":"英雄必备之逃命物品","STR(int)":5,"INT(int)":5,"DEX(int)":5,"HP(int)":0,"ATT(int)":0,"SK_energy(int)":0,"phy_def(int)":0,"sk_def(int)":0,"phy_crit(int)":0,"sk_crit(int)":0,"hp_rest(int)":0,"mp_res(int)":0,"dodge(int)":0,"lower_phy_def(int)":0,"lower_sk_def(int)":0},{"ID(int)":3000,"Type(int)":3,"Name":"武器","Description":"杀人越货，居家必备","STR(int)":1,"INT(int)":1,"DEX(int)":0,"HP(int)":0,"ATT(int)":6,"SK_energy(int)":0,"phy_def(int)":0,"sk_def(int)":0,"phy_crit(int)":0,"sk_crit(int)":0,"hp_rest(int)":0,"mp_res(int)":0,"dodge(int)":0,"lower_phy_def(int)":0,"lower_sk_def(int)":0},{"ID(int)":3001,"Type(int)":3,"Name":"头盔","Description":"有了它，头不再痛","STR(int)":0,"INT(int)":0,"DEX(int)":0,"HP(int)":0,"ATT(int)":0,"SK_energy(int)":0,"phy_def(int)":5,"sk_def(int)":0,"phy_crit(int)":0,"sk_crit(int)":0,"hp_rest(int)":0,"mp_res(int)":0,"dodge(int)":0,"lower_phy_def(int)":0,"lower_sk_def(int)":0},{"ID(int)":3002,"Type(int)":3,"Name":"生命药水","Description":"过关后回复生命","STR(int)":0,"INT(int)":0,"DEX(int)":0,"HP(int)":0,"ATT(int)":0,"SK_energy(int)":0,"phy_def(int)":0,"sk_def(int)":0,"phy_crit(int)":0,"sk_crit(int)":0,"hp_rest(int)":200,"mp_res(int)":0,"dodge(int)":0,"lower_phy_def(int)":0,"lower_sk_def(int)":0},{"ID(int)":3003,"Type(int)":3,"Name":"头环","Description":"过关后回复能量","STR(int)":0,"INT(int)":0,"DEX(int)":0,"HP(int)":0,"ATT(int)":0,"SK_energy(int)":6,"phy_def(int)":0,"sk_def(int)":0,"phy_crit(int)":0,"sk_crit(int)":0,"hp_rest(int)":0,"mp_res(int)":200,"dodge(int)":0,"lower_phy_def(int)":0,"lower_sk_def(int)":0},{"ID(int)":3004,"Type(int)":3,"Name":"智力披风","Description":"妈妈再也不用担心我的学习","STR(int)":0,"INT(int)":10,"DEX(int)":0,"HP(int)":0,"ATT(int)":0,"SK_energy(int)":0,"phy_def(int)":0,"sk_def(int)":0,"phy_crit(int)":0,"sk_crit(int)":0,"hp_rest(int)":0,"mp_res(int)":0,"dodge(int)":0,"lower_phy_def(int)":0,"lower_sk_def(int)":0},{"ID(int)":3005,"Type(int)":3,"Name":"靴子","Description":"英雄必备之逃命物品","STR(int)":5,"INT(int)":5,"DEX(int)":5,"HP(int)":0,"ATT(int)":0,"SK_energy(int)":0,"phy_def(int)":0,"sk_def(int)":0,"phy_crit(int)":0,"sk_crit(int)":0,"hp_rest(int)":0,"mp_res(int)":0,"dodge(int)":0,"lower_phy_def(int)":0,"lower_sk_def(int)":0}]