[{"ID(int)":10000,"Type(int)":0,"Name":"黄月英","Description":"远程法师，拥有强大‘沉默’魔法！","atk_mode(int)":1,"bullet_mode(int)":0,"bullet_type(int)":3,"bullet_rotation(int)":1,"atk_damage_sn(int)":0,"ATK_start(int arr)":"[2,2,1,2,1]","ATK_seq(int arr)":"[2,1,2,2,2]","int_speed(int)":210,"skill_id1(int)":2004,"skill_id2(int)":2005,"skill_id3(int)":2006,"skill_id4(int)":2007,"STR(int)":21,"INT(int)":23,"DEX(int)":15,"SFX_select(int)":28,"SFX_sk1(int)":25,"SFX_sk2(int)":26,"SFX_sk3(int)":-1,"SFX_death(int)":29,"Rate_star(int arr)":"[[1.8,2.8,1.6],[2.8,4.2,2.6],[3.6,5.6,3.2],[4.5,7.8,4.2],[5.4,9.4,4.8]]","ini_star(int)":1,"ini_atk(int)":20,"ini_HP(int)":167,"ini_MP(int)":2,"ini_phy_def(int)":2,"ini_sk_def(int)":0},{"ID(int)":10001,"Type(int)":0,"Name":"诸葛亮","Description":"强力中法，闪电可对敌人造成大范围伤害。","atk_mode(int)":1,"bullet_mode(int)":0,"bullet_type(int)":3,"bullet_rotation(int)":0,"atk_damage_sn(int)":0,"ATK_start(int arr)":"[1,1,1,1,2]","ATK_seq(int arr)":"[1,2,1,1,1]","int_speed(int)":170,"skill_id1(int)":2008,"skill_id2(int)":2009,"skill_id3(int)":2010,"skill_id4(int)":2011,"STR(int)":21,"INT(int)":23,"DEX(int)":15,"SFX_select(int)":33,"SFX_sk1(int)":30,"SFX_sk2(int)":31,"SFX_sk3(int)":32,"SFX_death(int)":34,"Rate_star(int arr)":"[[1.8,2.8,1.6],[2.8,4.2,2.6],[3.6,5.6,3.2],[4.5,7.8,4.2],[5.4,9.4,4.8]]","ini_star(int)":3,"ini_atk(int)":20,"ini_HP(int)":167,"ini_MP(int)":2,"ini_phy_def(int)":-1,"ini_sk_def(int)":0},{"ID(int)":10002,"Type(int)":1,"Name":"刘备","Description":"近程辅助英雄，可对我方队友增加‘防护罩’","atk_mode(int)":0,"bullet_mode(int)":4,"bullet_type(int)":-1,"bullet_rotation(int)":0,"atk_damage_sn(int)":3,"ATK_start(int arr)":"[1,1,1,2,1]","ATK_seq(int arr)":"[1,1,2,1,1]","int_speed(int)":160,"skill_id1(int)":2016,"skill_id2(int)":2017,"skill_id3(int)":2018,"skill_id4(int)":2019,"STR(int)":21,"INT(int)":15,"DEX(int)":17,"SFX_select(int)":43,"SFX_sk1(int)":40,"SFX_sk2(int)":41,"SFX_sk3(int)":-1,"SFX_death(int)":44,"Rate_star(int arr)":"[[3.2,1.5,1.9],[4.2,2.3,2.8],[5.6,3.2,3.8],[6.8,3.8,4.7],[9.2,9.4,5.1]]","ini_star(int)":2,"ini_atk(int)":20,"ini_HP(int)":167,"ini_MP(int)":2,"ini_phy_def(int)":2,"ini_sk_def(int)":0},{"ID(int)":10003,"Type(int)":2,"Name":"黄忠","Description":"远程物理DPS，可全屏火箭攻击!","atk_mode(int)":2,"bullet_mode(int)":0,"bullet_type(int)":0,"bullet_rotation(int)":0,"atk_damage_sn(int)":0,"ATK_start(int arr)":"[2,1,1,1,1]","ATK_seq(int arr)":"[2,1,1,1,1]","int_speed(int)":220,"skill_id1(int)":2000,"skill_id2(int)":2001,"skill_id3(int)":2002,"skill_id4(int)":2003,"STR(int)":15,"INT(int)":18,"DEX(int)":20,"SFX_select(int)":23,"SFX_sk1(int)":20,"SFX_sk2(int)":21,"SFX_sk3(int)":22,"SFX_death(int)":24,"Rate_star(int arr)":"[[2.1,1.9,2.4],[3.1,2.8,3.6],[4.1,3.8,4.8],[5.1,4.7,6.1],[6.2,5.7,7.2]]","ini_star(int)":2,"ini_atk(int)":18,"ini_HP(int)":167,"ini_MP(int)":2,"ini_phy_def(int)":2,"ini_sk_def(int)":0},{"ID(int)":10004,"Type(int)":1,"Name":"张飞","Description":"近程肉，可对近排敌用‘狮子吼’并使敌人晕眩；","atk_mode(int)":0,"bullet_mode(int)":0,"bullet_type(int)":-1,"bullet_rotation(int)":0,"atk_damage_sn(int)":3,"ATK_start(int arr)":"[1,1,1,1,2]","ATK_seq(int arr)":"[1,1,2,1,1]","int_speed(int)":150,"skill_id1(int)":2012,"skill_id2(int)":2013,"skill_id3(int)":2014,"skill_id4(int)":2015,"STR(int)":21,"INT(int)":15,"DEX(int)":17,"SFX_select(int)":38,"SFX_sk1(int)":35,"SFX_sk2(int)":36,"SFX_sk3(int)":37,"SFX_death(int)":39,"Rate_star(int arr)":"[[3.1,1.5,1.9],[4.2,2.3,2.8],[5.6,3.1,3.8],[6.8,3.8,4.7],[9.0,9.4,5.1]]","ini_star(int)":3,"ini_atk(int)":28,"ini_HP(int)":180,"ini_MP(int)":2,"ini_phy_def(int)":2,"ini_sk_def(int)":0},{"ID(int)":10005,"Type(int)":0,"Name":"司马懿","Description":"强力法师，全屏‘流星雨’可使敌人受到法术伤害；","atk_mode(int)":1,"bullet_mode(int)":0,"bullet_type(int)":2,"bullet_rotation(int)":0,"atk_damage_sn(int)":0,"ATK_start(int arr)":"[1,2,1,2,1]","ATK_seq(int arr)":"[2,1,1,2,1]","int_speed(int)":190,"skill_id1(int)":2020,"skill_id2(int)":2021,"skill_id3(int)":2022,"skill_id4(int)":2023,"STR(int)":21,"INT(int)":23,"DEX(int)":15,"SFX_select(int)":48,"SFX_sk1(int)":45,"SFX_sk2(int)":46,"SFX_sk3(int)":47,"SFX_death(int)":49,"Rate_star(int arr)":"[[1.8,2.8,1.6],[2.8,4.7,2.6],[3.6,6.4,3.2],[4.8,8.2,3.7],[5.9,9.8,4.5]]","ini_star(int)":1,"ini_atk(int)":20,"ini_HP(int)":167,"ini_MP(int)":2,"ini_phy_def(int)":-1,"ini_sk_def(int)":0},{"ID(int)":10006,"Type(int)":1,"Name":"大胖子","Description":"近程肉斧子","atk_mode(int)":0,"bullet_mode(int)":0,"bullet_type(int)":-1,"bullet_rotation(int)":0,"atk_damage_sn(int)":5,"ATK_start(int arr)":"[0,0,0,0,0]","ATK_seq(int arr)":"[0,0,0,0,0]","int_speed(int)":150,"skill_id1(int)":0,"skill_id2(int)":0,"skill_id3(int)":0,"skill_id4(int)":0,"STR(int)":21,"INT(int)":15,"DEX(int)":17,"SFX_select(int)":-1,"SFX_sk1(int)":-1,"SFX_sk2(int)":-1,"SFX_sk3(int)":-1,"SFX_death(int)":34,"Rate_star(int arr)":"[[3.1,1.5,1.9],[4.2,2.3,2.8],[5.6,3.1,3.8],[6.8,3.8,4.7],[9.1,9.4,5.1]]","ini_star(int)":2,"ini_atk(int)":20,"ini_HP(int)":167,"ini_MP(int)":2,"ini_phy_def(int)":2,"ini_sk_def(int)":0},{"ID(int)":10007,"Type(int)":2,"Name":"弓箭手","Description":"黄忠代替","atk_mode(int)":2,"bullet_mode(int)":0,"bullet_type(int)":0,"bullet_rotation(int)":0,"atk_damage_sn(int)":0,"ATK_start(int arr)":"[0,0,0,0,0]","ATK_seq(int arr)":"[0,0,0,0,0]","int_speed(int)":210,"skill_id1(int)":0,"skill_id2(int)":0,"skill_id3(int)":0,"skill_id4(int)":0,"STR(int)":15,"INT(int)":18,"DEX(int)":20,"SFX_select(int)":-1,"SFX_sk1(int)":-1,"SFX_sk2(int)":-1,"SFX_sk3(int)":-1,"SFX_death(int)":-1,"Rate_star(int arr)":"[[2.1,1.9,2.4],[3.1,2.8,3.6],[4.2,3.8,4.8],[5.1,4.7,6.1],[6.1,5.7,7.2]]","ini_star(int)":1,"ini_atk(int)":20,"ini_HP(int)":167,"ini_MP(int)":2,"ini_phy_def(int)":2,"ini_sk_def(int)":0},{"ID(int)":10008,"Type(int)":1,"Name":"猪猪车","Description":"远程火球攻击，范围伤害","atk_mode(int)":3,"bullet_mode(int)":2,"bullet_type(int)":4,"bullet_rotation(int)":0,"atk_damage_sn(int)":0,"ATK_start(int arr)":"[0,0,0,0,0]","ATK_seq(int arr)":"[0,0,0,0,0]","int_speed(int)":100,"skill_id1(int)":0,"skill_id2(int)":0,"skill_id3(int)":0,"skill_id4(int)":0,"STR(int)":14,"INT(int)":18,"DEX(int)":20,"SFX_select(int)":-1,"SFX_sk1(int)":-1,"SFX_sk2(int)":-1,"SFX_sk3(int)":-1,"SFX_death(int)":-1,"Rate_star(int arr)":"[[1.8,2.8,1.6],[2.8,4.2,2.6],[3.6,5.6,3.2],[4.5,7.8,4.2],[5.4,9.4,4.8]]","ini_star(int)":1,"ini_atk(int)":20,"ini_HP(int)":167,"ini_MP(int)":2,"ini_phy_def(int)":2,"ini_sk_def(int)":0},{"ID(int)":10009,"Type(int)":0,"Name":"小乔","Description":"群体治疗，并且可离间敌人！","atk_mode(int)":1,"bullet_mode(int)":0,"bullet_type(int)":1,"bullet_rotation(int)":1,"atk_damage_sn(int)":0,"ATK_start(int arr)":"[1,1,1,2,1]","ATK_seq(int arr)":"[1,1,1,1,1]","int_speed(int)":140,"skill_id1(int)":2025,"skill_id2(int)":2026,"skill_id3(int)":2027,"skill_id4(int)":2028,"STR(int)":16,"INT(int)":22,"DEX(int)":16,"SFX_select(int)":54,"SFX_sk1(int)":50,"SFX_sk2(int)":51,"SFX_sk3(int)":52,"SFX_death(int)":53,"Rate_star(int arr)":"[[1.8,2.8,1.6],[2.8,4.2,2.6],[3.6,5.6,3.2],[4.5,7.8,4.2],[5.4,9.4,4.8]]","ini_star(int)":1,"ini_atk(int)":20,"ini_HP(int)":167,"ini_MP(int)":2,"ini_phy_def(int)":-1,"ini_sk_def(int)":0},{"ID(int)":10010,"Type(int)":1,"Name":"许褚","Description":"前排辅助英雄，‘砸地’技能使前排敌人晕眩！","atk_mode(int)":0,"bullet_mode(int)":0,"bullet_type(int)":-1,"bullet_rotation(int)":0,"atk_damage_sn(int)":3,"ATK_start(int arr)":"[1,2,1,2,1]","ATK_seq(int arr)":"[1,2,1,2,2]","int_speed(int)":110,"skill_id1(int)":2029,"skill_id2(int)":2030,"skill_id3(int)":2031,"skill_id4(int)":2032,"STR(int)":23,"INT(int)":15,"DEX(int)":20,"SFX_select(int)":59,"SFX_sk1(int)":55,"SFX_sk2(int)":56,"SFX_sk3(int)":57,"SFX_death(int)":58,"Rate_star(int arr)":"[[3.1,1.5,1.9],[4.2,2.3,2.8],[5.6,3.1,3.8],[6.8,3.8,4.7],[9.0,9.4,5.1]]","ini_star(int)":2,"ini_atk(int)":30,"ini_HP(int)":167,"ini_MP(int)":2,"ini_phy_def(int)":2,"ini_sk_def(int)":0}]