{
  "10000": {
    "name": "huangyueying",
    "texture": "huangyueying0.png",
    "plist": "huangyueying0.plist",
    "exportJson": "huangyueying.ExportJson"
  },
  "10001": {
    "name": "zhugeliang",
    "texture": "zhugeliang0.png",
    "plist": "zhugeliang0.plist",
    "exportJson": "zhugeliang.ExportJson"
  },
  "10002": {
    "name": "liubei",
    "texture": "liubei0.png",
    "plist": "liubei0.plist",
    "exportJson": "liubei.ExportJson"
  },
  "10003": {
    "name": "huangzhong",
    "texture": "huangzhong0.png",
    "plist": "huangzhong0.plist",
    "exportJson": "huangzhong.ExportJson"
  },
  "10004": {
    "name": "zhangfei",
    "texture": "zhangfei0.png",
    "plist": "zhangfei0.plist",
    "exportJson": "zhangfei.ExportJson"
  },
  "10005": {
    "name": "simayi",
    "texture": "simayi0.png",
    "plist": "simayi0.plist",
    "exportJson": "simayi.ExportJson"
  },
  "10006": {
    "name": "xuzhu",
    "texture": "xuzhu0.png",
    "plist": "xuzhu0.plist",
    "exportJson": "xuzhu.ExportJson"
  },
  "10007": {
    "name": "huangzhong",
    "texture": "huangzhong0.png",
    "plist": "huangzhong0.plist",
    "exportJson": "huangzhong.ExportJson"
  },
  "10008": {
    "name": "toushiche",
    "texture": "toushiche0.png",
    "plist": "toushiche0.plist",
    "exportJson": "toushiche.ExportJson"
  },
  "10009": {
    "name": "xiaoqiao",
    "texture": "xiaoqiao0.png",
    "plist": "xiaoqiao0.plist",
    "exportJson": "xiaoqiao.ExportJson"
  },
  "10010": {
    "name": "xuzhu",
    "texture": "xuzhu0.png",
    "plist": "xuzhu0.plist",
    "exportJson": "xuzhu.ExportJson"
  }
}