[
  {
    "ID(int)": 2000,
    "Type(int)": 0,
    "Name": "百步穿杨",
    "Description": "射出3支大火箭，对全体敌人造成伤害",
    "Description_add": "每支箭增加&点伤害",
    "object_type(int)": 1,
    "object(int)": 0,
    "if_damage(int)": 1,
    "inturreput(int)": 0,
    "intureput_lv(int)": -1,
    "buff_type(int)": -1,
    "base_data(float)": 45,
    "add_data(float)": 5,
    "sk_time(int)": 0,
    "Null": "null"
  },
  {
    "ID(int)": 2001,
    "Type(int)": 0,
    "Name": "穿刺箭",
    "Description": "前排单体物理伤害，比普通伤害高出许多",
    "Description_add": "比普通伤害高出&",
    "object_type(int)": 1,
    "object(int)": 3,
    "if_damage(int)": 1,
    "inturreput(int)": 0,
    "intureput_lv(int)": -1,
    "buff_type(int)": 1,
    "base_data(float)": 80,
    "add_data(float)": 10,
    "sk_time(int)": 0,
    "Null": "null"
  },
  {
    "ID(int)": 2002,
    "Type(int)": 0,
    "Name": "急速射击",
    "Description": "提高黄忠射击速度，持续时间为3回合",
    "Description_add": "增加&的攻击速度",
    "object_type(int)": 0,
    "object(int)": 3,
    "if_damage(int)": 0,
    "inturreput(int)": 0,
    "intureput_lv(int)": -1,
    "buff_type(int)": 6,
    "base_data(float)": 25,
    "add_data(float)": 5,
    "sk_time(int)": 3,
    "Null": "null"
  },
  {
    "ID(int)": 2003,
    "Type(int)": 2,
    "Name": "精准",
    "Description": "提升远程部队的攻击力",
    "Description_add": "提升&攻击力",
    "object_type(int)": 0,
    "object(int)": 0,
    "if_damage(int)": 0,
    "inturreput(int)": 0,
    "intureput_lv(int)": -1,
    "buff_type(int)": 1,
    "base_data(float)": 10,
    "add_data(float)": 2,
    "sk_time(int)": -1,
    "Null": "null"
  },
  {
    "ID(int)": 2004,
    "Type(int)": 0,
    "Name": "沉默",
    "Description": "敌方角色集体沉默",
    "Description_add": "对&级以下的敌人必中",
    "object_type(int)": 1,
    "object(int)": 0,
    "if_damage(int)": 0,
    "inturreput(int)": 1,
    "intureput_lv(int)": 20,
    "buff_type(int)": 13,
    "base_data(float)": 20,
    "add_data(float)": 1,
    "sk_time(int)": 3,
    "Null": "null"
  },
  {
    "ID(int)": 2005,
    "Type(int)": 0,
    "Name": "无言",
    "Description": "随机单个敌人沉默",
    "Description_add": "对&级以下的敌人必中",
    "object_type(int)": 1,
    "object(int)": 4,
    "if_damage(int)": 0,
    "inturreput(int)": 1,
    "intureput_lv(int)": 20,
    "buff_type(int)": 13,
    "base_data(float)": 20,
    "add_data(float)": 1,
    "sk_time(int)": 2,
    "Null": "null"
  },
  {
    "ID(int)": 2006,
    "Type(int)": 0,
    "Name": "诅咒",
    "Description": "对随机单个敌人造成一定的法术伤害",
    "Description_add": "造成&点的法术伤害",
    "object_type(int)": 1,
    "object(int)": 4,
    "if_damage(int)": 2,
    "inturreput(int)": 0,
    "intureput_lv(int)": -1,
    "buff_type(int)": 20,
    "base_data(float)": 80,
    "add_data(float)": 5,
    "sk_time(int)": 2,
    "Null": "null"
  },
  {
    "ID(int)": 2007,
    "Type(int)": 2,
    "Name": "祝福",
    "Description": "每回合增加所有成员怒气值",
    "Description_add": "每回合增加&点怒气值",
    "object_type(int)": 0,
    "object(int)": 0,
    "if_damage(int)": 0,
    "inturreput(int)": 0,
    "intureput_lv(int)": -1,
    "buff_type(int)": 22,
    "base_data(float)": 70,
    "add_data(float)": 2,
    "sk_time(int)": -1,
    "Null": "null"
  },
  {
    "ID(int)": 2008,
    "Type(int)": 0,
    "Name": "雷霆闪电",
    "Description": "全屏闪电击中所有敌人，并产生大量的法术伤害以及3秒晕眩",
    "Description_add": "对全屏敌人进行&点技能伤害",
    "object_type(int)": 1,
    "object(int)": 0,
    "if_damage(int)": 2,
    "inturreput(int)": 0,
    "intureput_lv(int)": -1,
    "buff_type(int)": -1,
    "base_data(float)": 120,
    "add_data(float)": 5,
    "sk_time(int)": 2,
    "Null": "null"
  },
  {
    "ID(int)": 2009,
    "Type(int)": 0,
    "Name": "八卦阵",
    "Description": "当前怒气值最高的敌人被禁锢，无法参与战斗；",
    "Description_add": "敌方每秒减少怒气值&点",
    "object_type(int)": 1,
    "object(int)": 7,
    "if_damage(int)": 0,
    "inturreput(int)": 0,
    "intureput_lv(int)": -1,
    "buff_type(int)": 17,
    "base_data(float)": 50,
    "add_data(float)": 10,
    "sk_time(int)": 3,
    "Null": "null"
  },
  {
    "ID(int)": 2010,
    "Type(int)": 0,
    "Name": "闪电",
    "Description": "随机单体闪电伤害200，可打断技能；",
    "Description_add": "对敌人造成&法术伤害",
    "object_type(int)": 1,
    "object(int)": 4,
    "if_damage(int)": 2,
    "inturreput(int)": 1,
    "intureput_lv(int)": 20,
    "buff_type(int)": -1,
    "base_data(float)": 200,
    "add_data(float)": 12,
    "sk_time(int)": 0,
    "Null": "null"
  },
  {
    "ID(int)": 2011,
    "Type(int)": 1,
    "Name": "鼓舞",
    "Description": "提升技能法术强度，增加300点魔法强度",
    "Description_add": "提升法术强度&",
    "object_type(int)": 0,
    "object(int)": 3,
    "if_damage(int)": 0,
    "inturreput(int)": 0,
    "intureput_lv(int)": -1,
    "buff_type(int)": 5,
    "base_data(float)": 80,
    "add_data(float)": 12,
    "sk_time(int)": -1,
    "Null": "null"
  },
  {
    "ID(int)": 2012,
    "Type(int)": 0,
    "Name": "断桥吼",
    "Description": "击晕所有敌人，并带有一定的物理伤害；",
    "Description_add": "对所有敌人造成&点物理伤害",
    "object_type(int)": 1,
    "object(int)": 0,
    "if_damage(int)": 1,
    "inturreput(int)": 1,
    "intureput_lv(int)": -1,
    "buff_type(int)": 16,
    "base_data(float)": 35,
    "add_data(float)": 4,
    "sk_time(int)": 1,
    "Null": "null"
  },
  {
    "ID(int)": 2013,
    "Type(int)": 0,
    "Name": "震裂冲击",
    "Description": "对横排敌人造成一定的物理伤害",
    "Description_add": "对前，中排敌人造成&点物理伤害",
    "object_type(int)": 1,
    "object(int)": 2,
    "if_damage(int)": 1,
    "inturreput(int)": 0,
    "intureput_lv(int)": -1,
    "buff_type(int)": -1,
    "base_data(float)": 50,
    "add_data(float)": 4,
    "sk_time(int)": -1,
    "Null": "null"
  },
  {
    "ID(int)": 2014,
    "Type(int)": 0,
    "Name": "刚烈之躯",
    "Description": "怒吼，增加自身的生命",
    "Description_add": "增加&点生命",
    "object_type(int)": 0,
    "object(int)": 3,
    "if_damage(int)": 0,
    "inturreput(int)": 0,
    "intureput_lv(int)": -1,
    "buff_type(int)": 0,
    "base_data(float)": 90,
    "add_data(float)": 5,
    "sk_time(int)": -1,
    "Null": "null"
  },
  {
    "ID(int)": 2015,
    "Type(int)": 1,
    "Name": "坚毅",
    "Description": "属性强化，增加护甲；",
    "Description_add": "增加&点护甲",
    "object_type(int)": 0,
    "object(int)": 3,
    "if_damage(int)": 0,
    "inturreput(int)": 0,
    "intureput_lv(int)": -1,
    "buff_type(int)": 2,
    "base_data(float)": 10,
    "add_data(float)": 4,
    "sk_time(int)": -1,
    "Null": "null"
  },
  {
    "ID(int)": 2016,
    "Type(int)": 0,
    "Name": "仁德",
    "Description": "对所有角色增加魔法保护罩",
    "Description_add": "我方成员吸收&点法术伤害",
    "object_type(int)": 0,
    "object(int)": 0,
    "if_damage(int)": 0,
    "inturreput(int)": 0,
    "intureput_lv(int)": -1,
    "buff_type(int)": 12,
    "base_data(float)": 500,
    "add_data(float)": 12,
    "sk_time(int)": 2,
    "Null": "null"
  },
  {
    "ID(int)": 2017,
    "Type(int)": 0,
    "Name": "圣光",
    "Description": "对已方一个血量最少的角色加血",
    "Description_add": "增加&点血量",
    "object_type(int)": 0,
    "object(int)": 6,
    "if_damage(int)": 0,
    "inturreput(int)": 0,
    "intureput_lv(int)": -1,
    "buff_type(int)": 0,
    "base_data(float)": 300,
    "add_data(float)": 10,
    "sk_time(int)": 0,
    "Null": "null"
  },
  {
    "ID(int)": 2018,
    "Type(int)": 0,
    "Name": "激励",
    "Description": "给我方怒气值最高（不包括怒气值已满）的武将增加50的怒气值",
    "Description_add": "增加&点怒气值",
    "object_type(int)": 0,
    "object(int)": 7,
    "if_damage(int)": 0,
    "inturreput(int)": 0,
    "intureput_lv(int)": -1,
    "buff_type(int)": 5,
    "base_data(float)": 50,
    "add_data(float)": 3,
    "sk_time(int)": 0,
    "Null": "null"
  },
  {
    "ID(int)": 2019,
    "Type(int)": 2,
    "Name": "祈福",
    "Description": "提高所有成员的物理护甲",
    "Description_add": "增加&护甲",
    "object_type(int)": 0,
    "object(int)": 0,
    "if_damage(int)": 0,
    "inturreput(int)": 0,
    "intureput_lv(int)": -1,
    "buff_type(int)": 2,
    "base_data(float)": 5,
    "add_data(float)": 1,
    "sk_time(int)": -1,
    "Null": "null"
  },
  {
    "ID(int)": 2020,
    "Type(int)": 0,
    "Name": "火雨",
    "Description": "对所有敌人下火雨，造成法术伤害和持续燃烧伤害；",
    "Description_add": "造成&点法术伤害",
    "object_type(int)": 1,
    "object(int)": 0,
    "if_damage(int)": 2,
    "inturreput(int)": 1,
    "intureput_lv(int)": -1,
    "buff_type(int)": 21,
    "base_data(float)": 10,
    "add_data(float)": 5,
    "sk_time(int)": 2,
    "Null": "null"
  },
  {
    "ID(int)": 2021,
    "Type(int)": 0,
    "Name": "陨石火球",
    "Description": "对前排敌人放出大火球，法术伤害和短暂晕眩；",
    "Description_add": "造成&点法术伤害",
    "object_type(int)": 1,
    "object(int)": 1,
    "if_damage(int)": 2,
    "inturreput(int)": 0,
    "intureput_lv(int)": -1,
    "buff_type(int)": 16,
    "base_data(float)": 50,
    "add_data(float)": 6,
    "sk_time(int)": 1,
    "Null": "null"
  },
  {
    "ID(int)": 2022,
    "Type(int)": 0,
    "Name": "火焰暴烈",
    "Description": "对十字范围敌人进行伤害，爆烈火焰，50点法术伤害和短暂晕眩；",
    "Description_add": "对十字型范围敌人造成&点法术伤害",
    "object_type(int)": 1,
    "object(int)": 8,
    "if_damage(int)": 2,
    "inturreput(int)": 1,
    "intureput_lv(int)": -1,
    "buff_type(int)": 16,
    "base_data(float)": 50,
    "add_data(float)": 7,
    "sk_time(int)": 2,
    "Null": "null"
  },
  {
    "ID(int)": 2023,
    "Type(int)": 1,
    "Name": "法力",
    "Description": "提升技能法术强度，增加300点魔法强度",
    "Description_add": "提升法术强度&",
    "object_type(int)": 0,
    "object(int)": 3,
    "if_damage(int)": 0,
    "inturreput(int)": 0,
    "intureput_lv(int)": -1,
    "buff_type(int)": -1,
    "base_data(float)": 300,
    "add_data(float)": 10,
    "sk_time(int)": -1,
    "Null": "null"
  },
  {
    "ID(int)": 2024,
    "Type(int)": 0,
    "Name": "战车",
    "Description": "对敌方范围伤害",
    "Description_add": "对敌方范围伤害",
    "object_type(int)": 1,
    "object(int)": 8,
    "if_damage(int)": 1,
    "inturreput(int)": 0,
    "intureput_lv(int)": -1,
    "buff_type(int)": 21,
    "base_data(float)": 110,
    "add_data(float)": 20,
    "sk_time(int)": 1,
    "Null": "null"
  },
  {
    "ID(int)": 2025,
    "Type(int)": 0,
    "Name": "萌萌达",
    "Description": "召唤大自然力量，给我方全体加血 ",
    "Description_add": "给我方全体成员加血:&",
    "object_type(int)": 0,
    "object(int)": 0,
    "if_damage(int)": 0,
    "inturreput(int)": 0,
    "intureput_lv(int)": -1,
    "buff_type(int)": 0,
    "base_data(float)": 100,
    "add_data(float)": 5,
    "sk_time(int)": 1,
    "Null": "null"
  },
  {
    "ID(int)": 2026,
    "Type(int)": 0,
    "Name": "穿刺",
    "Description": "造成额外的法术伤害；",
    "Description_add": "提升&伤害",
    "object_type(int)": 1,
    "object(int)": 3,
    "if_damage(int)": 2,
    "inturreput(int)": 0,
    "intureput_lv(int)": -1,
    "buff_type(int)": 3,
    "base_data(float)": 50,
    "add_data(float)": 5,
    "sk_time(int)": 0,
    "Null": "null"
  },
  {
    "ID(int)": 2027,
    "Type(int)": 0,
    "Name": "离间",
    "Description": "离间一个敌人，让他攻击自己同伴",
    "Description_add": "对等级&以下的敌人必然命中‘离间’",
    "object_type(int)": 1,
    "object(int)": 3,
    "if_damage(int)": 0,
    "inturreput(int)": 1,
    "intureput_lv(int)": 20,
    "buff_type(int)": 18,
    "base_data(float)": 0,
    "add_data(float)": 0,
    "sk_time(int)": 1,
    "Null": "null"
  },
  {
    "ID(int)": 2028,
    "Type(int)": 1,
    "Name": "神圣",
    "Description": "增加物理护甲，降低自己所受到的物理伤害；",
    "Description_add": "增加物理防御",
    "object_type(int)": 0,
    "object(int)": 3,
    "if_damage(int)": 0,
    "inturreput(int)": 0,
    "intureput_lv(int)": -1,
    "buff_type(int)": 2,
    "base_data(float)": 12,
    "add_data(float)": 6,
    "sk_time(int)": -1,
    "Null": "null"
  },
  {
    "ID(int)": 2029,
    "Type(int)": 0,
    "Name": "虎痴",
    "Description": "用大铁锤击晕所有敌方角色，并受到法术伤害",
    "Description_add": "对敌人造成魔法伤害；",
    "object_type(int)": 1,
    "object(int)": 0,
    "if_damage(int)": 2,
    "inturreput(int)": 1,
    "intureput_lv(int)": -1,
    "buff_type(int)": 16,
    "base_data(float)": 35,
    "add_data(float)": 4,
    "sk_time(int)": 0,
    "Null": "null"
  },
  {
    "ID(int)": 2030,
    "Type(int)": 0,
    "Name": "虎威",
    "Description": "大吼一声，降低前排敌人的护甲；",
    "Description_add": "降低敌人护甲&",
    "object_type(int)": 1,
    "object(int)": 1,
    "if_damage(int)": 0,
    "inturreput(int)": 0,
    "intureput_lv(int)": -1,
    "buff_type(int)": 2,
    "base_data(float)": -5,
    "add_data(float)": -2,
    "sk_time(int)": 1,
    "Null": "null"
  },
  {
    "ID(int)": 2031,
    "Type(int)": 0,
    "Name": "裸衣",
    "Description": "挥舞铁锤，对竖排的敌人产生物理伤害；",
    "Description_add": "对敌人造成&的物理伤害",
    "object_type(int)": 1,
    "object(int)": 2,
    "if_damage(int)": 1,
    "inturreput(int)": 0,
    "intureput_lv(int)": -1,
    "buff_type(int)": -1,
    "base_data(float)": 60,
    "add_data(float)": 6,
    "sk_time(int)": 0,
    "Null": "null"
  },
  {
    "ID(int)": 2032,
    "Type(int)": 1,
    "Name": "虎威",
    "Description": "增加自身的护甲；",
    "Description_add": "增加&点护甲",
    "object_type(int)": 0,
    "object(int)": 3,
    "if_damage(int)": 0,
    "inturreput(int)": 0,
    "intureput_lv(int)": -1,
    "buff_type(int)": 2,
    "base_data(float)": 12,
    "add_data(float)": 3,
    "sk_time(int)": -1,
    "Null": "null"
  },
  {
    "ID(int)": 2033,
    "Type(int)": 2,
    "Name": "神速",
    "Description": "宠物：神龙加攻速",
    "Description_add": "增加&攻速",
    "object_type(int)": 0,
    "object(int)": 0,
    "if_damage(int)": 0,
    "inturreput(int)": 0,
    "intureput_lv(int)": 0,
    "buff_type(int)": 6,
    "base_data(float)": 10,
    "add_data(float)": 5,
    "sk_time(int)": -1,
    "Null": "null"
  },
  {
    "ID(int)": "null",
    "Type(int)": "null",
    "Name": "null",
    "Description": "null",
    "Description_add": "null",
    "object_type(int)": "null",
    "object(int)": "null",
    "if_damage(int)": "null",
    "inturreput(int)": "null",
    "intureput_lv(int)": "null",
    "buff_type(int)": "null",
    "base_data(float)": "null",
    "add_data(float)": "null",
    "sk_time(int)": "null",
    "Null": "null"
  },
  {
    "ID(int)": "null",
    "Type(int)": "null",
    "Name": "null",
    "Description": "null",
    "Description_add": "null",
    "object_type(int)": "null",
    "object(int)": "null",
    "if_damage(int)": "null",
    "inturreput(int)": "null",
    "intureput_lv(int)": "null",
    "buff_type(int)": "null",
    "base_data(float)": "null",
    "add_data(float)": "null",
    "sk_time(int)": "null",
    "Null": "null"
  },
  {
    "ID(int)": "null",
    "Type(int)": "null",
    "Name": "null",
    "Description": "null",
    "Description_add": "null",
    "object_type(int)": "null",
    "object(int)": "null",
    "if_damage(int)": "null",
    "inturreput(int)": "null",
    "intureput_lv(int)": "null",
    "buff_type(int)": "null",
    "base_data(float)": "null",
    "add_data(float)": "null",
    "sk_time(int)": "null",
    "Null": "null"
  },
  {
    "ID(int)": "null",
    "Type(int)": "null",
    "Name": "null",
    "Description": "null",
    "Description_add": "null",
    "object_type(int)": "null",
    "object(int)": "null",
    "if_damage(int)": "null",
    "inturreput(int)": "null",
    "intureput_lv(int)": "null",
    "buff_type(int)": "null",
    "base_data(float)": "null",
    "add_data(float)": "null",
    "sk_time(int)": "null",
    "Null": "null"
  },
  {
    "ID(int)": "null",
    "Type(int)": "null",
    "Name": "null",
    "Description": "null",
    "Description_add": "null",
    "object_type(int)": "null",
    "object(int)": "null",
    "if_damage(int)": "null",
    "inturreput(int)": "null",
    "intureput_lv(int)": "null",
    "buff_type(int)": "null",
    "base_data(float)": "null",
    "add_data(float)": "null",
    "sk_time(int)": "null",
    "Null": "null"
  },
  {
    "ID(int)": "null",
    "Type(int)": "null",
    "Name": "null",
    "Description": "null",
    "Description_add": "null",
    "object_type(int)": "null",
    "object(int)": "null",
    "if_damage(int)": "null",
    "inturreput(int)": "null",
    "intureput_lv(int)": "null",
    "buff_type(int)": "null",
    "base_data(float)": "null",
    "add_data(float)": "null",
    "sk_time(int)": "null",
    "Null": "null"
  },
  {
    "ID(int)": "null",
    "Type(int)": "null",
    "Name": "null",
    "Description": "null",
    "Description_add": "null",
    "object_type(int)": "null",
    "object(int)": "null",
    "if_damage(int)": "null",
    "inturreput(int)": "null",
    "intureput_lv(int)": "null",
    "buff_type(int)": "null",
    "base_data(float)": "null",
    "add_data(float)": "null",
    "sk_time(int)": "null",
    "Null": "null"
  },
  {
    "ID(int)": "null",
    "Type(int)": "null",
    "Name": "null",
    "Description": "null",
    "Description_add": "null",
    "object_type(int)": "null",
    "object(int)": "null",
    "if_damage(int)": "null",
    "inturreput(int)": "null",
    "intureput_lv(int)": "null",
    "buff_type(int)": "null",
    "base_data(float)": "null",
    "add_data(float)": "null",
    "sk_time(int)": "null",
    "Null": "null"
  },
  {
    "ID(int)": "null",
    "Type(int)": "null",
    "Name": "null",
    "Description": "null",
    "Description_add": "null",
    "object_type(int)": "null",
    "object(int)": "null",
    "if_damage(int)": "null",
    "inturreput(int)": "null",
    "intureput_lv(int)": "null",
    "buff_type(int)": "null",
    "base_data(float)": "null",
    "add_data(float)": "null",
    "sk_time(int)": "null",
    "Null": "null"
  }
]